source_id,url,fetched_at
S6:100033,https://api.mfapi.in/mf/100033,2026-10-04 12:07:42.772681+00:00
S6:100038,https://api.mfapi.in/mf/100038,2026-10-04 12:08:02.899297+00:00
S6:100047,https://api.mfapi.in/mf/100047,2026-10-04 12:08:38.756346+00:00
S6:100058,https://api.mfapi.in/mf/100058,2026-10-04 12:08:14.738144+00:00
S6:100064,https://api.mfapi.in/mf/100064,2026-10-04 12:07:48.751668+00:00
S6:100078,https://api.mfapi.in/mf/100078,2026-10-04 12:21:28.744945+00:00
S6:100081,https://api.mfapi.in/mf/100081,2026-10-04 12:21:22.750521+00:00
S6:100084,https://api.mfapi.in/mf/100084,2026-10-04 12:21:32.760604+00:00
S6:100087,https://api.mfapi.in/mf/100087,2026-10-04 12:21:36.734862+00:00
S6:100119,https://api.mfapi.in/mf/100119,2026-10-04 11:53:20.862939+00:00
S6:100124,https://api.mfapi.in/mf/100124,2026-10-04 11:53:26.742312+00:00
S6:100175,https://api.mfapi.in/mf/100175,2026-10-04 12:36:58.783407+00:00
S6:100177,https://api.mfapi.in/mf/100177,2026-10-04 12:37:18.742036+00:00
S6:100219,https://api.mfapi.in/mf/100219,2026-10-04 11:56:08.798227+00:00
S6:100221,https://api.mfapi.in/mf/100221,2026-10-04 11:56:04.800545+00:00
S6:100223,https://api.mfapi.in/mf/100223,2026-10-04 11:56:18.754792+00:00
S6:100234,https://api.mfapi.in/mf/100234,2026-10-04 11:56:16.770892+00:00
S6:100254,https://api.mfapi.in/mf/100254,2026-10-04 11:48:28.716348+00:00
S6:100265,https://api.mfapi.in/mf/100265,2026-10-04 11:49:34.717345+00:00
S6:100299,https://api.mfapi.in/mf/100299,2026-10-04 11:49:26.724978+00:00
S6:100313,https://api.mfapi.in/mf/100313,2026-10-04 12:26:38.744002+00:00
S6:100315,https://api.mfapi.in/mf/100315,2026-10-04 12:26:54.744173+00:00
S6:100317,https://api.mfapi.in/mf/100317,2026-10-04 12:26:50.734037+00:00
S6:100323,https://api.mfapi.in/mf/100323,2026-10-04 12:26:34.875131+00:00
S6:100325,https://api.mfapi.in/mf/100325,2026-10-04 11:38:48.766105+00:00
S6:100349,https://api.mfapi.in/mf/100349,2026-10-04 11:44:58.707969+00:00
S6:100352,https://api.mfapi.in/mf/100352,2026-10-04 11:44:56.705084+00:00
S6:100354,https://api.mfapi.in/mf/100354,2026-10-04 11:45:00.727472+00:00
S6:100356,https://api.mfapi.in/mf/100356,2026-10-04 11:45:02.713407+00:00
S6:100363,https://api.mfapi.in/mf/100363,2026-10-04 11:45:04.832975+00:00
S6:100365,https://api.mfapi.in/mf/100365,2026-10-04 11:44:54.736686+00:00
S6:100369,https://api.mfapi.in/mf/100369,2026-10-04 11:46:04.705989+00:00
S6:100377,https://api.mfapi.in/mf/100377,2026-10-04 12:02:36.758059+00:00
S6:100380,https://api.mfapi.in/mf/100380,2026-10-04 12:02:38.741948+00:00
S6:100387,https://api.mfapi.in/mf/100387,2026-10-04 12:03:00.760833+00:00
S6:100414,https://api.mfapi.in/mf/100414,2026-10-04 12:13:40.743524+00:00
S6:100415,https://api.mfapi.in/mf/100415,2026-10-04 12:14:18.742486+00:00
S6:100418,https://api.mfapi.in/mf/100418,2026-10-04 12:13:56.735824+00:00
S6:100471,https://api.mfapi.in/mf/100471,2026-10-04 11:41:24.730045+00:00
S6:100473,https://api.mfapi.in/mf/100473,2026-10-04 11:41:42.722775+00:00
S6:100475,https://api.mfapi.in/mf/100475,2026-10-04 12:14:16.907060+00:00
S6:100476,https://api.mfapi.in/mf/100476,2026-10-04 11:40:36.722548+00:00
S6:100477,https://api.mfapi.in/mf/100477,2026-10-04 11:40:28.717770+00:00
S6:100480,https://api.mfapi.in/mf/100480,2026-10-04 11:40:38.717937+00:00
S6:100484,https://api.mfapi.in/mf/100484,2026-10-04 11:41:48.718162+00:00
S6:100493,https://api.mfapi.in/mf/100493,2026-10-04 11:42:02.710094+00:00
S6:100496,https://api.mfapi.in/mf/100496,2026-10-04 11:41:32.736646+00:00
S6:100520,https://api.mfapi.in/mf/100520,2026-10-04 11:41:28.719681+00:00
S6:100522,https://api.mfapi.in/mf/100522,2026-10-04 11:41:38.707947+00:00
S6:100526,https://api.mfapi.in/mf/100526,2026-10-04 11:41:40.728474+00:00
S6:100528,https://api.mfapi.in/mf/100528,2026-10-04 11:42:04.707491+00:00
S6:100536,https://api.mfapi.in/mf/100536,2026-10-04 11:41:34.715517+00:00
S6:100538,https://api.mfapi.in/mf/100538,2026-10-04 11:41:58.858298+00:00
S6:100550,https://api.mfapi.in/mf/100550,2026-10-04 11:41:44.709965+00:00
S6:100597,https://api.mfapi.in/mf/100597,2026-10-04 12:25:10.755014+00:00
S6:100601,https://api.mfapi.in/mf/100601,2026-10-04 12:25:02.752795+00:00
S6:100603,https://api.mfapi.in/mf/100603,2026-10-04 12:35:14.747286+00:00
S6:100631,https://api.mfapi.in/mf/100631,2026-10-04 12:37:04.760089+00:00
S6:100639,https://api.mfapi.in/mf/100639,2026-10-04 11:59:44.741299+00:00
S6:100641,https://api.mfapi.in/mf/100641,2026-10-04 12:00:12.926679+00:00
S6:100646,https://api.mfapi.in/mf/100646,2026-10-04 11:38:50.038913+00:00
S6:100651,https://api.mfapi.in/mf/100651,2026-10-04 12:29:58.740698+00:00
S6:100664,https://api.mfapi.in/mf/100664,2026-10-04 12:29:54.749392+00:00
S6:100669,https://api.mfapi.in/mf/100669,2026-10-04 12:29:36.868913+00:00
S6:100678,https://api.mfapi.in/mf/100678,2026-10-04 12:31:26.760313+00:00
S6:100682,https://api.mfapi.in/mf/100682,2026-10-04 12:30:22.747769+00:00
S6:100684,https://api.mfapi.in/mf/100684,2026-10-04 12:29:24.743715+00:00
S6:100723,https://api.mfapi.in/mf/100723,2026-10-04 12:30:06.898141+00:00
S6:100740,https://api.mfapi.in/mf/100740,2026-10-04 12:29:52.872269+00:00
S6:100741,https://api.mfapi.in/mf/100741,2026-10-04 12:29:30.787226+00:00
S6:100789,https://api.mfapi.in/mf/100789,2026-10-04 12:35:18.749518+00:00
S6:100795,https://api.mfapi.in/mf/100795,2026-10-04 12:34:58.764523+00:00
S6:100807,https://api.mfapi.in/mf/100807,2026-10-04 12:29:46.748998+00:00
S6:100814,https://api.mfapi.in/mf/100814,2026-10-04 12:29:42.746486+00:00
S6:100821,https://api.mfapi.in/mf/100821,2026-10-04 12:29:38.749256+00:00
S6:100822,https://api.mfapi.in/mf/100822,2026-10-04 12:30:12.746401+00:00
S6:100835,https://api.mfapi.in/mf/100835,2026-10-04 11:49:40.721262+00:00
S6:100845,https://api.mfapi.in/mf/100845,2026-10-04 11:38:51.286144+00:00
S6:100856,https://api.mfapi.in/mf/100856,2026-10-04 12:03:04.760430+00:00
S6:100865,https://api.mfapi.in/mf/100865,2026-10-04 12:26:56.748995+00:00
S6:100868,https://api.mfapi.in/mf/100868,2026-10-04 11:54:06.746235+00:00
S6:100900,https://api.mfapi.in/mf/100900,2026-10-04 11:55:34.770295+00:00
S6:100948,https://api.mfapi.in/mf/100948,2026-10-04 11:42:06.730002+00:00
S6:100968,https://api.mfapi.in/mf/100968,2026-10-04 11:59:56.810111+00:00
S6:101001,https://api.mfapi.in/mf/101001,2026-10-04 12:00:00.756325+00:00
S6:101002,https://api.mfapi.in/mf/101002,2026-10-04 12:00:02.813862+00:00
S6:101042,https://api.mfapi.in/mf/101042,2026-10-04 12:13:48.740388+00:00
S6:101048,https://api.mfapi.in/mf/101048,2026-10-04 11:42:14.713393+00:00
S6:101065,https://api.mfapi.in/mf/101065,2026-10-04 12:37:00.800551+00:00
S6:101070,https://api.mfapi.in/mf/101070,2026-10-04 12:37:06.753036+00:00
S6:101072,https://api.mfapi.in/mf/101072,2026-10-04 12:37:02.750136+00:00
S6:101083,https://api.mfapi.in/mf/101083,2026-10-04 11:53:18.739671+00:00
S6:101127,https://api.mfapi.in/mf/101127,2026-10-04 11:45:06.704673+00:00
S6:101144,https://api.mfapi.in/mf/101144,2026-10-04 11:45:14.755174+00:00
S6:101169,https://api.mfapi.in/mf/101169,2026-10-04 11:59:52.751249+00:00
S6:101185,https://api.mfapi.in/mf/101185,2026-10-04 12:27:00.832661+00:00
S6:101187,https://api.mfapi.in/mf/101187,2026-10-04 12:36:08.754905+00:00
S6:101199,https://api.mfapi.in/mf/101199,2026-10-04 12:26:42.744664+00:00
S6:101201,https://api.mfapi.in/mf/101201,2026-10-04 12:26:44.744693+00:00
S6:101206,https://api.mfapi.in/mf/101206,2026-10-04 12:00:14.890110+00:00
S6:101209,https://api.mfapi.in/mf/101209,2026-10-04 11:40:26.731674+00:00
S6:101228,https://api.mfapi.in/mf/101228,2026-10-04 11:45:08.733661+00:00
S6:101262,https://api.mfapi.in/mf/101262,2026-10-04 12:02:52.757467+00:00
S6:101271,https://api.mfapi.in/mf/101271,2026-10-04 12:26:36.741931+00:00
S6:101281,https://api.mfapi.in/mf/101281,2026-10-04 11:53:50.742974+00:00
S6:101304,https://api.mfapi.in/mf/101304,2026-10-04 12:21:34.775187+00:00
S6:101314,https://api.mfapi.in/mf/101314,2026-10-04 12:08:24.781778+00:00
S6:101317,https://api.mfapi.in/mf/101317,2026-10-04 12:08:32.757499+00:00
S6:101349,https://api.mfapi.in/mf/101349,2026-10-04 11:46:06.721658+00:00
S6:101357,https://api.mfapi.in/mf/101357,2026-10-04 11:42:00.715357+00:00
S6:101373,https://api.mfapi.in/mf/101373,2026-10-04 11:49:28.720427+00:00
S6:101491,https://api.mfapi.in/mf/101491,2026-10-04 12:14:24.872032+00:00
S6:101525,https://api.mfapi.in/mf/101525,2026-10-04 11:53:48.768096+00:00
S6:101539,https://api.mfapi.in/mf/101539,2026-10-04 12:34:56.762941+00:00
S6:101548,https://api.mfapi.in/mf/101548,2026-10-04 12:14:20.773202+00:00
S6:101585,https://api.mfapi.in/mf/101585,2026-10-04 11:53:30.756659+00:00
S6:101588,https://api.mfapi.in/mf/101588,2026-10-04 12:25:04.766206+00:00
S6:101592,https://api.mfapi.in/mf/101592,2026-10-04 12:07:50.757527+00:00
S6:101594,https://api.mfapi.in/mf/101594,2026-10-04 12:16:28.766321+00:00
S6:101619,https://api.mfapi.in/mf/101619,2026-10-04 11:45:12.871793+00:00
S6:101635,https://api.mfapi.in/mf/101635,2026-10-04 12:21:14.799847+00:00
S6:101656,https://api.mfapi.in/mf/101656,2026-10-04 11:41:30.717591+00:00
S6:101659,https://api.mfapi.in/mf/101659,2026-10-04 12:14:06.769336+00:00
S6:101665,https://api.mfapi.in/mf/101665,2026-10-04 12:03:12.739539+00:00
S6:101672,https://api.mfapi.in/mf/101672,2026-10-04 12:13:46.741359+00:00
S6:101685,https://api.mfapi.in/mf/101685,2026-10-04 12:16:36.773830+00:00
S6:101738,https://api.mfapi.in/mf/101738,2026-10-04 12:07:52.741378+00:00
S6:101746,https://api.mfapi.in/mf/101746,2026-10-04 12:14:08.878948+00:00
S6:101758,https://api.mfapi.in/mf/101758,2026-10-04 11:45:10.711200+00:00
S6:101762,https://api.mfapi.in/mf/101762,2026-10-04 11:53:14.756643+00:00
S6:101764,https://api.mfapi.in/mf/101764,2026-10-04 11:53:08.771511+00:00
S6:101766,https://api.mfapi.in/mf/101766,2026-10-04 12:14:10.753356+00:00
S6:101802,https://api.mfapi.in/mf/101802,2026-10-04 11:45:36.833929+00:00
S6:101806,https://api.mfapi.in/mf/101806,2026-10-04 11:56:14.742464+00:00
S6:101818,https://api.mfapi.in/mf/101818,2026-10-04 12:08:06.775173+00:00
S6:101824,https://api.mfapi.in/mf/101824,2026-10-04 12:13:44.873427+00:00
S6:101830,https://api.mfapi.in/mf/101830,2026-10-04 12:26:58.746992+00:00
S6:101837,https://api.mfapi.in/mf/101837,2026-10-04 12:21:30.747120+00:00
S6:101844,https://api.mfapi.in/mf/101844,2026-10-04 12:08:12.743677+00:00
S6:101847,https://api.mfapi.in/mf/101847,2026-10-04 12:14:34.914069+00:00
S6:101853,https://api.mfapi.in/mf/101853,2026-10-04 12:35:00.744017+00:00
S6:101862,https://api.mfapi.in/mf/101862,2026-10-04 12:02:48.732811+00:00
S6:101869,https://api.mfapi.in/mf/101869,2026-10-04 12:26:52.749104+00:00
S6:101872,https://api.mfapi.in/mf/101872,2026-10-04 11:53:22.750262+00:00
S6:101893,https://api.mfapi.in/mf/101893,2026-10-04 11:49:38.710171+00:00
S6:101906,https://api.mfapi.in/mf/101906,2026-10-04 12:14:14.782794+00:00
S6:101909,https://api.mfapi.in/mf/101909,2026-10-04 12:13:42.744037+00:00
S6:101922,https://api.mfapi.in/mf/101922,2026-10-04 12:24:50.755812+00:00
S6:101976,https://api.mfapi.in/mf/101976,2026-10-04 12:08:40.760873+00:00
S6:101979,https://api.mfapi.in/mf/101979,2026-10-04 11:53:36.865736+00:00
S6:101989,https://api.mfapi.in/mf/101989,2026-10-04 11:53:24.758011+00:00
S6:101993,https://api.mfapi.in/mf/101993,2026-10-04 11:54:08.750013+00:00
S6:101996,https://api.mfapi.in/mf/101996,2026-10-04 11:54:10.759502+00:00
S6:102000,https://api.mfapi.in/mf/102000,2026-10-04 11:53:38.779244+00:00
S6:102009,https://api.mfapi.in/mf/102009,2026-10-04 12:30:38.908460+00:00
S6:102020,https://api.mfapi.in/mf/102020,2026-10-04 12:36:12.777465+00:00
S6:102053,https://api.mfapi.in/mf/102053,2026-10-04 11:59:50.739516+00:00
S6:102133,https://api.mfapi.in/mf/102133,2026-10-04 11:45:16.709685+00:00
S6:102135,https://api.mfapi.in/mf/102135,2026-10-04 11:45:22.718639+00:00
S6:102137,https://api.mfapi.in/mf/102137,2026-10-04 11:45:20.887010+00:00
S6:102139,https://api.mfapi.in/mf/102139,2026-10-04 11:45:18.704358+00:00
S6:102141,https://api.mfapi.in/mf/102141,2026-10-04 11:45:24.702463+00:00
S6:102142,https://api.mfapi.in/mf/102142,2026-10-04 12:35:02.756473+00:00
S6:102147,https://api.mfapi.in/mf/102147,2026-10-04 11:53:28.880246+00:00
S6:102172,https://api.mfapi.in/mf/102172,2026-10-04 12:03:08.750450+00:00
S6:102205,https://api.mfapi.in/mf/102205,2026-10-04 11:59:58.744718+00:00
S6:102252,https://api.mfapi.in/mf/102252,2026-10-04 12:16:38.745126+00:00
S6:102262,https://api.mfapi.in/mf/102262,2026-10-04 12:16:30.776422+00:00
S6:102267,https://api.mfapi.in/mf/102267,2026-10-04 12:31:28.759335+00:00
S6:102272,https://api.mfapi.in/mf/102272,2026-10-04 11:59:40.755442+00:00
S6:102328,https://api.mfapi.in/mf/102328,2026-10-04 12:13:54.745233+00:00
S6:102330,https://api.mfapi.in/mf/102330,2026-10-04 11:45:26.702831+00:00
S6:102394,https://api.mfapi.in/mf/102394,2026-10-04 12:29:50.742390+00:00
S6:102395,https://api.mfapi.in/mf/102395,2026-10-04 12:29:48.737584+00:00
S6:102398,https://api.mfapi.in/mf/102398,2026-10-04 12:29:22.756361+00:00
S6:102401,https://api.mfapi.in/mf/102401,2026-10-04 12:29:28.868037+00:00
S6:102414,https://api.mfapi.in/mf/102414,2026-10-04 11:59:32.760915+00:00
S6:102431,https://api.mfapi.in/mf/102431,2026-10-04 12:02:50.874397+00:00
S6:102434,https://api.mfapi.in/mf/102434,2026-10-04 12:21:10.736875+00:00
S6:102448,https://api.mfapi.in/mf/102448,2026-10-04 12:21:24.882195+00:00
S6:102452,https://api.mfapi.in/mf/102452,2026-10-04 11:53:10.747468+00:00
S6:102503,https://api.mfapi.in/mf/102503,2026-10-04 11:59:46.750426+00:00
S6:102505,https://api.mfapi.in/mf/102505,2026-10-04 11:59:48.754011+00:00
S6:102510,https://api.mfapi.in/mf/102510,2026-10-04 12:29:44.889582+00:00
S6:102528,https://api.mfapi.in/mf/102528,2026-10-04 11:45:32.714013+00:00
S6:102532,https://api.mfapi.in/mf/102532,2026-10-04 12:29:40.743054+00:00
S6:102535,https://api.mfapi.in/mf/102535,2026-10-04 12:29:56.741679+00:00
S6:102540,https://api.mfapi.in/mf/102540,2026-10-04 12:29:26.740475+00:00
S6:102574,https://api.mfapi.in/mf/102574,2026-10-04 11:49:12.713390+00:00
S6:102591,https://api.mfapi.in/mf/102591,2026-10-04 11:49:32.706830+00:00
S6:102594,https://api.mfapi.in/mf/102594,2026-10-04 11:45:28.834061+00:00
S6:102672,https://api.mfapi.in/mf/102672,2026-10-04 12:14:40.755181+00:00
S6:102673,https://api.mfapi.in/mf/102673,2026-10-04 12:02:58.880660+00:00
S6:102741,https://api.mfapi.in/mf/102741,2026-10-04 11:45:30.742828+00:00
S6:102751,https://api.mfapi.in/mf/102751,2026-10-04 12:02:54.755362+00:00
S6:102756,https://api.mfapi.in/mf/102756,2026-10-04 11:59:34.748163+00:00
S6:102760,https://api.mfapi.in/mf/102760,2026-10-04 11:53:12.768521+00:00
S6:102767,https://api.mfapi.in/mf/102767,2026-10-04 12:08:10.927598+00:00
S6:102823,https://api.mfapi.in/mf/102823,2026-10-04 11:59:36.754138+00:00
S6:102846,https://api.mfapi.in/mf/102846,2026-10-04 12:02:44.766364+00:00
S6:102849,https://api.mfapi.in/mf/102849,2026-10-04 12:03:10.862183+00:00
S6:102875,https://api.mfapi.in/mf/102875,2026-10-04 11:49:00.720315+00:00
S6:102883,https://api.mfapi.in/mf/102883,2026-10-04 11:41:26.715039+00:00
S6:102885,https://api.mfapi.in/mf/102885,2026-10-04 11:59:16.752387+00:00
S6:102913,https://api.mfapi.in/mf/102913,2026-10-04 12:25:08.788845+00:00
S6:102920,https://api.mfapi.in/mf/102920,2026-10-04 12:24:56.748125+00:00
S6:102941,https://api.mfapi.in/mf/102941,2026-10-04 11:59:42.771449+00:00
S6:102948,https://api.mfapi.in/mf/102948,2026-10-04 11:53:34.735680+00:00
S6:103024,https://api.mfapi.in/mf/103024,2026-10-04 11:59:28.746406+00:00
S6:103026,https://api.mfapi.in/mf/103026,2026-10-04 12:29:32.747689+00:00
S6:103034,https://api.mfapi.in/mf/103034,2026-10-04 11:59:26.775209+00:00
S6:103040,https://api.mfapi.in/mf/103040,2026-10-04 11:49:02.724778+00:00
S6:103048,https://api.mfapi.in/mf/103048,2026-10-04 12:03:42.752212+00:00
S6:103085,https://api.mfapi.in/mf/103085,2026-10-04 12:03:18.872675+00:00
S6:103098,https://api.mfapi.in/mf/103098,2026-10-04 12:30:00.920908+00:00
S6:103111,https://api.mfapi.in/mf/103111,2026-10-04 12:07:54.756499+00:00
S6:103131,https://api.mfapi.in/mf/103131,2026-10-04 11:53:32.768052+00:00
S6:103145,https://api.mfapi.in/mf/103145,2026-10-04 11:59:30.744159+00:00
S6:103149,https://api.mfapi.in/mf/103149,2026-10-04 11:45:34.713635+00:00
S6:103151,https://api.mfapi.in/mf/103151,2026-10-04 11:41:46.702872+00:00
S6:103155,https://api.mfapi.in/mf/103155,2026-10-04 12:08:20.759683+00:00
S6:103159,https://api.mfapi.in/mf/103159,2026-10-04 12:14:36.756867+00:00
S6:103166,https://api.mfapi.in/mf/103166,2026-10-04 12:08:16.778169+00:00
S6:103168,https://api.mfapi.in/mf/103168,2026-10-04 12:07:40.749524+00:00
S6:103174,https://api.mfapi.in/mf/103174,2026-10-04 12:08:18.747961+00:00
S6:103178,https://api.mfapi.in/mf/103178,2026-10-04 12:08:08.769407+00:00
S6:103192,https://api.mfapi.in/mf/103192,2026-10-04 12:08:28.804683+00:00
S6:103196,https://api.mfapi.in/mf/103196,2026-10-04 12:03:22.754885+00:00
S6:103215,https://api.mfapi.in/mf/103215,2026-10-04 11:59:24.765893+00:00
S6:103225,https://api.mfapi.in/mf/103225,2026-10-04 12:37:08.748381+00:00
S6:103234,https://api.mfapi.in/mf/103234,2026-10-04 11:48:58.710800+00:00
S6:103309,https://api.mfapi.in/mf/103309,2026-10-04 12:07:56.759172+00:00
S6:103312,https://api.mfapi.in/mf/103312,2026-10-04 11:45:38.705690+00:00
S6:103339,https://api.mfapi.in/mf/103339,2026-10-04 11:49:08.748400+00:00
S6:103340,https://api.mfapi.in/mf/103340,2026-10-04 11:46:14.741325+00:00
S6:103347,https://api.mfapi.in/mf/103347,2026-10-04 12:21:44.891096+00:00
S6:103360,https://api.mfapi.in/mf/103360,2026-10-04 11:41:36.709155+00:00
S6:103390,https://api.mfapi.in/mf/103390,2026-10-04 12:25:00.757365+00:00
S6:103408,https://api.mfapi.in/mf/103408,2026-10-04 11:59:54.745363+00:00
S6:103476,https://api.mfapi.in/mf/103476,2026-10-04 12:07:58.763431+00:00
S6:103490,https://api.mfapi.in/mf/103490,2026-09-26 06:03:03.593140+00:00
S6:103504,https://api.mfapi.in/mf/103504,2026-10-04 11:59:20.743450+00:00
S6:103678,https://api.mfapi.in/mf/103678,2026-10-04 11:41:50.716209+00:00
S6:103734,https://api.mfapi.in/mf/103734,2026-09-26 06:03:09.585098+00:00
S6:103780,https://api.mfapi.in/mf/103780,2026-10-04 11:56:02.786698+00:00
S6:103819,https://api.mfapi.in/mf/103819,2026-10-04 12:21:06.769895+00:00
S6:104075,https://api.mfapi.in/mf/104075,2026-10-04 12:31:32.739185+00:00
S6:104138,https://api.mfapi.in/mf/104138,2026-10-04 12:21:52.755044+00:00
S6:104457,https://api.mfapi.in/mf/104457,2026-10-04 11:59:18.756806+00:00
S6:104481,https://api.mfapi.in/mf/104481,2026-10-04 12:21:08.877064+00:00
S6:104488,https://api.mfapi.in/mf/104488,2026-10-04 12:06:40.766080+00:00
S6:104513,https://api.mfapi.in/mf/104513,2026-10-04 12:37:10.742463+00:00
S6:104523,https://api.mfapi.in/mf/104523,2026-10-04 11:59:22.749911+00:00
S6:104636,https://api.mfapi.in/mf/104636,2026-10-04 12:06:24.775304+00:00
S6:104637,https://api.mfapi.in/mf/104637,2026-10-04 12:03:20.741146+00:00
S6:104683,https://api.mfapi.in/mf/104683,2026-10-04 11:45:40.703807+00:00
S6:104685,https://api.mfapi.in/mf/104685,2026-10-04 11:45:42.716187+00:00
S6:104728,https://api.mfapi.in/mf/104728,2026-10-04 12:06:42.758037+00:00
S6:104772,https://api.mfapi.in/mf/104772,2026-10-04 12:21:12.748352+00:00
S6:104908,https://api.mfapi.in/mf/104908,2026-10-04 11:49:18.724556+00:00
S6:105001,https://api.mfapi.in/mf/105001,2026-10-04 12:35:08.746154+00:00
S6:105185,https://api.mfapi.in/mf/105185,2026-10-04 12:06:56.749458+00:00
S6:105274,https://api.mfapi.in/mf/105274,2026-10-04 12:00:16.945957+00:00
S6:105417,https://api.mfapi.in/mf/105417,2026-10-04 11:40:32.713020+00:00
S6:105460,https://api.mfapi.in/mf/105460,2026-10-04 12:06:14.733206+00:00
S6:105463,https://api.mfapi.in/mf/105463,2026-09-26 06:55:09.577275+00:00
S6:105503,https://api.mfapi.in/mf/105503,2026-10-04 12:06:32.801533+00:00
S6:105603,https://api.mfapi.in/mf/105603,2026-10-04 12:06:10.775722+00:00
S6:105628,https://api.mfapi.in/mf/105628,2026-10-04 11:59:38.746733+00:00
S6:105669,https://api.mfapi.in/mf/105669,2026-10-04 12:21:46.748496+00:00
S6:105689,https://api.mfapi.in/mf/105689,2026-10-04 12:03:02.739121+00:00
S6:105758,https://api.mfapi.in/mf/105758,2026-10-04 11:53:40.758843+00:00
S6:105804,https://api.mfapi.in/mf/105804,2026-10-04 12:08:22.744205+00:00
S6:105817,https://api.mfapi.in/mf/105817,2026-10-04 11:41:52.748002+00:00
S6:105823,https://api.mfapi.in/mf/105823,2026-10-04 12:26:48.747039+00:00
S6:105875,https://api.mfapi.in/mf/105875,2026-10-04 12:21:02.746423+00:00
S6:105968,https://api.mfapi.in/mf/105968,2026-10-04 11:49:04.705080+00:00
S6:105989,https://api.mfapi.in/mf/105989,2026-10-04 12:21:40.741185+00:00
S6:106096,https://api.mfapi.in/mf/106096,2026-10-04 12:00:06.759775+00:00
S6:106144,https://api.mfapi.in/mf/106144,2026-10-04 12:06:22.781304+00:00
S6:106166,https://api.mfapi.in/mf/106166,2026-10-04 12:24:52.743975+00:00
S6:106170,https://api.mfapi.in/mf/106170,2026-10-04 12:37:16.735181+00:00
S6:106177,https://api.mfapi.in/mf/106177,2026-10-04 12:06:48.768607+00:00
S6:106183,https://api.mfapi.in/mf/106183,2026-10-04 12:30:10.746962+00:00
S6:106217,https://api.mfapi.in/mf/106217,2026-10-04 12:00:18.750777+00:00
S6:106231,https://api.mfapi.in/mf/106231,2026-10-04 12:00:10.736096+00:00
S6:106235,https://api.mfapi.in/mf/106235,2026-10-04 12:02:42.739221+00:00
S6:106253,https://api.mfapi.in/mf/106253,2026-10-04 12:02:40.687413+00:00
S6:106317,https://api.mfapi.in/mf/106317,2026-10-04 12:06:20.739367+00:00
S6:106370,https://api.mfapi.in/mf/106370,2026-10-04 12:35:10.764872+00:00
S6:106384,https://api.mfapi.in/mf/106384,2026-10-04 12:30:02.761331+00:00
S6:106425,https://api.mfapi.in/mf/106425,2026-10-04 12:30:08.936457+00:00
S6:106441,https://api.mfapi.in/mf/106441,2026-10-04 11:49:20.705088+00:00
S6:106597,https://api.mfapi.in/mf/106597,2026-10-04 12:21:16.861904+00:00
S6:106654,https://api.mfapi.in/mf/106654,2026-10-04 12:06:34.759930+00:00
S6:106793,https://api.mfapi.in/mf/106793,2026-10-04 11:53:06.747256+00:00
S6:106823,https://api.mfapi.in/mf/106823,2026-10-04 11:45:44.825175+00:00
S6:106841,https://api.mfapi.in/mf/106841,2026-10-04 11:53:16.765452+00:00
S6:106871,https://api.mfapi.in/mf/106871,2026-10-04 12:26:40.737717+00:00
S6:106873,https://api.mfapi.in/mf/106873,2026-10-04 12:08:00.748548+00:00
S6:106979,https://api.mfapi.in/mf/106979,2026-10-04 11:41:54.702100+00:00
S6:107288,https://api.mfapi.in/mf/107288,2026-10-04 11:56:12.744324+00:00
S6:107353,https://api.mfapi.in/mf/107353,2026-10-04 12:06:36.736745+00:00
S6:107410,https://api.mfapi.in/mf/107410,2026-10-04 11:56:06.774854+00:00
S6:107477,https://api.mfapi.in/mf/107477,2026-10-04 12:06:52.741528+00:00
S6:107524,https://api.mfapi.in/mf/107524,2026-10-04 11:53:46.741090+00:00
S6:107578,https://api.mfapi.in/mf/107578,2026-10-04 12:27:28.743524+00:00
S6:107705,https://api.mfapi.in/mf/107705,2026-10-04 12:27:36.738166+00:00
S6:107745,https://api.mfapi.in/mf/107745,2026-10-04 12:07:38.773848+00:00
S6:107763,https://api.mfapi.in/mf/107763,2026-10-04 12:26:46.734383+00:00
S6:107988,https://api.mfapi.in/mf/107988,2026-10-04 12:16:34.859916+00:00
S6:108166,https://api.mfapi.in/mf/108166,2026-10-04 12:08:26.986007+00:00
S6:108202,https://api.mfapi.in/mf/108202,2026-10-04 12:21:04.767797+00:00
S6:108249,https://api.mfapi.in/mf/108249,2026-10-04 12:02:46.740919+00:00
S6:108273,https://api.mfapi.in/mf/108273,2026-10-04 12:08:30.774587+00:00
S6:108378,https://api.mfapi.in/mf/108378,2026-10-04 12:06:12.765636+00:00
S6:108466,https://api.mfapi.in/mf/108466,2026-10-04 11:45:46.713014+00:00
S6:108511,https://api.mfapi.in/mf/108511,2026-10-04 11:49:30.705724+00:00
S6:108545,https://api.mfapi.in/mf/108545,2026-10-04 11:57:14.727531+00:00
S6:108592,https://api.mfapi.in/mf/108592,2026-10-04 11:56:38.750406+00:00
S6:108594,https://api.mfapi.in/mf/108594,2026-10-04 11:56:36.742949+00:00
S6:108596,https://api.mfapi.in/mf/108596,2026-10-04 11:56:42.746800+00:00
S6:108632,https://api.mfapi.in/mf/108632,2026-10-04 11:57:02.740299+00:00
S6:108690,https://api.mfapi.in/mf/108690,2026-10-04 11:57:18.753198+00:00
S6:108728,https://api.mfapi.in/mf/108728,2026-10-04 11:57:06.745514+00:00
S6:108753,https://api.mfapi.in/mf/108753,2026-10-04 11:57:00.743447+00:00
S6:108756,https://api.mfapi.in/mf/108756,2026-10-04 11:57:08.767008+00:00
S6:108768,https://api.mfapi.in/mf/108768,2026-10-04 11:57:04.747130+00:00
S6:108799,https://api.mfapi.in/mf/108799,2026-10-04 11:56:40.738555+00:00
S6:108845,https://api.mfapi.in/mf/108845,2026-10-04 11:56:46.735925+00:00
S6:108909,https://api.mfapi.in/mf/108909,2026-10-04 11:56:34.747832+00:00
S6:108995,https://api.mfapi.in/mf/108995,2026-10-04 11:56:44.761577+00:00
S6:109059,https://api.mfapi.in/mf/109059,2026-10-04 12:35:04.841884+00:00
S6:109254,https://api.mfapi.in/mf/109254,2026-10-04 12:25:52.747361+00:00
S6:109269,https://api.mfapi.in/mf/109269,2026-10-04 12:25:50.737923+00:00
S6:109275,https://api.mfapi.in/mf/109275,2026-10-04 12:37:12.744830+00:00
S6:109353,https://api.mfapi.in/mf/109353,2026-10-04 12:25:16.752317+00:00
S6:109371,https://api.mfapi.in/mf/109371,2026-10-04 12:25:18.732385+00:00
S6:109445,https://api.mfapi.in/mf/109445,2026-10-04 11:45:50.719146+00:00
S6:109522,https://api.mfapi.in/mf/109522,2026-10-04 11:56:10.757485+00:00
S6:109720,https://api.mfapi.in/mf/109720,2026-10-04 12:02:56.740446+00:00
S6:109740,https://api.mfapi.in/mf/109740,2026-10-04 11:45:48.706098+00:00
S6:109830,https://api.mfapi.in/mf/109830,2026-10-04 12:37:14.730973+00:00
S6:110603,https://api.mfapi.in/mf/110603,2026-10-04 12:25:44.751512+00:00
S6:111524,https://api.mfapi.in/mf/111524,2026-10-04 11:57:10.776847+00:00
S6:111525,https://api.mfapi.in/mf/111525,2026-10-04 11:56:58.744307+00:00
S6:111549,https://api.mfapi.in/mf/111549,2026-09-26 06:03:05.638549+00:00
S6:111569,https://api.mfapi.in/mf/111569,2026-10-04 11:56:32.742733+00:00
S6:111585,https://api.mfapi.in/mf/111585,2026-10-04 12:25:56.744186+00:00
S6:111599,https://api.mfapi.in/mf/111599,2026-10-04 12:30:04.740664+00:00
S6:111638,https://api.mfapi.in/mf/111638,2026-10-04 12:23:16.755865+00:00
S6:111646,https://api.mfapi.in/mf/111646,2026-10-04 12:27:34.744322+00:00
S6:111704,https://api.mfapi.in/mf/111704,2026-10-04 12:36:10.753554+00:00
S6:111710,https://api.mfapi.in/mf/111710,2026-10-04 12:25:46.745485+00:00
S6:111712,https://api.mfapi.in/mf/111712,2026-10-04 12:25:54.881954+00:00
S6:111722,https://api.mfapi.in/mf/111722,2026-10-04 12:24:54.736186+00:00
S6:111748,https://api.mfapi.in/mf/111748,2026-10-04 12:03:06.781062+00:00
S6:111787,https://api.mfapi.in/mf/111787,2026-10-04 11:40:30.724757+00:00
S6:111803,https://api.mfapi.in/mf/111803,2026-10-04 12:08:04.762857+00:00
S6:111940,https://api.mfapi.in/mf/111940,2026-10-04 12:23:10.758523+00:00
S6:111957,https://api.mfapi.in/mf/111957,2026-10-04 11:45:52.827752+00:00
S6:111962,https://api.mfapi.in/mf/111962,2026-10-04 12:25:06.734196+00:00
S6:111987,https://api.mfapi.in/mf/111987,2026-10-04 11:45:54.698386+00:00
S6:112039,https://api.mfapi.in/mf/112039,2026-09-26 06:03:07.574732+00:00
S6:112088,https://api.mfapi.in/mf/112088,2026-10-04 12:07:46.753941+00:00
S6:112090,https://api.mfapi.in/mf/112090,2026-10-04 11:49:06.696691+00:00
S6:112092,https://api.mfapi.in/mf/112092,2026-10-04 11:41:56.708073+00:00
S6:112096,https://api.mfapi.in/mf/112096,2026-10-04 11:45:58.906218+00:00
S6:112098,https://api.mfapi.in/mf/112098,2026-10-04 12:06:26.801798+00:00
S6:112108,https://api.mfapi.in/mf/112108,2026-10-04 12:23:12.731422+00:00
S6:112117,https://api.mfapi.in/mf/112117,2026-10-04 12:23:14.736778+00:00
S6:112123,https://api.mfapi.in/mf/112123,2026-10-04 12:06:50.763040+00:00
S6:112126,https://api.mfapi.in/mf/112126,2026-10-04 12:21:18.726370+00:00
S6:112152,https://api.mfapi.in/mf/112152,2026-10-04 12:24:58.778391+00:00
S6:112171,https://api.mfapi.in/mf/112171,2026-10-04 12:06:28.859171+00:00
S6:112210,https://api.mfapi.in/mf/112210,2026-10-04 12:32:34.747200+00:00
S6:112277,https://api.mfapi.in/mf/112277,2026-10-04 12:32:10.740019+00:00
S6:112293,https://api.mfapi.in/mf/112293,2026-10-04 12:21:38.740265+00:00
S6:112323,https://api.mfapi.in/mf/112323,2026-10-04 12:32:08.747499+00:00
S6:112327,https://api.mfapi.in/mf/112327,2026-10-04 11:56:52.769682+00:00
S6:112329,https://api.mfapi.in/mf/112329,2026-10-04 11:56:54.752975+00:00
S6:112332,https://api.mfapi.in/mf/112332,2026-10-04 11:56:50.774921+00:00
S6:112342,https://api.mfapi.in/mf/112342,2026-10-04 11:46:08.825562+00:00
S6:112353,https://api.mfapi.in/mf/112353,2026-10-04 11:57:12.735440+00:00
S6:112359,https://api.mfapi.in/mf/112359,2026-10-04 12:25:48.738453+00:00
S6:112645,https://api.mfapi.in/mf/112645,2026-10-04 12:36:44.687838+00:00
S6:112717,https://api.mfapi.in/mf/112717,2026-10-04 12:32:36.740238+00:00
S6:112721,https://api.mfapi.in/mf/112721,2026-10-04 12:32:46.791483+00:00
S6:112868,https://api.mfapi.in/mf/112868,2026-10-04 12:35:16.738130+00:00
S6:112877,https://api.mfapi.in/mf/112877,2026-10-04 11:56:48.731972+00:00
S6:112901,https://api.mfapi.in/mf/112901,2026-10-04 12:21:26.729753+00:00
S6:112924,https://api.mfapi.in/mf/112924,2026-10-04 12:32:54.747753+00:00
S6:112932,https://api.mfapi.in/mf/112932,2026-10-04 12:27:30.758983+00:00
S6:112936,https://api.mfapi.in/mf/112936,2026-10-04 12:03:16.768650+00:00
S6:112938,https://api.mfapi.in/mf/112938,2026-10-04 12:03:14.756529+00:00
S6:112948,https://api.mfapi.in/mf/112948,2026-10-04 11:40:34.735360+00:00
S6:112957,https://api.mfapi.in/mf/112957,2026-10-04 11:46:02.698536+00:00
S6:113036,https://api.mfapi.in/mf/113036,2026-10-04 12:36:06.736053+00:00
S6:113047,https://api.mfapi.in/mf/113047,2026-10-04 11:53:42.727254+00:00
S6:113064,https://api.mfapi.in/mf/113064,2026-10-04 12:33:06.743024+00:00
S6:113070,https://api.mfapi.in/mf/113070,2026-10-04 11:53:44.856306+00:00
S6:113077,https://api.mfapi.in/mf/113077,2026-10-04 12:30:14.733221+00:00
S6:113099,https://api.mfapi.in/mf/113099,2026-10-04 12:00:04.793986+00:00
S6:113177,https://api.mfapi.in/mf/113177,2026-10-04 12:03:24.760443+00:00
S6:113221,https://api.mfapi.in/mf/113221,2026-10-04 12:25:12.735441+00:00
S6:113269,https://api.mfapi.in/mf/113269,2026-10-04 12:03:28.740320+00:00
S6:113296,https://api.mfapi.in/mf/113296,2026-10-04 12:03:26.736290+00:00
S6:113345,https://api.mfapi.in/mf/113345,2026-10-04 12:03:30.868323+00:00
S6:114239,https://api.mfapi.in/mf/114239,2026-10-04 11:46:00.829555+00:00
S6:114359,https://api.mfapi.in/mf/114359,2026-10-04 12:06:54.736038+00:00
S6:114458,https://api.mfapi.in/mf/114458,2026-10-04 11:48:56.708096+00:00
S6:114476,https://api.mfapi.in/mf/114476,2026-10-04 11:56:56.744044+00:00
S6:114564,https://api.mfapi.in/mf/114564,2026-10-04 12:33:08.733988+00:00
S6:114616,https://api.mfapi.in/mf/114616,2026-10-04 12:03:32.745737+00:00
S6:114758,https://api.mfapi.in/mf/114758,2026-10-04 11:49:14.704205+00:00
S6:114859,https://api.mfapi.in/mf/114859,2026-10-04 11:49:10.717848+00:00
S6:114931,https://api.mfapi.in/mf/114931,2026-10-04 12:27:32.733928+00:00
S6:115068,https://api.mfapi.in/mf/115068,2026-10-04 12:33:14.736789+00:00
S6:115077,https://api.mfapi.in/mf/115077,2026-10-04 12:25:14.740289+00:00
S6:115092,https://api.mfapi.in/mf/115092,2026-10-04 11:46:12.697318+00:00
S6:115116,https://api.mfapi.in/mf/115116,2026-10-04 12:16:32.775708+00:00
S6:115132,https://api.mfapi.in/mf/115132,2026-09-26 06:03:11.579636+00:00
S6:115270,https://api.mfapi.in/mf/115270,2026-10-04 12:17:48.738299+00:00
S6:115398,https://api.mfapi.in/mf/115398,2026-10-04 12:17:46.867909+00:00
S6:115676,https://api.mfapi.in/mf/115676,2026-10-04 12:00:08.747835+00:00
S6:115833,https://api.mfapi.in/mf/115833,2026-10-04 11:46:10.718249+00:00
S6:115897,https://api.mfapi.in/mf/115897,2026-10-04 12:33:20.744189+00:00
S6:115934,https://api.mfapi.in/mf/115934,2026-10-04 11:53:52.850299+00:00
S6:115942,https://api.mfapi.in/mf/115942,2026-10-04 12:14:26.737920+00:00
S6:115943,https://api.mfapi.in/mf/115943,2026-10-04 12:14:28.730600+00:00
S6:115944,https://api.mfapi.in/mf/115944,2026-10-04 12:14:30.756911+00:00
S6:115991,https://api.mfapi.in/mf/115991,2026-10-04 12:19:20.869360+00:00
S6:116051,https://api.mfapi.in/mf/116051,2026-10-04 12:17:50.689259+00:00
S6:116077,https://api.mfapi.in/mf/116077,2026-10-04 12:06:38.740378+00:00
S6:116471,https://api.mfapi.in/mf/116471,2026-10-04 12:33:22.732428+00:00
S6:116485,https://api.mfapi.in/mf/116485,2026-10-04 12:18:50.729133+00:00
S6:116547,https://api.mfapi.in/mf/116547,2026-10-04 12:19:22.687389+00:00
S6:116555,https://api.mfapi.in/mf/116555,2026-10-04 12:17:52.741480+00:00
S6:116633,https://api.mfapi.in/mf/116633,2026-10-04 11:42:08.731406+00:00
S6:116796,https://api.mfapi.in/mf/116796,2026-10-04 12:08:36.737810+00:00
S6:116894,https://api.mfapi.in/mf/116894,2026-10-04 12:33:26.752542+00:00
S6:117312,https://api.mfapi.in/mf/117312,2026-10-04 11:40:40.656411+00:00
S6:117446,https://api.mfapi.in/mf/117446,2026-10-04 12:33:28.764818+00:00
S6:117549,https://api.mfapi.in/mf/117549,2026-10-04 12:36:14.727703+00:00
S6:117560,https://api.mfapi.in/mf/117560,2026-10-04 12:33:30.708560+00:00
S6:117608,https://api.mfapi.in/mf/117608,2026-09-26 06:03:13.566562+00:00
S6:117620,https://api.mfapi.in/mf/117620,2026-10-04 11:45:56.653723+00:00
S6:117691,https://api.mfapi.in/mf/117691,2026-10-04 12:21:50.725675+00:00
S6:117716,https://api.mfapi.in/mf/117716,2026-10-04 11:49:22.697474+00:00
S6:117981,https://api.mfapi.in/mf/117981,2026-10-04 12:30:16.855258+00:00
S6:118232,https://api.mfapi.in/mf/118232,2026-10-04 12:06:46.737645+00:00
S6:118267,https://api.mfapi.in/mf/118267,2026-09-26 06:49:31.523826+00:00
S6:118269,https://api.mfapi.in/mf/118269,2026-09-26 06:49:33.525355+00:00
S6:118272,https://api.mfapi.in/mf/118272,2026-09-26 06:49:25.566611+00:00
S6:118273,https://api.mfapi.in/mf/118273,2026-09-26 06:49:11.524937+00:00
S6:118275,https://api.mfapi.in/mf/118275,2026-09-26 06:49:17.575490+00:00
S6:118278,https://api.mfapi.in/mf/118278,2026-09-26 06:49:19.635211+00:00
S6:118282,https://api.mfapi.in/mf/118282,2026-09-26 06:49:29.562572+00:00
S6:118284,https://api.mfapi.in/mf/118284,2026-09-26 06:49:15.575268+00:00
S6:118285,https://api.mfapi.in/mf/118285,2026-09-26 06:49:21.741395+00:00
S6:118291,https://api.mfapi.in/mf/118291,2026-09-26 06:49:23.565650+00:00
S6:118299,https://api.mfapi.in/mf/118299,2026-09-26 06:49:27.567432+00:00
S6:118305,https://api.mfapi.in/mf/118305,2026-09-26 06:49:35.581799+00:00
S6:118309,https://api.mfapi.in/mf/118309,2026-09-26 06:49:37.656406+00:00
S6:118317,https://api.mfapi.in/mf/118317,2026-09-26 06:49:39.596900+00:00
S6:118320,https://api.mfapi.in/mf/118320,2026-09-26 06:49:13.569645+00:00
S6:118364,https://api.mfapi.in/mf/118364,2026-09-26 06:19:51.576453+00:00
S6:118371,https://api.mfapi.in/mf/118371,2026-09-26 06:19:53.561704+00:00
S6:118384,https://api.mfapi.in/mf/118384,2026-09-26 06:19:55.650242+00:00
S6:118387,https://api.mfapi.in/mf/118387,2026-09-26 06:19:59.585185+00:00
S6:118394,https://api.mfapi.in/mf/118394,2026-09-26 06:20:03.562554+00:00
S6:118401,https://api.mfapi.in/mf/118401,2026-09-26 06:20:05.611471+00:00
S6:118407,https://api.mfapi.in/mf/118407,2026-09-26 06:20:07.560064+00:00
S6:118410,https://api.mfapi.in/mf/118410,2026-09-26 06:20:09.783614+00:00
S6:118416,https://api.mfapi.in/mf/118416,2026-09-26 06:19:57.562181+00:00
S6:118419,https://api.mfapi.in/mf/118419,2026-09-26 06:20:11.565484+00:00
S6:118421,https://api.mfapi.in/mf/118421,2026-09-26 06:20:13.565157+00:00
S6:118424,https://api.mfapi.in/mf/118424,2026-09-26 06:20:15.568079+00:00
S6:118464,https://api.mfapi.in/mf/118464,2026-09-26 06:20:01.559074+00:00
S6:118469,https://api.mfapi.in/mf/118469,2026-09-26 06:20:17.600543+00:00
S6:118473,https://api.mfapi.in/mf/118473,2026-09-26 06:20:19.566163+00:00
S6:118474,https://api.mfapi.in/mf/118474,2026-09-26 06:20:21.758179+00:00
S6:118477,https://api.mfapi.in/mf/118477,2026-09-26 06:20:23.527479+00:00
S6:118479,https://api.mfapi.in/mf/118479,2026-09-26 06:20:25.634733+00:00
S6:118481,https://api.mfapi.in/mf/118481,2026-09-26 06:20:27.631998+00:00
S6:118482,https://api.mfapi.in/mf/118482,2026-09-26 06:19:39.574376+00:00
S6:118485,https://api.mfapi.in/mf/118485,2026-09-26 06:19:41.725123+00:00
S6:118486,https://api.mfapi.in/mf/118486,2026-09-26 06:19:47.706197+00:00
S6:118489,https://api.mfapi.in/mf/118489,2026-09-26 06:19:49.567706+00:00
S6:118491,https://api.mfapi.in/mf/118491,2026-09-26 06:19:43.567414+00:00
S6:118494,https://api.mfapi.in/mf/118494,2026-09-26 06:04:05.571083+00:00
S6:118498,https://api.mfapi.in/mf/118498,2026-09-26 06:04:09.563574+00:00
S6:118506,https://api.mfapi.in/mf/118506,2026-09-26 06:04:03.565140+00:00
S6:118508,https://api.mfapi.in/mf/118508,2026-09-26 06:04:39.645660+00:00
S6:118510,https://api.mfapi.in/mf/118510,2026-09-26 06:04:13.569311+00:00
S6:118525,https://api.mfapi.in/mf/118525,2026-09-26 06:04:15.569182+00:00
S6:118527,https://api.mfapi.in/mf/118527,2026-09-26 06:04:17.565643+00:00
S6:118528,https://api.mfapi.in/mf/118528,2026-09-26 06:04:07.585540+00:00
S6:118531,https://api.mfapi.in/mf/118531,2026-09-26 06:03:51.567375+00:00
S6:118533,https://api.mfapi.in/mf/118533,2026-09-26 06:03:47.569003+00:00
S6:118535,https://api.mfapi.in/mf/118535,2026-09-26 06:03:49.565188+00:00
S6:118537,https://api.mfapi.in/mf/118537,2026-09-26 06:03:45.570640+00:00
S6:118539,https://api.mfapi.in/mf/118539,2026-09-26 06:03:57.573568+00:00
S6:118540,https://api.mfapi.in/mf/118540,2026-09-26 06:04:29.562630+00:00
S6:118543,https://api.mfapi.in/mf/118543,2026-09-26 06:04:11.574996+00:00
S6:118546,https://api.mfapi.in/mf/118546,2026-09-26 06:03:55.578748+00:00
S6:118548,https://api.mfapi.in/mf/118548,2026-09-26 06:04:33.648947+00:00
S6:118551,https://api.mfapi.in/mf/118551,2026-09-26 06:04:27.565890+00:00
S6:118557,https://api.mfapi.in/mf/118557,2026-09-26 06:04:25.572685+00:00
S6:118559,https://api.mfapi.in/mf/118559,2026-09-26 06:04:21.566533+00:00
S6:118560,https://api.mfapi.in/mf/118560,2026-09-26 06:04:23.525038+00:00
S6:118564,https://api.mfapi.in/mf/118564,2026-09-26 06:04:19.560613+00:00
S6:118569,https://api.mfapi.in/mf/118569,2026-09-26 06:03:53.562626+00:00
S6:118574,https://api.mfapi.in/mf/118574,2026-09-26 06:03:59.588408+00:00
S6:118577,https://api.mfapi.in/mf/118577,2026-09-26 06:04:31.575394+00:00
S6:118581,https://api.mfapi.in/mf/118581,2026-09-26 06:04:01.563575+00:00
S6:118585,https://api.mfapi.in/mf/118585,2026-09-26 06:26:55.561967+00:00
S6:118589,https://api.mfapi.in/mf/118589,2026-09-26 06:26:49.604453+00:00
S6:118615,https://api.mfapi.in/mf/118615,2026-09-26 06:47:31.533702+00:00
S6:118617,https://api.mfapi.in/mf/118617,2026-09-26 06:47:33.528088+00:00
S6:118620,https://api.mfapi.in/mf/118620,2026-09-26 06:47:35.525371+00:00
S6:118624,https://api.mfapi.in/mf/118624,2026-09-26 06:47:37.526768+00:00
S6:118632,https://api.mfapi.in/mf/118632,2026-09-26 06:26:47.574442+00:00
S6:118650,https://api.mfapi.in/mf/118650,2026-09-26 06:26:45.567779+00:00
S6:118656,https://api.mfapi.in/mf/118656,2026-09-26 06:26:09.575886+00:00
S6:118663,https://api.mfapi.in/mf/118663,2026-09-26 06:26:57.568059+00:00
S6:118668,https://api.mfapi.in/mf/118668,2026-09-26 06:26:11.563561+00:00
S6:118672,https://api.mfapi.in/mf/118672,2026-09-26 06:26:51.566838+00:00
S6:118678,https://api.mfapi.in/mf/118678,2026-09-26 06:26:13.574545+00:00
S6:118687,https://api.mfapi.in/mf/118687,2026-09-26 06:26:53.568584+00:00
S6:118691,https://api.mfapi.in/mf/118691,2026-09-26 06:26:15.523432+00:00
S6:118692,https://api.mfapi.in/mf/118692,2026-09-26 06:26:17.601342+00:00
S6:118701,https://api.mfapi.in/mf/118701,2026-09-26 06:27:03.575139+00:00
S6:118709,https://api.mfapi.in/mf/118709,2026-09-26 06:27:07.586724+00:00
S6:118719,https://api.mfapi.in/mf/118719,2026-09-26 06:27:05.568762+00:00
S6:118724,https://api.mfapi.in/mf/118724,2026-09-26 06:26:19.567456+00:00
S6:118726,https://api.mfapi.in/mf/118726,2026-09-26 06:27:01.564187+00:00
S6:118736,https://api.mfapi.in/mf/118736,2026-09-26 06:26:21.568444+00:00
S6:118741,https://api.mfapi.in/mf/118741,2026-09-26 06:26:23.565588+00:00
S6:118747,https://api.mfapi.in/mf/118747,2026-09-26 06:25:59.569288+00:00
S6:118759,https://api.mfapi.in/mf/118759,2026-09-26 06:26:25.574653+00:00
S6:118763,https://api.mfapi.in/mf/118763,2026-09-26 06:26:27.572641+00:00
S6:118769,https://api.mfapi.in/mf/118769,2026-09-26 06:26:29.562588+00:00
S6:118778,https://api.mfapi.in/mf/118778,2026-09-26 06:26:31.569368+00:00
S6:118780,https://api.mfapi.in/mf/118780,2026-09-26 06:26:01.566510+00:00
S6:118784,https://api.mfapi.in/mf/118784,2026-09-26 06:26:33.574597+00:00
S6:118791,https://api.mfapi.in/mf/118791,2026-09-26 06:26:35.562597+00:00
S6:118794,https://api.mfapi.in/mf/118794,2026-09-26 06:26:03.566040+00:00
S6:118796,https://api.mfapi.in/mf/118796,2026-09-26 06:26:05.567184+00:00
S6:118803,https://api.mfapi.in/mf/118803,2026-09-26 06:26:37.568749+00:00
S6:118814,https://api.mfapi.in/mf/118814,2026-09-26 06:26:07.561217+00:00
S6:118825,https://api.mfapi.in/mf/118825,2026-09-26 06:51:47.563839+00:00
S6:118834,https://api.mfapi.in/mf/118834,2026-09-26 06:51:49.573614+00:00
S6:118837,https://api.mfapi.in/mf/118837,2026-09-26 06:51:51.567313+00:00
S6:118840,https://api.mfapi.in/mf/118840,2026-09-26 06:51:53.579507+00:00
S6:118859,https://api.mfapi.in/mf/118859,2026-09-26 06:51:55.631593+00:00
S6:118866,https://api.mfapi.in/mf/118866,2026-09-26 06:02:55.569566+00:00
S6:118868,https://api.mfapi.in/mf/118868,2026-09-26 06:02:59.525095+00:00
S6:118870,https://api.mfapi.in/mf/118870,2026-09-26 06:02:49.527004+00:00
S6:118872,https://api.mfapi.in/mf/118872,2026-09-26 06:02:51.527006+00:00
S6:118876,https://api.mfapi.in/mf/118876,2026-09-26 06:02:57.530909+00:00
S6:118879,https://api.mfapi.in/mf/118879,2026-09-26 06:02:53.526643+00:00
S6:118881,https://api.mfapi.in/mf/118881,2026-09-26 06:03:01.636003+00:00
S6:118883,https://api.mfapi.in/mf/118883,2026-09-26 06:02:47.567944+00:00
S6:118901,https://api.mfapi.in/mf/118901,2026-10-04 11:38:52.523986+00:00
S6:118924,https://api.mfapi.in/mf/118924,2026-09-26 06:45:29.567703+00:00
S6:118935,https://api.mfapi.in/mf/118935,2026-09-26 06:16:09.573647+00:00
S6:118942,https://api.mfapi.in/mf/118942,2026-09-26 06:16:11.561977+00:00
S6:118950,https://api.mfapi.in/mf/118950,2026-09-26 06:16:13.569016+00:00
S6:118955,https://api.mfapi.in/mf/118955,2026-09-26 06:16:07.566831+00:00
S6:118961,https://api.mfapi.in/mf/118961,2026-09-26 06:16:15.563976+00:00
S6:118968,https://api.mfapi.in/mf/118968,2026-09-26 06:16:21.622094+00:00
S6:118979,https://api.mfapi.in/mf/118979,2026-09-26 06:16:33.573077+00:00
S6:118987,https://api.mfapi.in/mf/118987,2026-09-26 06:16:35.567086+00:00
S6:118989,https://api.mfapi.in/mf/118989,2026-09-26 06:16:39.644233+00:00
S6:118994,https://api.mfapi.in/mf/118994,2026-09-26 06:45:35.666687+00:00
S6:119016,https://api.mfapi.in/mf/119016,2026-09-26 06:16:47.592010+00:00
S6:119018,https://api.mfapi.in/mf/119018,2026-09-26 06:16:51.563451+00:00
S6:119019,https://api.mfapi.in/mf/119019,2026-09-26 06:45:39.575173+00:00
S6:119028,https://api.mfapi.in/mf/119028,2026-09-26 06:46:07.569277+00:00
S6:119053,https://api.mfapi.in/mf/119053,2026-09-26 06:38:09.566744+00:00
S6:119060,https://api.mfapi.in/mf/119060,2026-09-26 06:16:49.566094+00:00
S6:119062,https://api.mfapi.in/mf/119062,2026-09-26 06:16:45.669938+00:00
S6:119063,https://api.mfapi.in/mf/119063,2026-09-26 06:16:29.565525+00:00
S6:119065,https://api.mfapi.in/mf/119065,2026-09-26 06:16:31.568207+00:00
S6:119066,https://api.mfapi.in/mf/119066,2026-09-26 06:18:35.578734+00:00
S6:119069,https://api.mfapi.in/mf/119069,2026-09-26 06:16:27.579331+00:00
S6:119071,https://api.mfapi.in/mf/119071,2026-09-26 06:46:05.569233+00:00
S6:119075,https://api.mfapi.in/mf/119075,2026-09-26 06:16:23.568160+00:00
S6:119076,https://api.mfapi.in/mf/119076,2026-09-26 06:45:57.563212+00:00
S6:119081,https://api.mfapi.in/mf/119081,2026-09-26 06:16:25.570300+00:00
S6:119082,https://api.mfapi.in/mf/119082,2026-09-26 06:45:49.565858+00:00
S6:119091,https://api.mfapi.in/mf/119091,2026-09-26 06:17:07.574763+00:00
S6:119092,https://api.mfapi.in/mf/119092,2026-09-26 06:17:11.569220+00:00
S6:119096,https://api.mfapi.in/mf/119096,2026-09-26 06:45:41.605400+00:00
S6:119097,https://api.mfapi.in/mf/119097,2026-09-26 06:38:11.523071+00:00
S6:119099,https://api.mfapi.in/mf/119099,2026-09-26 06:45:31.557489+00:00
S6:119106,https://api.mfapi.in/mf/119106,2026-09-26 06:45:37.560840+00:00
S6:119110,https://api.mfapi.in/mf/119110,2026-09-26 06:17:09.649779+00:00
S6:119116,https://api.mfapi.in/mf/119116,2026-09-26 06:16:17.570932+00:00
S6:119118,https://api.mfapi.in/mf/119118,2026-09-26 06:16:37.568283+00:00
S6:119125,https://api.mfapi.in/mf/119125,2026-09-26 06:46:13.596936+00:00
S6:119128,https://api.mfapi.in/mf/119128,2026-09-26 06:16:41.560673+00:00
S6:119131,https://api.mfapi.in/mf/119131,2026-09-26 06:16:43.564593+00:00
S6:119132,https://api.mfapi.in/mf/119132,2026-09-26 06:16:19.572239+00:00
S6:119133,https://api.mfapi.in/mf/119133,2026-09-26 06:43:43.523731+00:00
S6:119135,https://api.mfapi.in/mf/119135,2026-09-26 06:43:41.643275+00:00
S6:119160,https://api.mfapi.in/mf/119160,2026-09-26 06:38:45.566322+00:00
S6:119163,https://api.mfapi.in/mf/119163,2026-09-26 06:00:59.415023+00:00
S6:119172,https://api.mfapi.in/mf/119172,2026-09-26 06:38:15.563625+00:00
S6:119178,https://api.mfapi.in/mf/119178,2026-09-26 06:38:31.579445+00:00
S6:119202,https://api.mfapi.in/mf/119202,2026-09-26 06:38:07.567517+00:00
S6:119205,https://api.mfapi.in/mf/119205,2026-09-26 06:45:47.574650+00:00
S6:119212,https://api.mfapi.in/mf/119212,2026-09-26 06:46:09.561505+00:00
S6:119218,https://api.mfapi.in/mf/119218,2026-09-26 06:45:59.563764+00:00
S6:119226,https://api.mfapi.in/mf/119226,2026-09-26 06:45:33.566348+00:00
S6:119231,https://api.mfapi.in/mf/119231,2026-09-26 06:38:13.582351+00:00
S6:119239,https://api.mfapi.in/mf/119239,2026-09-26 06:46:11.570431+00:00
S6:119242,https://api.mfapi.in/mf/119242,2026-09-26 06:45:45.632049+00:00
S6:119243,https://api.mfapi.in/mf/119243,2026-09-26 06:38:27.571752+00:00
S6:119247,https://api.mfapi.in/mf/119247,2026-09-26 06:46:03.575685+00:00
S6:119250,https://api.mfapi.in/mf/119250,2026-09-26 06:46:01.568092+00:00
S6:119251,https://api.mfapi.in/mf/119251,2026-09-26 06:38:39.566589+00:00
S6:119252,https://api.mfapi.in/mf/119252,2026-09-26 06:45:43.565280+00:00
S6:119255,https://api.mfapi.in/mf/119255,2026-09-26 06:38:37.568751+00:00
S6:119256,https://api.mfapi.in/mf/119256,2026-09-26 06:38:35.575353+00:00
S6:119275,https://api.mfapi.in/mf/119275,2026-09-26 06:45:53.558751+00:00
S6:119277,https://api.mfapi.in/mf/119277,2026-09-26 06:45:51.567430+00:00
S6:119279,https://api.mfapi.in/mf/119279,2026-09-26 06:45:55.569039+00:00
S6:119287,https://api.mfapi.in/mf/119287,2026-09-26 06:38:25.566048+00:00
S6:119288,https://api.mfapi.in/mf/119288,2026-09-26 06:38:23.576412+00:00
S6:119292,https://api.mfapi.in/mf/119292,2026-09-26 06:42:05.581473+00:00
S6:119303,https://api.mfapi.in/mf/119303,2026-09-26 06:42:07.594420+00:00
S6:119307,https://api.mfapi.in/mf/119307,2026-09-26 06:42:09.559351+00:00
S6:119311,https://api.mfapi.in/mf/119311,2026-09-26 06:42:11.567481+00:00
S6:119312,https://api.mfapi.in/mf/119312,2026-09-26 06:38:43.568786+00:00
S6:119333,https://api.mfapi.in/mf/119333,2026-09-26 07:00:59.568579+00:00
S6:119341,https://api.mfapi.in/mf/119341,2026-09-26 07:01:01.592288+00:00
S6:119350,https://api.mfapi.in/mf/119350,2026-09-26 06:50:05.525281+00:00
S6:119351,https://api.mfapi.in/mf/119351,2026-09-26 06:50:15.525318+00:00
S6:119354,https://api.mfapi.in/mf/119354,2026-09-26 07:01:03.629024+00:00
S6:119364,https://api.mfapi.in/mf/119364,2026-09-26 06:50:07.524811+00:00
S6:119369,https://api.mfapi.in/mf/119369,2026-09-26 06:50:11.576660+00:00
S6:119379,https://api.mfapi.in/mf/119379,2026-09-26 06:50:17.597132+00:00
S6:119382,https://api.mfapi.in/mf/119382,2026-09-26 06:50:09.570697+00:00
S6:119393,https://api.mfapi.in/mf/119393,2026-09-26 06:50:13.575143+00:00
S6:119400,https://api.mfapi.in/mf/119400,2026-09-26 07:01:07.631959+00:00
S6:119415,https://api.mfapi.in/mf/119415,2026-09-26 07:01:05.577145+00:00
S6:119424,https://api.mfapi.in/mf/119424,2026-09-26 06:38:29.571991+00:00
S6:119436,https://api.mfapi.in/mf/119436,2026-09-26 06:32:03.568525+00:00
S6:119498,https://api.mfapi.in/mf/119498,2026-09-26 06:32:31.575523+00:00
S6:119501,https://api.mfapi.in/mf/119501,2026-09-26 06:31:53.572417+00:00
S6:119505,https://api.mfapi.in/mf/119505,2026-09-26 06:31:45.612442+00:00
S6:119507,https://api.mfapi.in/mf/119507,2026-09-26 06:32:11.623620+00:00
S6:119511,https://api.mfapi.in/mf/119511,2026-09-26 06:31:55.566276+00:00
S6:119514,https://api.mfapi.in/mf/119514,2026-09-26 06:32:17.524511+00:00
S6:119517,https://api.mfapi.in/mf/119517,2026-09-26 06:32:23.564999+00:00
S6:119523,https://api.mfapi.in/mf/119523,2026-09-26 06:32:35.578295+00:00
S6:119526,https://api.mfapi.in/mf/119526,2026-09-26 06:32:05.557986+00:00
S6:119528,https://api.mfapi.in/mf/119528,2026-09-26 06:32:43.569990+00:00
S6:119533,https://api.mfapi.in/mf/119533,2026-09-26 06:31:49.559108+00:00
S6:119539,https://api.mfapi.in/mf/119539,2026-09-26 06:32:27.577714+00:00
S6:119544,https://api.mfapi.in/mf/119544,2026-09-26 06:31:51.525739+00:00
S6:119549,https://api.mfapi.in/mf/119549,2026-09-26 06:59:51.569600+00:00
S6:119550,https://api.mfapi.in/mf/119550,2026-09-26 06:32:39.572444+00:00
S6:119556,https://api.mfapi.in/mf/119556,2026-09-26 06:32:19.577984+00:00
S6:119564,https://api.mfapi.in/mf/119564,2026-09-26 06:32:15.582318+00:00
S6:119566,https://api.mfapi.in/mf/119566,2026-09-26 07:00:01.576303+00:00
S6:119568,https://api.mfapi.in/mf/119568,2026-09-26 06:31:59.649033+00:00
S6:119574,https://api.mfapi.in/mf/119574,2026-09-26 06:22:39.562007+00:00
S6:119581,https://api.mfapi.in/mf/119581,2026-09-26 06:59:43.570081+00:00
S6:119588,https://api.mfapi.in/mf/119588,2026-09-26 06:59:49.562494+00:00
S6:119591,https://api.mfapi.in/mf/119591,2026-09-26 06:32:13.563957+00:00
S6:119595,https://api.mfapi.in/mf/119595,2026-09-26 06:59:47.563313+00:00
S6:119597,https://api.mfapi.in/mf/119597,2026-09-26 06:59:45.568717+00:00
S6:119598,https://api.mfapi.in/mf/119598,2026-09-26 06:22:41.616776+00:00
S6:119602,https://api.mfapi.in/mf/119602,2026-09-26 06:59:55.566089+00:00
S6:119605,https://api.mfapi.in/mf/119605,2026-09-26 06:32:33.567369+00:00
S6:119609,https://api.mfapi.in/mf/119609,2026-09-26 06:22:57.593500+00:00
S6:119620,https://api.mfapi.in/mf/119620,2026-09-26 06:31:47.562887+00:00
S6:119621,https://api.mfapi.in/mf/119621,2026-09-26 06:59:53.565964+00:00
S6:119635,https://api.mfapi.in/mf/119635,2026-09-26 06:59:57.562087+00:00
S6:119646,https://api.mfapi.in/mf/119646,2026-09-26 06:32:07.577156+00:00
S6:119648,https://api.mfapi.in/mf/119648,2026-09-26 06:32:09.564539+00:00
S6:119657,https://api.mfapi.in/mf/119657,2026-09-26 06:32:25.575527+00:00
S6:119658,https://api.mfapi.in/mf/119658,2026-09-26 06:32:21.576223+00:00
S6:119671,https://api.mfapi.in/mf/119671,2026-09-26 06:22:45.565990+00:00
S6:119675,https://api.mfapi.in/mf/119675,2026-09-26 06:59:59.569061+00:00
S6:119700,https://api.mfapi.in/mf/119700,2026-09-26 06:22:53.564191+00:00
S6:119705,https://api.mfapi.in/mf/119705,2026-09-26 06:22:59.566739+00:00
S6:119707,https://api.mfapi.in/mf/119707,2026-09-26 06:23:03.564696+00:00
S6:119709,https://api.mfapi.in/mf/119709,2026-09-26 06:23:01.569140+00:00
S6:119711,https://api.mfapi.in/mf/119711,2026-09-26 06:23:07.575819+00:00
S6:119714,https://api.mfapi.in/mf/119714,2026-09-26 06:23:09.565376+00:00
S6:119716,https://api.mfapi.in/mf/119716,2026-09-26 06:23:23.558434+00:00
S6:119718,https://api.mfapi.in/mf/119718,2026-09-26 06:23:29.568189+00:00
S6:119719,https://api.mfapi.in/mf/119719,2026-09-26 06:22:37.566229+00:00
S6:119721,https://api.mfapi.in/mf/119721,2026-09-26 06:23:31.576282+00:00
S6:119723,https://api.mfapi.in/mf/119723,2026-09-26 06:23:33.569478+00:00
S6:119727,https://api.mfapi.in/mf/119727,2026-09-26 06:22:47.569719+00:00
S6:119732,https://api.mfapi.in/mf/119732,2026-09-26 06:23:39.570443+00:00
S6:119735,https://api.mfapi.in/mf/119735,2026-09-26 06:12:03.572592+00:00
S6:119739,https://api.mfapi.in/mf/119739,2026-09-26 06:12:05.564944+00:00
S6:119741,https://api.mfapi.in/mf/119741,2026-09-26 06:12:37.618605+00:00
S6:119746,https://api.mfapi.in/mf/119746,2026-09-26 06:12:41.629397+00:00
S6:119750,https://api.mfapi.in/mf/119750,2026-09-26 06:12:07.569609+00:00
S6:119755,https://api.mfapi.in/mf/119755,2026-09-26 06:12:09.600563+00:00
S6:119759,https://api.mfapi.in/mf/119759,2026-09-26 06:12:13.626180+00:00
S6:119766,https://api.mfapi.in/mf/119766,2026-09-26 06:12:43.653706+00:00
S6:119769,https://api.mfapi.in/mf/119769,2026-09-26 06:12:21.605585+00:00
S6:119771,https://api.mfapi.in/mf/119771,2026-09-26 06:12:23.561718+00:00
S6:119773,https://api.mfapi.in/mf/119773,2026-09-26 06:12:27.571593+00:00
S6:119775,https://api.mfapi.in/mf/119775,2026-09-26 06:12:33.560751+00:00
S6:119777,https://api.mfapi.in/mf/119777,2026-09-26 06:12:29.578132+00:00
S6:119779,https://api.mfapi.in/mf/119779,2026-09-26 06:12:35.571348+00:00
S6:119781,https://api.mfapi.in/mf/119781,2026-09-26 06:12:39.599748+00:00
S6:119783,https://api.mfapi.in/mf/119783,2026-09-26 06:23:35.567536+00:00
S6:119788,https://api.mfapi.in/mf/119788,2026-09-26 06:22:51.569054+00:00
S6:119798,https://api.mfapi.in/mf/119798,2026-09-26 06:23:11.570058+00:00
S6:119800,https://api.mfapi.in/mf/119800,2026-09-26 06:23:37.573958+00:00
S6:119812,https://api.mfapi.in/mf/119812,2026-09-26 06:23:47.574891+00:00
S6:119816,https://api.mfapi.in/mf/119816,2026-09-26 06:23:45.572205+00:00
S6:119821,https://api.mfapi.in/mf/119821,2026-09-26 06:23:13.562413+00:00
S6:119824,https://api.mfapi.in/mf/119824,2026-09-26 06:23:43.618019+00:00
S6:119827,https://api.mfapi.in/mf/119827,2026-09-26 06:23:17.566773+00:00
S6:119828,https://api.mfapi.in/mf/119828,2026-09-26 06:23:19.575338+00:00
S6:119833,https://api.mfapi.in/mf/119833,2026-09-26 06:23:21.583742+00:00
S6:119835,https://api.mfapi.in/mf/119835,2026-09-26 06:22:43.564587+00:00
S6:119839,https://api.mfapi.in/mf/119839,2026-09-26 06:23:25.572449+00:00
S6:119843,https://api.mfapi.in/mf/119843,2026-09-26 06:23:27.560895+00:00
S6:119861,https://api.mfapi.in/mf/119861,2026-09-26 06:38:47.572099+00:00
S6:119863,https://api.mfapi.in/mf/119863,2026-09-26 06:38:17.570587+00:00
S6:119876,https://api.mfapi.in/mf/119876,2026-09-26 06:38:21.525643+00:00
S6:119949,https://api.mfapi.in/mf/119949,2026-09-26 06:38:41.591914+00:00
S6:119953,https://api.mfapi.in/mf/119953,2026-09-26 06:38:19.567464+00:00
S6:119960,https://api.mfapi.in/mf/119960,2026-09-26 06:38:33.641008+00:00
S6:120030,https://api.mfapi.in/mf/120030,2026-09-26 06:40:41.566634+00:00
S6:120035,https://api.mfapi.in/mf/120035,2026-09-26 06:40:37.634444+00:00
S6:120037,https://api.mfapi.in/mf/120037,2026-09-26 06:01:00.287044+00:00
S6:120043,https://api.mfapi.in/mf/120043,2026-09-26 06:40:39.581306+00:00
S6:120046,https://api.mfapi.in/mf/120046,2026-09-26 06:40:45.568163+00:00
S6:120059,https://api.mfapi.in/mf/120059,2026-09-26 06:40:43.560519+00:00
S6:120073,https://api.mfapi.in/mf/120073,2026-09-26 06:40:47.564626+00:00
S6:120084,https://api.mfapi.in/mf/120084,2026-09-26 06:43:11.578785+00:00
S6:120137,https://api.mfapi.in/mf/120137,2026-09-26 06:23:05.563767+00:00
S6:120152,https://api.mfapi.in/mf/120152,2026-09-26 06:12:19.577623+00:00
S6:120154,https://api.mfapi.in/mf/120154,2026-09-26 06:12:11.575956+00:00
S6:120158,https://api.mfapi.in/mf/120158,2026-09-26 06:12:25.590090+00:00
S6:120164,https://api.mfapi.in/mf/120164,2026-09-26 06:12:17.560057+00:00
S6:120166,https://api.mfapi.in/mf/120166,2026-09-26 06:12:31.562794+00:00
S6:120186,https://api.mfapi.in/mf/120186,2026-09-26 06:09:21.525752+00:00
S6:120197,https://api.mfapi.in/mf/120197,2026-09-26 06:08:43.614610+00:00
S6:120211,https://api.mfapi.in/mf/120211,2026-09-26 06:08:45.568100+00:00
S6:120242,https://api.mfapi.in/mf/120242,2026-09-26 06:08:59.664708+00:00
S6:120244,https://api.mfapi.in/mf/120244,2026-09-26 06:08:11.525441+00:00
S6:120249,https://api.mfapi.in/mf/120249,2026-09-26 06:50:53.635751+00:00
S6:120251,https://api.mfapi.in/mf/120251,2026-09-26 06:09:09.571283+00:00
S6:120256,https://api.mfapi.in/mf/120256,2026-09-26 06:07:59.591946+00:00
S6:120259,https://api.mfapi.in/mf/120259,2026-09-26 06:01:01.562466+00:00
S6:120261,https://api.mfapi.in/mf/120261,2026-09-26 06:50:55.573599+00:00
S6:120264,https://api.mfapi.in/mf/120264,2026-09-26 06:50:57.570254+00:00
S6:120267,https://api.mfapi.in/mf/120267,2026-09-26 06:50:59.574102+00:00
S6:120270,https://api.mfapi.in/mf/120270,2026-09-26 06:51:01.567301+00:00
S6:120276,https://api.mfapi.in/mf/120276,2026-09-26 06:51:03.563725+00:00
S6:120279,https://api.mfapi.in/mf/120279,2026-09-26 06:51:05.569384+00:00
S6:120282,https://api.mfapi.in/mf/120282,2026-09-26 06:51:07.567252+00:00
S6:120285,https://api.mfapi.in/mf/120285,2026-09-26 06:51:09.649931+00:00
S6:120299,https://api.mfapi.in/mf/120299,2026-09-26 06:54:29.569420+00:00
S6:120304,https://api.mfapi.in/mf/120304,2026-09-26 06:54:55.572392+00:00
S6:120307,https://api.mfapi.in/mf/120307,2026-09-26 06:51:11.570967+00:00
S6:120308,https://api.mfapi.in/mf/120308,2026-09-26 06:51:13.569364+00:00
S6:120313,https://api.mfapi.in/mf/120313,2026-09-26 06:09:01.566119+00:00
S6:120315,https://api.mfapi.in/mf/120315,2026-09-26 06:51:15.570048+00:00
S6:120323,https://api.mfapi.in/mf/120323,2026-09-26 06:08:07.564296+00:00
S6:120333,https://api.mfapi.in/mf/120333,2026-09-26 06:30:37.526509+00:00
S6:120334,https://api.mfapi.in/mf/120334,2026-09-26 06:08:19.564343+00:00
S6:120338,https://api.mfapi.in/mf/120338,2026-09-26 06:51:17.572910+00:00
S6:120348,https://api.mfapi.in/mf/120348,2026-09-26 06:30:35.524395+00:00
S6:120351,https://api.mfapi.in/mf/120351,2026-09-26 06:51:19.564006+00:00
S6:120357,https://api.mfapi.in/mf/120357,2026-09-26 06:30:39.531098+00:00
S6:120364,https://api.mfapi.in/mf/120364,2026-09-26 06:08:29.568929+00:00
S6:120377,https://api.mfapi.in/mf/120377,2026-09-26 06:08:05.527346+00:00
S6:120381,https://api.mfapi.in/mf/120381,2026-09-26 06:08:01.566622+00:00
S6:120385,https://api.mfapi.in/mf/120385,2026-09-26 06:30:31.526957+00:00
S6:120389,https://api.mfapi.in/mf/120389,2026-09-26 06:57:47.584778+00:00
S6:120392,https://api.mfapi.in/mf/120392,2026-09-26 06:30:33.524425+00:00
S6:120395,https://api.mfapi.in/mf/120395,2026-09-26 06:30:47.526096+00:00
S6:120398,https://api.mfapi.in/mf/120398,2026-09-26 06:08:39.645857+00:00
S6:120401,https://api.mfapi.in/mf/120401,2026-09-26 06:30:27.564150+00:00
S6:120403,https://api.mfapi.in/mf/120403,2026-09-26 06:30:45.524170+00:00
S6:120405,https://api.mfapi.in/mf/120405,2026-09-26 06:30:41.523842+00:00
S6:120413,https://api.mfapi.in/mf/120413,2026-09-26 06:30:43.523645+00:00
S6:120416,https://api.mfapi.in/mf/120416,2026-09-26 06:30:51.523482+00:00
S6:120425,https://api.mfapi.in/mf/120425,2026-09-26 06:08:41.642632+00:00
S6:120430,https://api.mfapi.in/mf/120430,2026-09-26 06:19:17.562178+00:00
S6:120435,https://api.mfapi.in/mf/120435,2026-09-26 06:19:19.564216+00:00
S6:120438,https://api.mfapi.in/mf/120438,2026-09-26 06:57:45.590508+00:00
S6:120444,https://api.mfapi.in/mf/120444,2026-09-26 06:30:29.570275+00:00
S6:120447,https://api.mfapi.in/mf/120447,2026-09-26 06:57:49.563261+00:00
S6:120451,https://api.mfapi.in/mf/120451,2026-09-26 06:57:51.575205+00:00
S6:120465,https://api.mfapi.in/mf/120465,2026-09-26 06:57:53.524647+00:00
S6:120468,https://api.mfapi.in/mf/120468,2026-09-26 06:57:43.523611+00:00
S6:120473,https://api.mfapi.in/mf/120473,2026-09-26 06:57:55.563661+00:00
S6:120475,https://api.mfapi.in/mf/120475,2026-09-26 06:57:57.577484+00:00
S6:120480,https://api.mfapi.in/mf/120480,2026-09-26 06:58:01.567055+00:00
S6:120482,https://api.mfapi.in/mf/120482,2026-09-26 06:19:03.573712+00:00
S6:120484,https://api.mfapi.in/mf/120484,2026-09-26 06:19:05.566211+00:00
S6:120486,https://api.mfapi.in/mf/120486,2026-09-26 06:19:07.573955+00:00
S6:120488,https://api.mfapi.in/mf/120488,2026-09-26 06:19:09.571314+00:00
S6:120490,https://api.mfapi.in/mf/120490,2026-09-26 06:19:11.649036+00:00
S6:120492,https://api.mfapi.in/mf/120492,2026-09-26 06:19:13.569575+00:00
S6:120494,https://api.mfapi.in/mf/120494,2026-09-26 06:19:15.566701+00:00
S6:120497,https://api.mfapi.in/mf/120497,2026-09-26 06:30:55.582049+00:00
S6:120503,https://api.mfapi.in/mf/120503,2026-09-26 06:58:11.649024+00:00
S6:120505,https://api.mfapi.in/mf/120505,2026-09-26 06:58:03.530691+00:00
S6:120507,https://api.mfapi.in/mf/120507,2026-09-26 06:30:57.571538+00:00
S6:120510,https://api.mfapi.in/mf/120510,2026-09-26 06:58:05.659402+00:00
S6:120513,https://api.mfapi.in/mf/120513,2026-09-26 06:58:07.642977+00:00
S6:120517,https://api.mfapi.in/mf/120517,2026-09-26 06:32:45.564317+00:00
S6:120520,https://api.mfapi.in/mf/120520,2026-09-26 06:30:59.569071+00:00
S6:120524,https://api.mfapi.in/mf/120524,2026-09-26 06:58:09.562546+00:00
S6:120531,https://api.mfapi.in/mf/120531,2026-09-26 06:30:49.573922+00:00
S6:120539,https://api.mfapi.in/mf/120539,2026-09-26 06:32:01.530085+00:00
S6:120541,https://api.mfapi.in/mf/120541,2026-09-26 06:31:01.563375+00:00
S6:120546,https://api.mfapi.in/mf/120546,2026-09-26 06:32:41.571680+00:00
S6:120560,https://api.mfapi.in/mf/120560,2026-09-26 06:31:03.560405+00:00
S6:120564,https://api.mfapi.in/mf/120564,2026-09-26 06:32:37.572946+00:00
S6:120570,https://api.mfapi.in/mf/120570,2026-09-26 06:30:53.572000+00:00
S6:120575,https://api.mfapi.in/mf/120575,2026-09-26 06:22:49.585519+00:00
S6:120576,https://api.mfapi.in/mf/120576,2026-10-04 12:00:24.735191+00:00
S6:120577,https://api.mfapi.in/mf/120577,2026-10-04 12:00:26.739525+00:00
S6:120578,https://api.mfapi.in/mf/120578,2026-09-26 06:22:55.588422+00:00
S6:120579,https://api.mfapi.in/mf/120579,2026-09-26 06:09:13.571236+00:00
S6:120586,https://api.mfapi.in/mf/120586,2026-09-26 06:08:27.529835+00:00
S6:120587,https://api.mfapi.in/mf/120587,2026-09-26 06:09:17.593063+00:00
S6:120590,https://api.mfapi.in/mf/120590,2026-09-26 06:08:33.573680+00:00
S6:120591,https://api.mfapi.in/mf/120591,2026-09-26 06:08:21.526042+00:00
S6:120592,https://api.mfapi.in/mf/120592,2026-09-26 06:09:11.634248+00:00
S6:120594,https://api.mfapi.in/mf/120594,2026-09-26 06:09:19.562082+00:00
S6:120596,https://api.mfapi.in/mf/120596,2026-09-26 06:08:03.583163+00:00
S6:120599,https://api.mfapi.in/mf/120599,2026-09-26 06:08:15.622547+00:00
S6:120603,https://api.mfapi.in/mf/120603,2026-09-26 06:08:25.570883+00:00
S6:120616,https://api.mfapi.in/mf/120616,2026-09-26 06:08:47.610268+00:00
S6:120619,https://api.mfapi.in/mf/120619,2026-09-26 06:08:55.575908+00:00
S6:120620,https://api.mfapi.in/mf/120620,2026-09-26 06:08:09.567572+00:00
S6:120621,https://api.mfapi.in/mf/120621,2026-09-26 06:08:35.562857+00:00
S6:120656,https://api.mfapi.in/mf/120656,2026-09-26 06:54:13.625322+00:00
S6:120662,https://api.mfapi.in/mf/120662,2026-09-26 06:53:53.576012+00:00
S6:120665,https://api.mfapi.in/mf/120665,2026-09-26 06:54:09.565506+00:00
S6:120670,https://api.mfapi.in/mf/120670,2026-09-26 06:08:17.562917+00:00
S6:120674,https://api.mfapi.in/mf/120674,2026-09-26 06:53:45.563802+00:00
S6:120676,https://api.mfapi.in/mf/120676,2026-09-26 06:08:49.572136+00:00
S6:120679,https://api.mfapi.in/mf/120679,2026-09-26 06:09:03.567908+00:00
S6:120682,https://api.mfapi.in/mf/120682,2026-09-26 06:54:07.571421+00:00
S6:120684,https://api.mfapi.in/mf/120684,2026-09-26 06:09:15.564731+00:00
S6:120685,https://api.mfapi.in/mf/120685,2026-09-26 06:08:51.625801+00:00
S6:120688,https://api.mfapi.in/mf/120688,2026-09-26 06:08:57.526726+00:00
S6:120689,https://api.mfapi.in/mf/120689,2026-09-26 06:53:49.564620+00:00
S6:120692,https://api.mfapi.in/mf/120692,2026-09-26 06:08:23.578644+00:00
S6:120700,https://api.mfapi.in/mf/120700,2026-09-26 06:09:05.563427+00:00
S6:120702,https://api.mfapi.in/mf/120702,2026-09-26 06:09:07.638969+00:00
S6:120705,https://api.mfapi.in/mf/120705,2026-09-26 06:32:29.569142+00:00
S6:120711,https://api.mfapi.in/mf/120711,2026-09-26 06:08:53.570790+00:00
S6:120715,https://api.mfapi.in/mf/120715,2026-09-26 06:53:55.570501+00:00
S6:120716,https://api.mfapi.in/mf/120716,2026-09-26 06:54:23.588242+00:00
S6:120718,https://api.mfapi.in/mf/120718,2026-09-26 06:54:31.570757+00:00
S6:120722,https://api.mfapi.in/mf/120722,2026-09-26 06:08:37.560277+00:00
S6:120724,https://api.mfapi.in/mf/120724,2026-09-26 06:56:07.560497+00:00
S6:120726,https://api.mfapi.in/mf/120726,2026-09-26 06:54:05.575399+00:00
S6:120728,https://api.mfapi.in/mf/120728,2026-09-26 06:54:03.564816+00:00
S6:120731,https://api.mfapi.in/mf/120731,2026-09-26 06:53:43.569790+00:00
S6:120733,https://api.mfapi.in/mf/120733,2026-09-26 06:53:47.566758+00:00
S6:120735,https://api.mfapi.in/mf/120735,2026-09-26 06:54:27.565239+00:00
S6:120743,https://api.mfapi.in/mf/120743,2026-09-26 06:08:31.578600+00:00
S6:120746,https://api.mfapi.in/mf/120746,2026-09-26 06:53:57.576250+00:00
S6:120749,https://api.mfapi.in/mf/120749,2026-09-26 06:53:51.573338+00:00
S6:120751,https://api.mfapi.in/mf/120751,2026-09-26 06:54:15.591561+00:00
S6:120754,https://api.mfapi.in/mf/120754,2026-09-26 06:08:13.561265+00:00
S6:120760,https://api.mfapi.in/mf/120760,2026-09-26 06:54:17.567906+00:00
S6:120762,https://api.mfapi.in/mf/120762,2026-09-26 06:54:25.558923+00:00
S6:120764,https://api.mfapi.in/mf/120764,2026-09-26 06:54:33.559490+00:00
S6:120766,https://api.mfapi.in/mf/120766,2026-09-26 06:54:39.572150+00:00
S6:120771,https://api.mfapi.in/mf/120771,2026-09-26 06:56:05.559735+00:00
S6:120779,https://api.mfapi.in/mf/120779,2026-09-26 06:54:11.585722+00:00
S6:120780,https://api.mfapi.in/mf/120780,2026-09-26 06:54:19.573472+00:00
S6:120782,https://api.mfapi.in/mf/120782,2026-09-26 06:54:01.568365+00:00
S6:120784,https://api.mfapi.in/mf/120784,2026-09-26 06:01:03.640147+00:00
S6:120785,https://api.mfapi.in/mf/120785,2026-09-26 06:56:13.579828+00:00
S6:120792,https://api.mfapi.in/mf/120792,2026-09-26 06:53:59.625734+00:00
S6:120795,https://api.mfapi.in/mf/120795,2026-09-26 06:56:11.573653+00:00
S6:120819,https://api.mfapi.in/mf/120819,2026-09-26 07:01:49.609965+00:00
S6:120821,https://api.mfapi.in/mf/120821,2026-09-26 07:01:51.564622+00:00
S6:120823,https://api.mfapi.in/mf/120823,2026-09-26 07:01:53.567295+00:00
S6:120826,https://api.mfapi.in/mf/120826,2026-09-26 07:01:55.571522+00:00
S6:120828,https://api.mfapi.in/mf/120828,2026-09-26 07:01:57.566203+00:00
S6:120833,https://api.mfapi.in/mf/120833,2026-09-26 07:01:59.561169+00:00
S6:120834,https://api.mfapi.in/mf/120834,2026-09-26 07:02:01.627390+00:00
S6:120841,https://api.mfapi.in/mf/120841,2026-09-26 07:02:03.566612+00:00
S6:120843,https://api.mfapi.in/mf/120843,2026-09-26 07:02:05.572248+00:00
S6:120847,https://api.mfapi.in/mf/120847,2026-09-26 07:02:07.566534+00:00
S6:121146,https://api.mfapi.in/mf/121146,2026-09-26 06:25:57.564499+00:00
S6:121279,https://api.mfapi.in/mf/121279,2026-09-26 06:19:45.524429+00:00
S6:121280,https://api.mfapi.in/mf/121280,2026-10-04 11:57:16.690243+00:00
S6:121699,https://api.mfapi.in/mf/121699,2026-10-04 12:03:34.506072+00:00
S6:121701,https://api.mfapi.in/mf/121701,2026-09-26 06:26:39.300711+00:00
S6:122387,https://api.mfapi.in/mf/122387,2026-10-04 12:11:06.726478+00:00
S6:122389,https://api.mfapi.in/mf/122389,2026-09-26 06:35:13.567757+00:00
S6:122612,https://api.mfapi.in/mf/122612,2026-10-04 12:17:28.686845+00:00
S6:122639,https://api.mfapi.in/mf/122639,2026-09-26 06:59:25.560500+00:00
S6:122640,https://api.mfapi.in/mf/122640,2026-10-04 12:34:42.738489+00:00
S6:122644,https://api.mfapi.in/mf/122644,2026-10-04 12:08:34.778451+00:00
S6:122646,https://api.mfapi.in/mf/122646,2026-09-26 06:31:57.585437+00:00
S6:122652,https://api.mfapi.in/mf/122652,2026-10-04 12:03:38.596149+00:00
S6:122653,https://api.mfapi.in/mf/122653,2026-09-26 06:26:41.318219+00:00
S6:122715,https://api.mfapi.in/mf/122715,2026-09-26 06:41:41.522991+00:00
S6:122726,https://api.mfapi.in/mf/122726,2026-09-26 06:26:43.314085+00:00
S6:122729,https://api.mfapi.in/mf/122729,2026-10-04 12:03:40.515676+00:00
S6:123646,https://api.mfapi.in/mf/123646,2026-09-26 06:54:21.524648+00:00
S6:123651,https://api.mfapi.in/mf/123651,2026-10-04 11:46:40.779047+00:00
S6:123654,https://api.mfapi.in/mf/123654,2026-09-26 06:09:47.524648+00:00
S6:123690,https://api.mfapi.in/mf/123690,2026-10-04 11:49:36.701924+00:00
S6:123693,https://api.mfapi.in/mf/123693,2026-09-26 06:12:15.621937+00:00
S6:123704,https://api.mfapi.in/mf/123704,2026-09-26 06:43:45.569580+00:00
S6:123708,https://api.mfapi.in/mf/123708,2026-10-04 12:19:24.852674+00:00
S6:124172,https://api.mfapi.in/mf/124172,2026-10-04 12:21:56.699337+00:00
S6:124175,https://api.mfapi.in/mf/124175,2026-09-26 06:46:17.528341+00:00
S6:124233,https://api.mfapi.in/mf/124233,2026-10-04 12:11:08.702181+00:00
S6:124234,https://api.mfapi.in/mf/124234,2026-09-26 06:35:15.528741+00:00
S6:124678,https://api.mfapi.in/mf/124678,2026-10-04 12:03:46.597667+00:00
S6:124679,https://api.mfapi.in/mf/124679,2026-09-26 06:27:11.298199+00:00
S6:124748,https://api.mfapi.in/mf/124748,2026-10-04 12:03:48.517916+00:00
S6:124749,https://api.mfapi.in/mf/124749,2026-09-26 06:27:13.299067+00:00
S6:124752,https://api.mfapi.in/mf/124752,2026-10-04 12:03:50.520482+00:00
S6:124753,https://api.mfapi.in/mf/124753,2026-09-26 06:27:15.301343+00:00
S6:124874,https://api.mfapi.in/mf/124874,2026-10-04 12:03:54.605927+00:00
S6:124876,https://api.mfapi.in/mf/124876,2026-09-26 06:27:19.303548+00:00
S6:125259,https://api.mfapi.in/mf/125259,2026-10-04 12:17:30.742556+00:00
S6:125305,https://api.mfapi.in/mf/125305,2026-10-04 12:18:52.699263+00:00
S6:125307,https://api.mfapi.in/mf/125307,2026-09-26 06:43:13.528962+00:00
S6:125345,https://api.mfapi.in/mf/125345,2026-09-26 06:41:43.740075+00:00
S6:125350,https://api.mfapi.in/mf/125350,2026-10-04 12:33:38.685662+00:00
S6:125354,https://api.mfapi.in/mf/125354,2026-09-26 06:58:17.524825+00:00
S6:125494,https://api.mfapi.in/mf/125494,2026-10-04 12:00:20.854701+00:00
S6:125497,https://api.mfapi.in/mf/125497,2026-09-26 06:23:15.563033+00:00
S6:125498,https://api.mfapi.in/mf/125498,2026-10-04 12:00:22.786407+00:00
S6:125503,https://api.mfapi.in/mf/125503,2026-09-26 06:23:41.569687+00:00
S6:125595,https://api.mfapi.in/mf/125595,2026-10-04 12:07:44.688782+00:00
S6:125597,https://api.mfapi.in/mf/125597,2026-09-26 06:31:43.526571+00:00
S6:125711,https://api.mfapi.in/mf/125711,2026-09-26 06:44:55.600627+00:00
S6:125713,https://api.mfapi.in/mf/125713,2026-10-04 12:20:44.854045+00:00
S6:126351,https://api.mfapi.in/mf/126351,2026-10-04 12:06:58.779224+00:00
S6:126353,https://api.mfapi.in/mf/126353,2026-09-26 06:30:21.628638+00:00
S6:126393,https://api.mfapi.in/mf/126393,2026-09-26 06:45:27.527171+00:00
S6:126394,https://api.mfapi.in/mf/126394,2026-10-04 12:21:48.700466+00:00
S6:126685,https://api.mfapi.in/mf/126685,2026-09-26 06:49:41.588438+00:00
S6:126687,https://api.mfapi.in/mf/126687,2026-10-04 12:25:20.687980+00:00
S6:126939,https://api.mfapi.in/mf/126939,2026-10-04 12:29:34.690449+00:00
S6:126940,https://api.mfapi.in/mf/126940,2026-09-26 06:53:41.529829+00:00
S6:127071,https://api.mfapi.in/mf/127071,2026-09-26 06:40:49.561505+00:00
S6:127073,https://api.mfapi.in/mf/127073,2026-10-04 12:16:40.726651+00:00
S6:127849,https://api.mfapi.in/mf/127849,2026-10-04 12:25:58.722744+00:00
S6:127850,https://api.mfapi.in/mf/127850,2026-09-26 06:50:19.564387+00:00
S6:128006,https://api.mfapi.in/mf/128006,2026-09-26 06:12:45.563213+00:00
S6:128009,https://api.mfapi.in/mf/128009,2026-10-04 11:49:42.671361+00:00
S6:128051,https://api.mfapi.in/mf/128051,2026-09-26 06:16:53.524454+00:00
S6:128053,https://api.mfapi.in/mf/128053,2026-10-04 11:53:54.692569+00:00
S6:128331,https://api.mfapi.in/mf/128331,2026-09-26 06:27:23.573824+00:00
S6:128628,https://api.mfapi.in/mf/128628,2026-10-04 11:53:56.708373+00:00
S6:128629,https://api.mfapi.in/mf/128629,2026-09-26 06:16:55.611925+00:00
S6:128639,https://api.mfapi.in/mf/128639,2026-09-26 06:27:25.555405+00:00
S6:129006,https://api.mfapi.in/mf/129006,2026-10-04 11:42:10.652072+00:00
S6:129008,https://api.mfapi.in/mf/129008,2026-09-26 06:04:35.567932+00:00
S6:129046,https://api.mfapi.in/mf/129046,2026-09-26 06:35:17.586493+00:00
S6:129048,https://api.mfapi.in/mf/129048,2026-10-04 12:11:10.738192+00:00
S6:129052,https://api.mfapi.in/mf/129052,2026-09-26 06:16:57.598742+00:00
S6:129065,https://api.mfapi.in/mf/129065,2026-10-04 12:16:42.749760+00:00
S6:129187,https://api.mfapi.in/mf/129187,2026-10-04 12:06:30.702504+00:00
S6:129188,https://api.mfapi.in/mf/129188,2026-09-26 06:30:23.532062+00:00
S6:129191,https://api.mfapi.in/mf/129191,2026-10-04 12:16:44.733032+00:00
S6:129193,https://api.mfapi.in/mf/129193,2026-09-26 06:40:53.646668+00:00
S6:129195,https://api.mfapi.in/mf/129195,2026-10-04 12:16:46.689391+00:00
S6:129197,https://api.mfapi.in/mf/129197,2026-09-26 06:40:55.581986+00:00
S6:129200,https://api.mfapi.in/mf/129200,2026-09-26 06:40:51.601790+00:00
S6:129212,https://api.mfapi.in/mf/129212,2026-09-26 06:59:41.561072+00:00
S6:129213,https://api.mfapi.in/mf/129213,2026-10-04 12:35:12.739378+00:00
S6:129310,https://api.mfapi.in/mf/129310,2026-10-04 11:46:44.654823+00:00
S6:129312,https://api.mfapi.in/mf/129312,2026-09-26 06:09:51.524293+00:00
S6:129647,https://api.mfapi.in/mf/129647,2026-10-04 12:17:54.686054+00:00
S6:129649,https://api.mfapi.in/mf/129649,2026-09-26 06:42:13.526366+00:00
S6:130037,https://api.mfapi.in/mf/130037,2026-10-04 12:03:58.693666+00:00
S6:130050,https://api.mfapi.in/mf/130050,2026-09-26 06:27:27.530238+00:00
S6:130205,https://api.mfapi.in/mf/130205,2026-10-04 12:23:18.721001+00:00
S6:130206,https://api.mfapi.in/mf/130206,2026-09-26 06:47:39.524392+00:00
S6:130309,https://api.mfapi.in/mf/130309,2026-10-04 12:33:42.705005+00:00
S6:130314,https://api.mfapi.in/mf/130314,2026-09-26 06:58:21.524738+00:00
S6:130492,https://api.mfapi.in/mf/130492,2026-10-04 12:21:54.691464+00:00
S6:130493,https://api.mfapi.in/mf/130493,2026-09-26 06:46:15.524180+00:00
S6:130496,https://api.mfapi.in/mf/130496,2026-10-04 11:53:58.723460+00:00
S6:130498,https://api.mfapi.in/mf/130498,2026-09-26 06:16:59.592032+00:00
S6:130502,https://api.mfapi.in/mf/130502,2026-10-04 11:54:00.732222+00:00
S6:130503,https://api.mfapi.in/mf/130503,2026-09-26 06:17:01.565923+00:00
S6:130533,https://api.mfapi.in/mf/130533,2026-10-04 11:54:02.856509+00:00
S6:130543,https://api.mfapi.in/mf/130543,2026-09-26 06:17:03.555004+00:00
S6:130721,https://api.mfapi.in/mf/130721,2026-10-04 12:06:44.746784+00:00
S6:130722,https://api.mfapi.in/mf/130722,2026-09-26 06:30:25.568886+00:00
S6:130771,https://api.mfapi.in/mf/130771,2026-10-04 12:33:44.685761+00:00
S6:130773,https://api.mfapi.in/mf/130773,2026-09-26 06:58:23.524537+00:00
S6:130860,https://api.mfapi.in/mf/130860,2026-09-26 06:27:29.526762+00:00
S6:130863,https://api.mfapi.in/mf/130863,2026-10-04 12:04:00.756644+00:00
S6:131051,https://api.mfapi.in/mf/131051,2026-10-04 11:46:42.650941+00:00
S6:131061,https://api.mfapi.in/mf/131061,2026-09-26 06:09:49.524476+00:00
S6:131297,https://api.mfapi.in/mf/131297,2026-10-04 12:21:20.685449+00:00
S6:131301,https://api.mfapi.in/mf/131301,2026-09-26 06:45:25.535709+00:00
S6:131331,https://api.mfapi.in/mf/131331,2026-09-26 06:27:33.575123+00:00
S6:131355,https://api.mfapi.in/mf/131355,2026-09-26 06:20:35.524109+00:00
S6:131357,https://api.mfapi.in/mf/131357,2026-10-04 11:57:26.692796+00:00
S6:131372,https://api.mfapi.in/mf/131372,2026-10-04 11:49:16.657063+00:00
S6:131373,https://api.mfapi.in/mf/131373,2026-09-26 06:11:59.525143+00:00
S6:131578,https://api.mfapi.in/mf/131578,2026-10-04 12:17:32.752192+00:00
S6:131580,https://api.mfapi.in/mf/131580,2026-09-26 06:41:45.564952+00:00
S6:131666,https://api.mfapi.in/mf/131666,2026-10-04 11:41:14.657265+00:00
S6:131670,https://api.mfapi.in/mf/131670,2026-09-26 06:03:29.526302+00:00
S6:131864,https://api.mfapi.in/mf/131864,2026-10-04 11:41:16.693042+00:00
S6:131865,https://api.mfapi.in/mf/131865,2026-09-26 06:03:31.525186+00:00
S6:131896,https://api.mfapi.in/mf/131896,2026-10-04 11:41:18.671588+00:00
S6:131898,https://api.mfapi.in/mf/131898,2026-09-26 06:03:33.523851+00:00
S6:132005,https://api.mfapi.in/mf/132005,2026-10-04 11:41:22.704317+00:00
S6:132009,https://api.mfapi.in/mf/132009,2026-09-26 06:03:37.561440+00:00
S6:132138,https://api.mfapi.in/mf/132138,2026-10-04 11:41:20.696271+00:00
S6:132140,https://api.mfapi.in/mf/132140,2026-09-26 06:03:35.565642+00:00
S6:132174,https://api.mfapi.in/mf/132174,2026-10-04 11:41:10.696174+00:00
S6:132178,https://api.mfapi.in/mf/132178,2026-10-04 11:41:08.653887+00:00
S6:132180,https://api.mfapi.in/mf/132180,2026-10-04 11:41:12.694668+00:00
S6:132183,https://api.mfapi.in/mf/132183,2026-09-26 06:03:39.526329+00:00
S6:132185,https://api.mfapi.in/mf/132185,2026-09-26 06:03:41.560314+00:00
S6:132186,https://api.mfapi.in/mf/132186,2026-09-26 06:03:43.564647+00:00
S6:132756,https://api.mfapi.in/mf/132756,2026-09-26 06:38:05.560064+00:00
S6:132757,https://api.mfapi.in/mf/132757,2026-10-04 12:14:32.849528+00:00
S6:132987,https://api.mfapi.in/mf/132987,2026-10-04 11:42:12.655869+00:00
S6:132989,https://api.mfapi.in/mf/132989,2026-09-26 06:04:37.559795+00:00
S6:132995,https://api.mfapi.in/mf/132995,2026-09-26 06:32:49.590765+00:00
S6:132998,https://api.mfapi.in/mf/132998,2026-10-04 12:08:44.689946+00:00
S6:133035,https://api.mfapi.in/mf/133035,2026-09-26 06:12:01.560665+00:00
S6:133036,https://api.mfapi.in/mf/133036,2026-10-04 11:49:24.781306+00:00
S6:133051,https://api.mfapi.in/mf/133051,2026-10-04 11:46:38.665252+00:00
S6:133054,https://api.mfapi.in/mf/133054,2026-09-26 06:09:45.525789+00:00
S6:133385,https://api.mfapi.in/mf/133385,2026-10-04 12:11:12.723362+00:00
S6:133386,https://api.mfapi.in/mf/133386,2026-09-26 06:35:19.572298+00:00
S6:133513,https://api.mfapi.in/mf/133513,2026-10-04 12:08:46.691492+00:00
S6:133516,https://api.mfapi.in/mf/133516,2026-09-26 06:32:51.566289+00:00
S6:133565,https://api.mfapi.in/mf/133565,2026-10-04 12:03:52.689670+00:00
S6:133568,https://api.mfapi.in/mf/133568,2026-09-26 06:27:17.567597+00:00
S6:133569,https://api.mfapi.in/mf/133569,2026-09-26 06:27:21.525602+00:00
S6:133572,https://api.mfapi.in/mf/133572,2026-10-04 12:03:56.704979+00:00
S6:133710,https://api.mfapi.in/mf/133710,2026-09-26 06:51:21.564701+00:00
S6:133711,https://api.mfapi.in/mf/133711,2026-10-04 12:27:02.739247+00:00
S6:133782,https://api.mfapi.in/mf/133782,2026-10-04 11:53:04.753588+00:00
S6:133791,https://api.mfapi.in/mf/133791,2026-09-26 06:16:05.559997+00:00
S6:133796,https://api.mfapi.in/mf/133796,2026-10-04 11:53:00.724983+00:00
S6:133801,https://api.mfapi.in/mf/133801,2026-09-26 06:16:01.527456+00:00
S6:133805,https://api.mfapi.in/mf/133805,2026-10-04 11:53:02.723236+00:00
S6:133810,https://api.mfapi.in/mf/133810,2026-09-26 06:16:03.576233+00:00
S6:133836,https://api.mfapi.in/mf/133836,2026-10-04 12:18:54.686925+00:00
S6:133839,https://api.mfapi.in/mf/133839,2026-09-26 06:43:15.523887+00:00
S6:133858,https://api.mfapi.in/mf/133858,2026-10-04 12:00:50.731003+00:00
S6:133859,https://api.mfapi.in/mf/133859,2026-09-26 06:24:11.558088+00:00
S6:133867,https://api.mfapi.in/mf/133867,2026-10-04 12:26:00.692862+00:00
S6:133868,https://api.mfapi.in/mf/133868,2026-09-26 06:50:21.523169+00:00
S6:133925,https://api.mfapi.in/mf/133925,2026-09-26 06:45:23.523859+00:00
S6:133926,https://api.mfapi.in/mf/133926,2026-10-04 12:21:42.685887+00:00
S6:134016,https://api.mfapi.in/mf/134016,2026-10-04 12:27:04.693530+00:00
S6:134017,https://api.mfapi.in/mf/134017,2026-09-26 06:51:23.529027+00:00
S6:134356,https://api.mfapi.in/mf/134356,2026-10-04 12:35:06.508260+00:00
S6:134363,https://api.mfapi.in/mf/134363,2026-09-26 06:59:39.297280+00:00
S6:134383,https://api.mfapi.in/mf/134383,2026-10-04 12:08:42.690882+00:00
S6:134387,https://api.mfapi.in/mf/134387,2026-09-26 06:32:47.603724+00:00
S6:134494,https://api.mfapi.in/mf/134494,2026-09-26 06:03:15.524505+00:00
S6:134499,https://api.mfapi.in/mf/134499,2026-10-04 12:31:30.693476+00:00
S6:134503,https://api.mfapi.in/mf/134503,2026-09-26 06:56:09.523318+00:00
S6:134545,https://api.mfapi.in/mf/134545,2026-10-04 12:04:02.826218+00:00
S6:134547,https://api.mfapi.in/mf/134547,2026-09-26 06:27:31.528157+00:00
S6:134593,https://api.mfapi.in/mf/134593,2026-10-04 12:04:04.714164+00:00
S6:134594,https://api.mfapi.in/mf/134594,2026-09-26 06:27:35.525935+00:00
S6:134643,https://api.mfapi.in/mf/134643,2026-09-26 06:24:33.528080+00:00
S6:134644,https://api.mfapi.in/mf/134644,2026-10-04 12:01:12.688906+00:00
S6:134782,https://api.mfapi.in/mf/134782,2026-09-26 06:28:07.568568+00:00
S6:134813,https://api.mfapi.in/mf/134813,2026-09-26 06:51:57.526447+00:00
S6:134815,https://api.mfapi.in/mf/134815,2026-10-04 12:27:38.684990+00:00
S6:134922,https://api.mfapi.in/mf/134922,2026-10-04 12:03:44.705857+00:00
S6:134923,https://api.mfapi.in/mf/134923,2026-09-26 06:27:09.522730+00:00
S6:135120,https://api.mfapi.in/mf/135120,2026-09-26 06:58:37.525021+00:00
S6:135122,https://api.mfapi.in/mf/135122,2026-10-04 12:33:58.705546+00:00
S6:135320,https://api.mfapi.in/mf/135320,2026-09-26 06:55:49.561047+00:00
S6:135321,https://api.mfapi.in/mf/135321,2026-09-26 06:56:15.560054+00:00
S6:135341,https://api.mfapi.in/mf/135341,2026-09-26 06:43:47.525976+00:00
S6:135343,https://api.mfapi.in/mf/135343,2026-10-04 12:19:26.687161+00:00
S6:135598,https://api.mfapi.in/mf/135598,2026-10-04 12:18:56.688282+00:00
S6:135601,https://api.mfapi.in/mf/135601,2026-09-26 06:43:17.583061+00:00
S6:135677,https://api.mfapi.in/mf/135677,2026-09-26 07:01:23.524809+00:00
S6:135678,https://api.mfapi.in/mf/135678,2026-10-04 12:36:30.689820+00:00
S6:135759,https://api.mfapi.in/mf/135759,2026-10-04 12:34:02.694895+00:00
S6:135762,https://api.mfapi.in/mf/135762,2026-09-26 06:58:41.524340+00:00
S6:135781,https://api.mfapi.in/mf/135781,2026-09-26 06:51:59.528319+00:00
S6:135784,https://api.mfapi.in/mf/135784,2026-10-04 12:27:40.690216+00:00
S6:135793,https://api.mfapi.in/mf/135793,2026-09-26 06:38:49.523714+00:00
S6:135794,https://api.mfapi.in/mf/135794,2026-10-04 12:14:38.699003+00:00
S6:135797,https://api.mfapi.in/mf/135797,2026-10-04 12:14:42.706721+00:00
S6:135800,https://api.mfapi.in/mf/135800,2026-09-26 06:38:51.523305+00:00
S6:135804,https://api.mfapi.in/mf/135804,2026-10-04 12:13:30.688605+00:00
S6:135805,https://api.mfapi.in/mf/135805,2026-09-26 06:37:43.525427+00:00
S6:135810,https://api.mfapi.in/mf/135810,2026-09-26 06:38:01.526430+00:00
S6:135812,https://api.mfapi.in/mf/135812,2026-10-04 12:13:58.699914+00:00
S6:135813,https://api.mfapi.in/mf/135813,2026-09-26 06:37:49.525658+00:00
S6:135815,https://api.mfapi.in/mf/135815,2026-10-04 12:13:36.691693+00:00
S6:135914,https://api.mfapi.in/mf/135914,2026-10-04 11:57:22.690056+00:00
S6:135916,https://api.mfapi.in/mf/135916,2026-09-26 06:20:31.524695+00:00
S6:136090,https://api.mfapi.in/mf/136090,2026-10-04 11:54:12.713514+00:00
S6:136094,https://api.mfapi.in/mf/136094,2026-09-26 06:17:13.585085+00:00
S6:136463,https://api.mfapi.in/mf/136463,2026-10-04 11:54:14.687224+00:00
S6:136464,https://api.mfapi.in/mf/136464,2026-09-26 06:17:15.526370+00:00
S6:136465,https://api.mfapi.in/mf/136465,2026-09-26 06:17:17.527825+00:00
S6:136466,https://api.mfapi.in/mf/136466,2026-10-04 11:54:16.737548+00:00
S6:136563,https://api.mfapi.in/mf/136563,2026-10-04 12:21:58.689739+00:00
S6:136567,https://api.mfapi.in/mf/136567,2026-09-26 06:46:19.547228+00:00
S6:138288,https://api.mfapi.in/mf/138288,2026-10-04 12:10:22.745522+00:00
S6:138299,https://api.mfapi.in/mf/138299,2026-09-26 06:34:29.561220+00:00
S6:138308,https://api.mfapi.in/mf/138308,2026-10-04 12:18:58.692043+00:00
S6:138312,https://api.mfapi.in/mf/138312,2026-09-26 06:43:19.559972+00:00
S6:138318,https://api.mfapi.in/mf/138318,2026-10-04 12:10:24.687456+00:00
S6:138330,https://api.mfapi.in/mf/138330,2026-09-26 06:34:31.527838+00:00
S6:138343,https://api.mfapi.in/mf/138343,2026-10-04 12:10:28.688132+00:00
S6:138358,https://api.mfapi.in/mf/138358,2026-09-26 06:34:35.525331+00:00
S6:138372,https://api.mfapi.in/mf/138372,2026-10-04 12:10:26.686798+00:00
S6:138376,https://api.mfapi.in/mf/138376,2026-09-26 06:34:33.527616+00:00
S6:138382,https://api.mfapi.in/mf/138382,2026-10-04 12:19:00.701433+00:00
S6:138386,https://api.mfapi.in/mf/138386,2026-09-26 06:43:21.523628+00:00
S6:138453,https://api.mfapi.in/mf/138453,2026-10-04 12:10:20.688564+00:00
S6:138456,https://api.mfapi.in/mf/138456,2026-09-26 06:34:27.523459+00:00
S6:138470,https://api.mfapi.in/mf/138470,2026-10-04 12:10:16.687691+00:00
S6:138472,https://api.mfapi.in/mf/138472,2026-09-26 06:34:23.525260+00:00
S6:138523,https://api.mfapi.in/mf/138523,2026-10-04 12:10:18.690828+00:00
S6:138528,https://api.mfapi.in/mf/138528,2026-09-26 06:34:25.528003+00:00
S6:139335,https://api.mfapi.in/mf/139335,2026-10-04 12:04:16.520196+00:00
S6:139337,https://api.mfapi.in/mf/139337,2026-09-26 06:27:39.306191+00:00
S6:139387,https://api.mfapi.in/mf/139387,2026-09-26 06:01:05.595837+00:00
S6:139496,https://api.mfapi.in/mf/139496,2026-09-26 06:28:05.522324+00:00
S6:139527,https://api.mfapi.in/mf/139527,2026-09-26 06:50:23.525431+00:00
S6:139529,https://api.mfapi.in/mf/139529,2026-10-04 12:26:02.815037+00:00
S6:139537,https://api.mfapi.in/mf/139537,2026-10-04 11:52:06.812471+00:00
S6:139538,https://api.mfapi.in/mf/139538,2026-09-26 06:15:07.562070+00:00
S6:139569,https://api.mfapi.in/mf/139569,2026-10-04 12:04:28.513673+00:00
S6:139570,https://api.mfapi.in/mf/139570,2026-09-26 06:28:17.385452+00:00
S6:139598,https://api.mfapi.in/mf/139598,2026-10-04 12:04:30.515194+00:00
S6:139599,https://api.mfapi.in/mf/139599,2026-09-26 06:28:19.301684+00:00
S6:139781,https://api.mfapi.in/mf/139781,2026-09-26 06:15:09.525687+00:00
S6:139783,https://api.mfapi.in/mf/139783,2026-10-04 11:52:08.758938+00:00
S6:139870,https://api.mfapi.in/mf/139870,2026-10-04 12:11:14.686952+00:00
S6:139872,https://api.mfapi.in/mf/139872,2026-09-26 06:35:21.526194+00:00
S6:140054,https://api.mfapi.in/mf/140054,2026-09-26 06:28:21.300963+00:00
S6:140056,https://api.mfapi.in/mf/140056,2026-10-04 12:04:32.516937+00:00
S6:140084,https://api.mfapi.in/mf/140084,2026-09-26 06:27:43.561119+00:00
S6:140085,https://api.mfapi.in/mf/140085,2026-09-26 06:45:17.577532+00:00
S6:140086,https://api.mfapi.in/mf/140086,2026-09-26 06:45:15.325169+00:00
S6:140087,https://api.mfapi.in/mf/140087,2026-09-26 06:27:49.564229+00:00
S6:140088,https://api.mfapi.in/mf/140088,2026-09-26 06:28:03.524555+00:00
S6:140089,https://api.mfapi.in/mf/140089,2026-09-26 06:27:55.527206+00:00
S6:140094,https://api.mfapi.in/mf/140094,2026-09-26 06:45:19.626575+00:00
S6:140095,https://api.mfapi.in/mf/140095,2026-09-26 06:28:13.557639+00:00
S6:140102,https://api.mfapi.in/mf/140102,2026-09-26 06:45:21.556967+00:00
S6:140107,https://api.mfapi.in/mf/140107,2026-09-26 06:41:39.525674+00:00
S6:140148,https://api.mfapi.in/mf/140148,2026-10-04 12:04:34.618093+00:00
S6:140151,https://api.mfapi.in/mf/140151,2026-09-26 06:28:23.302922+00:00
S6:140172,https://api.mfapi.in/mf/140172,2026-10-04 12:31:38.687241+00:00
S6:140175,https://api.mfapi.in/mf/140175,2026-09-26 06:56:19.525457+00:00
S6:140182,https://api.mfapi.in/mf/140182,2026-10-04 12:23:20.747527+00:00
S6:140196,https://api.mfapi.in/mf/140196,2026-09-26 06:47:41.578407+00:00
S6:140225,https://api.mfapi.in/mf/140225,2026-10-04 12:31:36.694998+00:00
S6:140228,https://api.mfapi.in/mf/140228,2026-09-26 06:56:21.524932+00:00
S6:140229,https://api.mfapi.in/mf/140229,2026-10-04 12:31:42.706403+00:00
S6:140237,https://api.mfapi.in/mf/140237,2026-09-26 06:56:27.526366+00:00
S6:140242,https://api.mfapi.in/mf/140242,2026-10-04 12:31:40.688728+00:00
S6:140243,https://api.mfapi.in/mf/140243,2026-09-26 06:56:23.523598+00:00
S6:140255,https://api.mfapi.in/mf/140255,2026-10-04 12:31:44.686931+00:00
S6:140256,https://api.mfapi.in/mf/140256,2026-09-26 06:56:25.522110+00:00
S6:140273,https://api.mfapi.in/mf/140273,2026-10-04 12:31:46.695327+00:00
S6:140274,https://api.mfapi.in/mf/140274,2026-09-26 06:56:29.523733+00:00
S6:140283,https://api.mfapi.in/mf/140283,2026-10-04 12:31:48.735648+00:00
S6:140286,https://api.mfapi.in/mf/140286,2026-09-26 06:56:31.523591+00:00
S6:140295,https://api.mfapi.in/mf/140295,2026-10-04 12:31:50.705504+00:00
S6:140296,https://api.mfapi.in/mf/140296,2026-09-26 06:56:33.522167+00:00
S6:140297,https://api.mfapi.in/mf/140297,2026-10-04 12:31:52.686365+00:00
S6:140298,https://api.mfapi.in/mf/140298,2026-09-26 06:56:35.523778+00:00
S6:140327,https://api.mfapi.in/mf/140327,2026-09-26 06:56:37.524540+00:00
S6:140328,https://api.mfapi.in/mf/140328,2026-10-04 12:31:54.695444+00:00
S6:140347,https://api.mfapi.in/mf/140347,2026-09-26 06:56:39.523375+00:00
S6:140351,https://api.mfapi.in/mf/140351,2026-10-04 12:31:56.692241+00:00
S6:140353,https://api.mfapi.in/mf/140353,2026-09-26 06:56:41.524716+00:00
S6:140355,https://api.mfapi.in/mf/140355,2026-10-04 12:31:58.711879+00:00
S6:140381,https://api.mfapi.in/mf/140381,2026-10-04 11:57:24.691201+00:00
S6:140382,https://api.mfapi.in/mf/140382,2026-09-26 06:20:33.523735+00:00
S6:140407,https://api.mfapi.in/mf/140407,2026-10-04 12:04:36.526783+00:00
S6:140408,https://api.mfapi.in/mf/140408,2026-09-26 06:28:25.302314+00:00
S6:140429,https://api.mfapi.in/mf/140429,2026-10-04 12:04:38.524475+00:00
S6:140431,https://api.mfapi.in/mf/140431,2026-09-26 06:28:27.301329+00:00
S6:140438,https://api.mfapi.in/mf/140438,2026-09-26 06:28:29.303586+00:00
S6:140440,https://api.mfapi.in/mf/140440,2026-10-04 12:04:40.500365+00:00
S6:140444,https://api.mfapi.in/mf/140444,2026-09-26 06:15:11.525971+00:00
S6:140447,https://api.mfapi.in/mf/140447,2026-10-04 11:52:10.691532+00:00
S6:140487,https://api.mfapi.in/mf/140487,2026-09-26 06:24:37.525020+00:00
S6:140488,https://api.mfapi.in/mf/140488,2026-10-04 12:01:16.700100+00:00
S6:140514,https://api.mfapi.in/mf/140514,2026-09-26 06:28:31.310619+00:00
S6:140516,https://api.mfapi.in/mf/140516,2026-10-04 12:04:42.538782+00:00
S6:140603,https://api.mfapi.in/mf/140603,2026-09-26 06:20:37.592170+00:00
S6:140609,https://api.mfapi.in/mf/140609,2026-10-04 11:57:28.814043+00:00
S6:140613,https://api.mfapi.in/mf/140613,2026-09-26 06:15:13.524565+00:00
S6:140620,https://api.mfapi.in/mf/140620,2026-10-04 11:52:12.722037+00:00
S6:140769,https://api.mfapi.in/mf/140769,2026-09-26 06:52:01.524566+00:00
S6:140771,https://api.mfapi.in/mf/140771,2026-10-04 12:27:42.688078+00:00
S6:141061,https://api.mfapi.in/mf/141061,2026-10-04 11:40:42.659571+00:00
S6:141063,https://api.mfapi.in/mf/141063,2026-10-04 11:40:46.660933+00:00
S6:141064,https://api.mfapi.in/mf/141064,2026-10-04 11:40:52.662283+00:00
S6:141066,https://api.mfapi.in/mf/141066,2026-10-04 11:40:48.655705+00:00
S6:141068,https://api.mfapi.in/mf/141068,2026-10-04 11:40:44.657652+00:00
S6:141070,https://api.mfapi.in/mf/141070,2026-10-04 11:40:54.661671+00:00
S6:141072,https://api.mfapi.in/mf/141072,2026-10-04 11:40:50.681753+00:00
S6:141155,https://api.mfapi.in/mf/141155,2026-10-04 12:04:44.524769+00:00
S6:141156,https://api.mfapi.in/mf/141156,2026-09-26 06:28:33.303451+00:00
S6:141224,https://api.mfapi.in/mf/141224,2026-10-04 11:52:14.685922+00:00
S6:141226,https://api.mfapi.in/mf/141226,2026-09-26 06:15:15.525332+00:00
S6:141247,https://api.mfapi.in/mf/141247,2026-10-04 12:17:56.521051+00:00
S6:141248,https://api.mfapi.in/mf/141248,2026-09-26 06:42:15.323433+00:00
S6:141416,https://api.mfapi.in/mf/141416,2026-10-04 12:04:46.507729+00:00
S6:141418,https://api.mfapi.in/mf/141418,2026-09-26 06:28:35.301907+00:00
S6:141583,https://api.mfapi.in/mf/141583,2026-09-26 06:28:37.300389+00:00
S6:141584,https://api.mfapi.in/mf/141584,2026-10-04 12:04:48.504411+00:00
S6:141588,https://api.mfapi.in/mf/141588,2026-09-26 06:58:53.533413+00:00
S6:141593,https://api.mfapi.in/mf/141593,2026-10-04 12:34:12.689092+00:00
S6:141642,https://api.mfapi.in/mf/141642,2026-09-26 06:57:39.328552+00:00
S6:141644,https://api.mfapi.in/mf/141644,2026-10-04 12:33:18.532224+00:00
S6:141665,https://api.mfapi.in/mf/141665,2026-09-26 06:55:07.526930+00:00
S6:141690,https://api.mfapi.in/mf/141690,2026-09-26 06:28:39.301781+00:00
S6:141692,https://api.mfapi.in/mf/141692,2026-10-04 12:04:52.521364+00:00
S6:141799,https://api.mfapi.in/mf/141799,2026-10-04 12:04:54.511130+00:00
S6:141801,https://api.mfapi.in/mf/141801,2026-09-26 06:28:43.314338+00:00
S6:141808,https://api.mfapi.in/mf/141808,2026-09-26 06:43:49.324350+00:00
S6:141839,https://api.mfapi.in/mf/141839,2026-10-04 11:46:46.665047+00:00
S6:141841,https://api.mfapi.in/mf/141841,2026-09-26 06:09:53.527402+00:00
S6:141862,https://api.mfapi.in/mf/141862,2026-10-04 12:19:28.520262+00:00
S6:141875,https://api.mfapi.in/mf/141875,2026-10-04 12:22:00.691662+00:00
S6:141877,https://api.mfapi.in/mf/141877,2026-09-26 06:46:21.527128+00:00
S6:141923,https://api.mfapi.in/mf/141923,2026-10-04 11:54:20.707308+00:00
S6:141924,https://api.mfapi.in/mf/141924,2026-09-26 06:17:21.583049+00:00
S6:141925,https://api.mfapi.in/mf/141925,2026-09-26 06:57:41.315769+00:00
S6:141927,https://api.mfapi.in/mf/141927,2026-10-04 12:33:24.516057+00:00
S6:141950,https://api.mfapi.in/mf/141950,2026-09-26 06:50:25.312431+00:00
S6:141952,https://api.mfapi.in/mf/141952,2026-10-04 12:26:04.522012+00:00
S6:142035,https://api.mfapi.in/mf/142035,2026-10-04 12:17:58.522295+00:00
S6:142038,https://api.mfapi.in/mf/142038,2026-09-26 06:42:17.349089+00:00
S6:142103,https://api.mfapi.in/mf/142103,2026-10-04 12:04:56.549242+00:00
S6:142106,https://api.mfapi.in/mf/142106,2026-09-26 06:28:45.350066+00:00
S6:142109,https://api.mfapi.in/mf/142109,2026-10-04 11:52:16.708003+00:00
S6:142110,https://api.mfapi.in/mf/142110,2026-09-26 06:15:17.527035+00:00
S6:142138,https://api.mfapi.in/mf/142138,2026-09-26 06:24:45.621974+00:00
S6:142139,https://api.mfapi.in/mf/142139,2026-10-04 12:01:24.699703+00:00
S6:142282,https://api.mfapi.in/mf/142282,2026-10-04 12:22:02.517321+00:00
S6:142283,https://api.mfapi.in/mf/142283,2026-09-26 06:46:23.310460+00:00
S6:142383,https://api.mfapi.in/mf/142383,2026-10-04 12:23:38.691510+00:00
S6:142388,https://api.mfapi.in/mf/142388,2026-09-26 06:47:59.524736+00:00
S6:142641,https://api.mfapi.in/mf/142641,2026-09-26 06:52:03.310419+00:00
S6:142642,https://api.mfapi.in/mf/142642,2026-10-04 12:27:44.523823+00:00
S6:143162,https://api.mfapi.in/mf/143162,2026-10-04 12:36:32.799785+00:00
S6:143163,https://api.mfapi.in/mf/143163,2026-09-26 07:01:25.655475+00:00
S6:143176,https://api.mfapi.in/mf/143176,2026-10-04 12:01:36.688698+00:00
S6:143178,https://api.mfapi.in/mf/143178,2026-09-26 06:24:55.526480+00:00
S6:143239,https://api.mfapi.in/mf/143239,2026-10-04 12:18:00.539356+00:00
S6:143241,https://api.mfapi.in/mf/143241,2026-09-26 06:42:19.328968+00:00
S6:143260,https://api.mfapi.in/mf/143260,2026-10-04 12:34:44.688883+00:00
S6:143269,https://api.mfapi.in/mf/143269,2026-09-26 06:59:27.527068+00:00
S6:143340,https://api.mfapi.in/mf/143340,2026-10-04 12:31:34.708300+00:00
S6:143341,https://api.mfapi.in/mf/143341,2026-09-26 06:56:17.531971+00:00
S6:143464,https://api.mfapi.in/mf/143464,2026-10-04 12:36:16.768802+00:00
S6:143493,https://api.mfapi.in/mf/143493,2026-10-04 12:03:36.692115+00:00
S6:143494,https://api.mfapi.in/mf/143494,2026-09-26 06:26:59.529645+00:00
S6:143508,https://api.mfapi.in/mf/143508,2026-09-26 07:01:09.605640+00:00
S6:143536,https://api.mfapi.in/mf/143536,2026-10-04 12:06:16.688450+00:00
S6:143537,https://api.mfapi.in/mf/143537,2026-09-26 06:30:19.524195+00:00
S6:143607,https://api.mfapi.in/mf/143607,2026-10-04 11:56:20.517997+00:00
S6:143612,https://api.mfapi.in/mf/143612,2026-09-26 06:19:21.312261+00:00
S6:143614,https://api.mfapi.in/mf/143614,2026-09-26 06:50:27.355076+00:00
S6:143620,https://api.mfapi.in/mf/143620,2026-10-04 12:26:06.512051+00:00
S6:143702,https://api.mfapi.in/mf/143702,2026-10-04 12:05:02.556779+00:00
S6:143704,https://api.mfapi.in/mf/143704,2026-09-26 06:28:53.377582+00:00
S6:143783,https://api.mfapi.in/mf/143783,2026-09-26 06:52:05.320289+00:00
S6:143785,https://api.mfapi.in/mf/143785,2026-10-04 12:27:46.524501+00:00
S6:143787,https://api.mfapi.in/mf/143787,2026-10-04 12:36:34.687469+00:00
S6:143793,https://api.mfapi.in/mf/143793,2026-09-26 07:01:27.564553+00:00
S6:143873,https://api.mfapi.in/mf/143873,2026-10-04 11:47:40.477074+00:00
S6:143874,https://api.mfapi.in/mf/143874,2026-09-26 06:10:47.311092+00:00
S6:143903,https://api.mfapi.in/mf/143903,2026-09-26 06:10:45.528236+00:00
S6:143904,https://api.mfapi.in/mf/143904,2026-10-04 11:47:38.650838+00:00
S6:144171,https://api.mfapi.in/mf/144171,2026-10-04 11:57:20.603956+00:00
S6:144173,https://api.mfapi.in/mf/144173,2026-09-26 06:20:29.311125+00:00
S6:144310,https://api.mfapi.in/mf/144310,2026-10-04 12:18:02.510770+00:00
S6:144312,https://api.mfapi.in/mf/144312,2026-09-26 06:42:21.312035+00:00
S6:144314,https://api.mfapi.in/mf/144314,2026-10-04 12:26:08.513856+00:00
S6:144315,https://api.mfapi.in/mf/144315,2026-09-26 06:50:29.309523+00:00
S6:144333,https://api.mfapi.in/mf/144333,2026-10-04 11:49:44.477238+00:00
S6:144335,https://api.mfapi.in/mf/144335,2026-09-26 06:12:47.340216+00:00
S6:144339,https://api.mfapi.in/mf/144339,2026-09-26 06:54:35.321685+00:00
S6:144345,https://api.mfapi.in/mf/144345,2026-10-04 12:30:18.664603+00:00
S6:144393,https://api.mfapi.in/mf/144393,2026-10-04 12:33:32.514573+00:00
S6:144394,https://api.mfapi.in/mf/144394,2026-09-26 06:57:59.393627+00:00
S6:144401,https://api.mfapi.in/mf/144401,2026-10-04 11:52:18.514161+00:00
S6:144403,https://api.mfapi.in/mf/144403,2026-09-26 06:15:19.343598+00:00
S6:144461,https://api.mfapi.in/mf/144461,2026-10-04 11:42:16.486039+00:00
S6:144466,https://api.mfapi.in/mf/144466,2026-09-26 06:04:41.356472+00:00
S6:144484,https://api.mfapi.in/mf/144484,2026-10-04 12:30:20.523456+00:00
S6:144490,https://api.mfapi.in/mf/144490,2026-09-26 06:54:37.322209+00:00
S6:144546,https://api.mfapi.in/mf/144546,2026-09-26 06:37:51.527359+00:00
S6:144548,https://api.mfapi.in/mf/144548,2026-10-04 12:14:22.697945+00:00
S6:144644,https://api.mfapi.in/mf/144644,2026-10-04 12:22:04.509823+00:00
S6:144646,https://api.mfapi.in/mf/144646,2026-09-26 06:46:25.311898+00:00
S6:144754,https://api.mfapi.in/mf/144754,2026-09-26 06:58:13.314076+00:00
S6:144759,https://api.mfapi.in/mf/144759,2026-10-04 12:33:34.526170+00:00
S6:144835,https://api.mfapi.in/mf/144835,2026-09-26 07:00:03.525083+00:00
S6:144838,https://api.mfapi.in/mf/144838,2026-10-04 12:35:20.685538+00:00
S6:144902,https://api.mfapi.in/mf/144902,2026-10-04 12:20:46.702707+00:00
S6:144905,https://api.mfapi.in/mf/144905,2026-09-26 06:44:57.597136+00:00
S6:145034,https://api.mfapi.in/mf/145034,2026-09-26 06:17:05.377370+00:00
S6:145040,https://api.mfapi.in/mf/145040,2026-10-04 11:54:04.529448+00:00
S6:145042,https://api.mfapi.in/mf/145042,2026-10-04 12:35:22.521237+00:00
S6:145050,https://api.mfapi.in/mf/145050,2026-09-26 07:00:05.322242+00:00
S6:145075,https://api.mfapi.in/mf/145075,2026-09-26 06:10:51.320638+00:00
S6:145077,https://api.mfapi.in/mf/145077,2026-10-04 11:47:44.480293+00:00
S6:145110,https://api.mfapi.in/mf/145110,2026-09-26 06:58:15.317196+00:00
S6:145112,https://api.mfapi.in/mf/145112,2026-10-04 12:33:36.517272+00:00
S6:145137,https://api.mfapi.in/mf/145137,2026-09-26 06:30:17.319883+00:00
S6:145139,https://api.mfapi.in/mf/145139,2026-10-04 12:06:18.636647+00:00
S6:145206,https://api.mfapi.in/mf/145206,2026-09-26 06:37:39.523306+00:00
S6:145208,https://api.mfapi.in/mf/145208,2026-10-04 12:13:50.698717+00:00
S6:145287,https://api.mfapi.in/mf/145287,2026-10-04 12:30:36.688090+00:00
S6:145295,https://api.mfapi.in/mf/145295,2026-09-26 06:54:51.531034+00:00
S6:145355,https://api.mfapi.in/mf/145355,2026-10-04 11:52:20.766774+00:00
S6:145356,https://api.mfapi.in/mf/145356,2026-09-26 06:15:21.524290+00:00
S6:145387,https://api.mfapi.in/mf/145387,2026-10-04 12:36:18.572450+00:00
S6:145396,https://api.mfapi.in/mf/145396,2026-09-26 07:01:11.380703+00:00
S6:145454,https://api.mfapi.in/mf/145454,2026-09-26 06:46:27.307670+00:00
S6:145456,https://api.mfapi.in/mf/145456,2026-10-04 12:22:06.510558+00:00
S6:145471,https://api.mfapi.in/mf/145471,2026-10-04 12:18:04.519607+00:00
S6:145473,https://api.mfapi.in/mf/145473,2026-09-26 06:42:23.317049+00:00
S6:145481,https://api.mfapi.in/mf/145481,2026-10-04 12:09:52.686244+00:00
S6:145486,https://api.mfapi.in/mf/145486,2026-09-26 06:33:59.523381+00:00
S6:145535,https://api.mfapi.in/mf/145535,2026-10-04 11:47:10.779223+00:00
S6:145536,https://api.mfapi.in/mf/145536,2026-09-26 06:10:05.524948+00:00
S6:145589,https://api.mfapi.in/mf/145589,2026-09-26 06:43:51.524403+00:00
S6:145590,https://api.mfapi.in/mf/145590,2026-10-04 12:19:30.690808+00:00
S6:145599,https://api.mfapi.in/mf/145599,2026-09-26 06:43:53.524159+00:00
S6:145605,https://api.mfapi.in/mf/145605,2026-10-04 12:19:32.811242+00:00
S6:145677,https://api.mfapi.in/mf/145677,2026-10-04 12:26:10.610390+00:00
S6:145678,https://api.mfapi.in/mf/145678,2026-09-26 06:50:31.311800+00:00
S6:145693,https://api.mfapi.in/mf/145693,2026-09-26 06:52:07.311624+00:00
S6:145695,https://api.mfapi.in/mf/145695,2026-10-04 12:27:48.522015+00:00
S6:145723,https://api.mfapi.in/mf/145723,2026-10-04 12:13:52.616653+00:00
S6:145724,https://api.mfapi.in/mf/145724,2026-09-26 06:37:55.315520+00:00
S6:145810,https://api.mfapi.in/mf/145810,2026-09-26 06:28:41.528719+00:00
S6:145811,https://api.mfapi.in/mf/145811,2026-10-04 12:04:50.688740+00:00
S6:145819,https://api.mfapi.in/mf/145819,2026-09-26 06:44:59.544113+00:00
S6:145820,https://api.mfapi.in/mf/145820,2026-10-04 12:20:48.685741+00:00
S6:145890,https://api.mfapi.in/mf/145890,2026-10-04 12:27:06.514257+00:00
S6:145895,https://api.mfapi.in/mf/145895,2026-09-26 06:51:25.313058+00:00
S6:145896,https://api.mfapi.in/mf/145896,2026-10-04 11:47:58.524714+00:00
S6:145897,https://api.mfapi.in/mf/145897,2026-09-26 06:11:05.309195+00:00
S6:145952,https://api.mfapi.in/mf/145952,2026-10-04 12:27:08.518736+00:00
S6:145954,https://api.mfapi.in/mf/145954,2026-09-26 06:51:27.314973+00:00
S6:145968,https://api.mfapi.in/mf/145968,2026-10-04 11:39:42.674064+00:00
S6:145971,https://api.mfapi.in/mf/145971,2026-09-26 06:02:03.530223+00:00
S6:146007,https://api.mfapi.in/mf/146007,2026-10-04 12:13:32.517163+00:00
S6:146010,https://api.mfapi.in/mf/146010,2026-09-26 06:37:45.311895+00:00
S6:146061,https://api.mfapi.in/mf/146061,2026-10-04 12:22:08.686355+00:00
S6:146062,https://api.mfapi.in/mf/146062,2026-09-26 06:46:29.525385+00:00
S6:146070,https://api.mfapi.in/mf/146070,2026-10-04 12:14:00.639772+00:00
S6:146075,https://api.mfapi.in/mf/146075,2026-09-26 06:37:41.343684+00:00
S6:146127,https://api.mfapi.in/mf/146127,2026-10-04 12:25:22.558176+00:00
S6:146130,https://api.mfapi.in/mf/146130,2026-09-26 06:49:43.310329+00:00
S6:146141,https://api.mfapi.in/mf/146141,2026-09-26 06:12:51.597184+00:00
S6:146142,https://api.mfapi.in/mf/146142,2026-10-04 11:49:53.676166+00:00
S6:146187,https://api.mfapi.in/mf/146187,2026-10-04 11:57:30.701943+00:00
S6:146191,https://api.mfapi.in/mf/146191,2026-09-26 06:20:39.539140+00:00
S6:146193,https://api.mfapi.in/mf/146193,2026-10-04 12:23:22.514329+00:00
S6:146196,https://api.mfapi.in/mf/146196,2026-09-26 06:47:43.311706+00:00
S6:146207,https://api.mfapi.in/mf/146207,2026-10-04 12:01:42.510224+00:00
S6:146215,https://api.mfapi.in/mf/146215,2026-09-26 06:25:03.361239+00:00
S6:146271,https://api.mfapi.in/mf/146271,2026-09-26 06:28:47.599545+00:00
S6:146294,https://api.mfapi.in/mf/146294,2026-10-04 12:18:06.525994+00:00
S6:146297,https://api.mfapi.in/mf/146297,2026-09-26 06:42:25.314186+00:00
S6:146346,https://api.mfapi.in/mf/146346,2026-10-04 11:48:02.521986+00:00
S6:146349,https://api.mfapi.in/mf/146349,2026-09-26 06:11:09.328605+00:00
S6:146376,https://api.mfapi.in/mf/146376,2026-09-26 06:46:33.527148+00:00
S6:146379,https://api.mfapi.in/mf/146379,2026-10-04 12:22:12.685305+00:00
S6:146380,https://api.mfapi.in/mf/146380,2026-10-04 12:22:10.691527+00:00
S6:146381,https://api.mfapi.in/mf/146381,2026-09-26 06:46:31.523607+00:00
S6:146388,https://api.mfapi.in/mf/146388,2026-09-26 06:55:03.528897+00:00
S6:146407,https://api.mfapi.in/mf/146407,2026-09-26 06:33:33.312140+00:00
S6:146409,https://api.mfapi.in/mf/146409,2026-10-04 12:09:26.510946+00:00
S6:146456,https://api.mfapi.in/mf/146456,2026-10-04 12:07:00.531660+00:00
S6:146457,https://api.mfapi.in/mf/146457,2026-09-26 06:31:05.317413+00:00
S6:146513,https://api.mfapi.in/mf/146513,2026-09-26 06:28:49.608793+00:00
S6:146514,https://api.mfapi.in/mf/146514,2026-10-04 12:04:58.689152+00:00
S6:146549,https://api.mfapi.in/mf/146549,2026-09-26 06:15:23.315475+00:00
S6:146551,https://api.mfapi.in/mf/146551,2026-10-04 11:52:22.509976+00:00
S6:146575,https://api.mfapi.in/mf/146575,2026-09-26 06:33:35.309339+00:00
S6:146577,https://api.mfapi.in/mf/146577,2026-10-04 12:09:28.554879+00:00
S6:146643,https://api.mfapi.in/mf/146643,2026-09-26 06:24:29.324795+00:00
S6:146644,https://api.mfapi.in/mf/146644,2026-10-04 12:01:08.521493+00:00
S6:146672,https://api.mfapi.in/mf/146672,2026-09-26 06:28:51.365601+00:00
S6:146673,https://api.mfapi.in/mf/146673,2026-10-04 12:05:00.544888+00:00
S6:146675,https://api.mfapi.in/mf/146675,2026-09-26 06:58:19.526999+00:00
S6:146678,https://api.mfapi.in/mf/146678,2026-10-04 12:33:40.688198+00:00
S6:146695,https://api.mfapi.in/mf/146695,2026-10-04 11:57:32.529841+00:00
S6:146701,https://api.mfapi.in/mf/146701,2026-09-26 06:20:41.405447+00:00
S6:146716,https://api.mfapi.in/mf/146716,2026-09-26 06:11:15.314699+00:00
S6:146717,https://api.mfapi.in/mf/146717,2026-10-04 11:48:06.491819+00:00
S6:146721,https://api.mfapi.in/mf/146721,2026-09-26 06:11:11.311509+00:00
S6:146722,https://api.mfapi.in/mf/146722,2026-10-04 11:48:04.497310+00:00
S6:146726,https://api.mfapi.in/mf/146726,2026-10-04 11:48:12.474012+00:00
S6:146727,https://api.mfapi.in/mf/146727,2026-09-26 06:11:17.313042+00:00
S6:146771,https://api.mfapi.in/mf/146771,2026-10-04 12:16:48.520018+00:00
S6:146772,https://api.mfapi.in/mf/146772,2026-09-26 06:40:57.523319+00:00
S6:146929,https://api.mfapi.in/mf/146929,2026-10-04 12:09:30.516529+00:00
S6:146930,https://api.mfapi.in/mf/146930,2026-09-26 06:33:37.317855+00:00
S6:146938,https://api.mfapi.in/mf/146938,2026-10-04 12:09:32.508094+00:00
S6:146940,https://api.mfapi.in/mf/146940,2026-09-26 06:33:39.313393+00:00
S6:146941,https://api.mfapi.in/mf/146941,2026-10-04 12:09:34.509291+00:00
S6:146943,https://api.mfapi.in/mf/146943,2026-09-26 06:33:41.392013+00:00
S6:146950,https://api.mfapi.in/mf/146950,2026-10-04 11:48:22.488756+00:00
S6:146951,https://api.mfapi.in/mf/146951,2026-09-26 06:11:29.310946+00:00
S6:146959,https://api.mfapi.in/mf/146959,2026-10-04 12:35:24.690347+00:00
S6:146963,https://api.mfapi.in/mf/146963,2026-09-26 07:00:07.531859+00:00
S6:146974,https://api.mfapi.in/mf/146974,2026-09-26 06:24:31.522676+00:00
S6:146976,https://api.mfapi.in/mf/146976,2026-10-04 12:01:10.697846+00:00
S6:146977,https://api.mfapi.in/mf/146977,2026-10-04 12:14:02.692786+00:00
S6:146980,https://api.mfapi.in/mf/146980,2026-09-26 06:37:59.527283+00:00
S6:146997,https://api.mfapi.in/mf/146997,2026-10-04 12:18:08.689670+00:00
S6:147003,https://api.mfapi.in/mf/147003,2026-09-26 06:42:27.524948+00:00
S6:147097,https://api.mfapi.in/mf/147097,2026-10-04 12:04:18.681156+00:00
S6:147098,https://api.mfapi.in/mf/147098,2026-09-26 06:28:01.309701+00:00
S6:147153,https://api.mfapi.in/mf/147153,2026-10-04 11:39:02.720080+00:00
S6:147157,https://api.mfapi.in/mf/147157,2026-09-26 06:01:23.523264+00:00
S6:147183,https://api.mfapi.in/mf/147183,2026-09-26 06:01:21.351153+00:00
S6:147184,https://api.mfapi.in/mf/147184,2026-10-04 11:39:00.509313+00:00
S6:147193,https://api.mfapi.in/mf/147193,2026-10-04 12:36:20.702672+00:00
S6:147196,https://api.mfapi.in/mf/147196,2026-09-26 07:01:13.584039+00:00
S6:147203,https://api.mfapi.in/mf/147203,2026-10-04 12:27:50.523881+00:00
S6:147206,https://api.mfapi.in/mf/147206,2026-09-26 06:52:09.310827+00:00
S6:147213,https://api.mfapi.in/mf/147213,2026-10-04 11:42:18.651792+00:00
S6:147214,https://api.mfapi.in/mf/147214,2026-09-26 06:04:43.523325+00:00
S6:147247,https://api.mfapi.in/mf/147247,2026-10-04 12:01:14.685292+00:00
S6:147248,https://api.mfapi.in/mf/147248,2026-09-26 06:24:35.525236+00:00
S6:147266,https://api.mfapi.in/mf/147266,2026-10-04 11:49:56.694928+00:00
S6:147269,https://api.mfapi.in/mf/147269,2026-09-26 06:12:57.521948+00:00
S6:147287,https://api.mfapi.in/mf/147287,2026-09-26 06:40:59.578388+00:00
S6:147290,https://api.mfapi.in/mf/147290,2026-10-04 12:16:50.699971+00:00
S6:147303,https://api.mfapi.in/mf/147303,2026-10-04 12:22:14.509736+00:00
S6:147306,https://api.mfapi.in/mf/147306,2026-09-26 06:46:35.309411+00:00
S6:147307,https://api.mfapi.in/mf/147307,2026-10-04 11:39:44.672643+00:00
S6:147311,https://api.mfapi.in/mf/147311,2026-09-26 06:02:05.526495+00:00
S6:147345,https://api.mfapi.in/mf/147345,2026-10-04 11:47:30.508538+00:00
S6:147346,https://api.mfapi.in/mf/147346,2026-09-26 06:10:39.313937+00:00
S6:147351,https://api.mfapi.in/mf/147351,2026-10-04 12:04:10.653805+00:00
S6:147353,https://api.mfapi.in/mf/147353,2026-09-26 06:27:45.301191+00:00
S6:147355,https://api.mfapi.in/mf/147355,2026-09-26 06:28:11.317631+00:00
S6:147357,https://api.mfapi.in/mf/147357,2026-10-04 12:04:24.509586+00:00
S6:147371,https://api.mfapi.in/mf/147371,2026-10-04 11:40:56.495172+00:00
S6:147372,https://api.mfapi.in/mf/147372,2026-09-26 06:03:17.313998+00:00
S6:147377,https://api.mfapi.in/mf/147377,2026-09-26 07:01:15.523641+00:00
S6:147382,https://api.mfapi.in/mf/147382,2026-10-04 12:36:22.713049+00:00
S6:147405,https://api.mfapi.in/mf/147405,2026-10-04 12:20:50.511979+00:00
S6:147406,https://api.mfapi.in/mf/147406,2026-09-26 06:45:01.347059+00:00
S6:147407,https://api.mfapi.in/mf/147407,2026-10-04 12:09:36.509732+00:00
S6:147409,https://api.mfapi.in/mf/147409,2026-09-26 06:33:43.321557+00:00
S6:147445,https://api.mfapi.in/mf/147445,2026-09-26 06:52:11.308460+00:00
S6:147446,https://api.mfapi.in/mf/147446,2026-09-26 06:15:25.310742+00:00
S6:147447,https://api.mfapi.in/mf/147447,2026-10-04 11:52:24.549610+00:00
S6:147450,https://api.mfapi.in/mf/147450,2026-09-26 06:43:55.582994+00:00
S6:147454,https://api.mfapi.in/mf/147454,2026-10-04 12:19:34.685340+00:00
S6:147460,https://api.mfapi.in/mf/147460,2026-10-04 12:04:06.518468+00:00
S6:147461,https://api.mfapi.in/mf/147461,2026-09-26 06:27:41.300992+00:00
S6:147473,https://api.mfapi.in/mf/147473,2026-09-26 06:12:59.541098+00:00
S6:147477,https://api.mfapi.in/mf/147477,2026-10-04 11:49:58.510073+00:00
S6:147479,https://api.mfapi.in/mf/147479,2026-10-04 12:27:52.510603+00:00
S6:147481,https://api.mfapi.in/mf/147481,2026-09-26 06:59:29.315054+00:00
S6:147482,https://api.mfapi.in/mf/147482,2026-10-04 12:34:46.512267+00:00
S6:147490,https://api.mfapi.in/mf/147490,2026-10-04 12:18:10.522473+00:00
S6:147492,https://api.mfapi.in/mf/147492,2026-09-26 06:42:29.323062+00:00
S6:147494,https://api.mfapi.in/mf/147494,2026-10-04 12:36:24.540821+00:00
S6:147496,https://api.mfapi.in/mf/147496,2026-09-26 07:01:17.313590+00:00
S6:147515,https://api.mfapi.in/mf/147515,2026-09-26 06:51:29.524681+00:00
S6:147519,https://api.mfapi.in/mf/147519,2026-10-04 12:27:10.687418+00:00
S6:147531,https://api.mfapi.in/mf/147531,2026-09-26 06:49:45.524826+00:00
S6:147534,https://api.mfapi.in/mf/147534,2026-10-04 12:25:24.685682+00:00
S6:147541,https://api.mfapi.in/mf/147541,2026-09-26 06:01:25.313167+00:00
S6:147544,https://api.mfapi.in/mf/147544,2026-10-04 11:39:04.486690+00:00
S6:147564,https://api.mfapi.in/mf/147564,2026-09-26 06:15:27.525174+00:00
S6:147565,https://api.mfapi.in/mf/147565,2026-10-04 11:52:26.731133+00:00
S6:147567,https://api.mfapi.in/mf/147567,2026-09-26 06:58:25.525033+00:00
S6:147568,https://api.mfapi.in/mf/147568,2026-10-04 12:33:46.686133+00:00
S6:147569,https://api.mfapi.in/mf/147569,2026-10-04 12:23:24.687329+00:00
S6:147570,https://api.mfapi.in/mf/147570,2026-09-26 06:47:45.523673+00:00
S6:147579,https://api.mfapi.in/mf/147579,2026-09-26 06:27:47.525525+00:00
S6:147600,https://api.mfapi.in/mf/147600,2026-10-04 12:19:02.689648+00:00
S6:147606,https://api.mfapi.in/mf/147606,2026-09-26 06:43:23.525242+00:00
S6:147617,https://api.mfapi.in/mf/147617,2026-09-26 06:01:27.307383+00:00
S6:147618,https://api.mfapi.in/mf/147618,2026-10-04 11:39:06.481564+00:00
S6:147619,https://api.mfapi.in/mf/147619,2026-10-04 12:11:16.524787+00:00
S6:147620,https://api.mfapi.in/mf/147620,2026-09-26 06:35:23.316395+00:00
S6:147621,https://api.mfapi.in/mf/147621,2026-10-04 12:11:18.522071+00:00
S6:147622,https://api.mfapi.in/mf/147622,2026-09-26 06:35:25.312021+00:00
S6:147623,https://api.mfapi.in/mf/147623,2026-09-26 06:35:27.314550+00:00
S6:147624,https://api.mfapi.in/mf/147624,2026-10-04 12:11:20.520366+00:00
S6:147625,https://api.mfapi.in/mf/147625,2026-09-26 06:35:29.366987+00:00
S6:147626,https://api.mfapi.in/mf/147626,2026-10-04 12:11:22.523036+00:00
S6:147647,https://api.mfapi.in/mf/147647,2026-10-10 00:15:51.215172+00:00
S6:147648,https://api.mfapi.in/mf/147648,2026-10-10 00:15:51.954074+00:00
S6:147661,https://api.mfapi.in/mf/147661,2026-10-04 11:47:36.478099+00:00
S6:147662,https://api.mfapi.in/mf/147662,2026-09-26 06:10:43.314491+00:00
S6:147665,https://api.mfapi.in/mf/147665,2026-10-04 12:33:48.509553+00:00
S6:147666,https://api.mfapi.in/mf/147666,2026-09-26 06:58:27.313482+00:00
S6:147701,https://api.mfapi.in/mf/147701,2026-10-04 12:11:24.519440+00:00
S6:147704,https://api.mfapi.in/mf/147704,2026-09-26 06:35:31.321364+00:00
S6:147713,https://api.mfapi.in/mf/147713,2026-09-26 06:01:29.526626+00:00
S6:147714,https://api.mfapi.in/mf/147714,2026-10-04 11:39:08.733116+00:00
S6:147724,https://api.mfapi.in/mf/147724,2026-10-04 11:50:00.535257+00:00
S6:147727,https://api.mfapi.in/mf/147727,2026-09-26 06:13:01.319521+00:00
S6:147731,https://api.mfapi.in/mf/147731,2026-09-26 06:15:29.524762+00:00
S6:147734,https://api.mfapi.in/mf/147734,2026-10-04 11:52:28.708013+00:00
S6:147736,https://api.mfapi.in/mf/147736,2026-09-26 06:52:13.522959+00:00
S6:147739,https://api.mfapi.in/mf/147739,2026-10-04 12:27:54.684908+00:00
S6:147748,https://api.mfapi.in/mf/147748,2026-10-04 12:18:12.524277+00:00
S6:147750,https://api.mfapi.in/mf/147750,2026-09-26 06:42:31.316101+00:00
S6:147757,https://api.mfapi.in/mf/147757,2026-09-26 06:37:57.307071+00:00
S6:147760,https://api.mfapi.in/mf/147760,2026-10-04 12:13:34.523846+00:00
S6:147770,https://api.mfapi.in/mf/147770,2026-10-04 12:27:12.689910+00:00
S6:147772,https://api.mfapi.in/mf/147772,2026-09-26 06:51:31.313798+00:00
S6:147787,https://api.mfapi.in/mf/147787,2026-10-04 11:39:10.498363+00:00
S6:147789,https://api.mfapi.in/mf/147789,2026-09-26 06:01:31.313453+00:00
S6:147794,https://api.mfapi.in/mf/147794,2026-09-26 06:35:35.306719+00:00
S6:147795,https://api.mfapi.in/mf/147795,2026-10-04 12:11:28.505793+00:00
S6:147796,https://api.mfapi.in/mf/147796,2026-09-26 06:35:33.315592+00:00
S6:147797,https://api.mfapi.in/mf/147797,2026-10-04 12:11:26.525683+00:00
S6:147823,https://api.mfapi.in/mf/147823,2026-10-04 12:33:50.525197+00:00
S6:147825,https://api.mfapi.in/mf/147825,2026-09-26 06:58:29.314652+00:00
S6:147826,https://api.mfapi.in/mf/147826,2026-09-26 06:58:31.310581+00:00
S6:147828,https://api.mfapi.in/mf/147828,2026-10-04 12:33:52.551945+00:00
S6:147830,https://api.mfapi.in/mf/147830,2026-09-26 06:58:33.315776+00:00
S6:147832,https://api.mfapi.in/mf/147832,2026-10-04 12:33:54.514455+00:00
S6:147836,https://api.mfapi.in/mf/147836,2026-10-04 11:56:22.741103+00:00
S6:147837,https://api.mfapi.in/mf/147837,2026-09-26 06:19:23.524333+00:00
S6:147840,https://api.mfapi.in/mf/147840,2026-09-26 06:15:31.311266+00:00
S6:147843,https://api.mfapi.in/mf/147843,2026-10-04 11:52:30.529893+00:00
S6:147844,https://api.mfapi.in/mf/147844,2026-09-26 06:33:45.311013+00:00
S6:147846,https://api.mfapi.in/mf/147846,2026-10-04 12:09:38.511027+00:00
S6:147854,https://api.mfapi.in/mf/147854,2026-10-04 12:23:26.521422+00:00
S6:147857,https://api.mfapi.in/mf/147857,2026-09-26 06:47:47.319910+00:00
S6:147864,https://api.mfapi.in/mf/147864,2026-09-26 06:37:47.306504+00:00
S6:147867,https://api.mfapi.in/mf/147867,2026-10-04 12:14:04.528815+00:00
S6:147878,https://api.mfapi.in/mf/147878,2026-10-04 12:07:02.694603+00:00
S6:147883,https://api.mfapi.in/mf/147883,2026-09-26 06:31:07.559521+00:00
S6:147889,https://api.mfapi.in/mf/147889,2026-09-26 06:58:35.315350+00:00
S6:147890,https://api.mfapi.in/mf/147890,2026-10-04 12:33:56.512954+00:00
S6:147919,https://api.mfapi.in/mf/147919,2026-09-26 06:01:33.388466+00:00
S6:147920,https://api.mfapi.in/mf/147920,2026-10-04 11:39:12.481143+00:00
S6:147928,https://api.mfapi.in/mf/147928,2026-09-26 06:58:39.310499+00:00
S6:147929,https://api.mfapi.in/mf/147929,2026-10-04 12:34:00.511397+00:00
S6:147936,https://api.mfapi.in/mf/147936,2026-10-04 12:26:12.689736+00:00
S6:147944,https://api.mfapi.in/mf/147944,2026-10-04 11:57:34.512124+00:00
S6:147946,https://api.mfapi.in/mf/147946,2026-09-26 06:20:43.379657+00:00
S6:147951,https://api.mfapi.in/mf/147951,2026-09-26 06:50:33.524688+00:00
S6:147995,https://api.mfapi.in/mf/147995,2026-10-04 11:42:20.478227+00:00
S6:148033,https://api.mfapi.in/mf/148033,2026-10-04 11:47:42.490498+00:00
S6:148035,https://api.mfapi.in/mf/148035,2026-09-26 06:10:49.310798+00:00
S6:148050,https://api.mfapi.in/mf/148050,2026-10-04 12:13:38.510056+00:00
S6:148053,https://api.mfapi.in/mf/148053,2026-09-26 06:38:03.306202+00:00
S6:148063,https://api.mfapi.in/mf/148063,2026-09-26 06:47:49.372592+00:00
S6:148064,https://api.mfapi.in/mf/148064,2026-10-04 12:23:28.514077+00:00
S6:148071,https://api.mfapi.in/mf/148071,2026-10-04 12:18:14.512229+00:00
S6:148073,https://api.mfapi.in/mf/148073,2026-09-26 06:42:33.305113+00:00
S6:148173,https://api.mfapi.in/mf/148173,2026-09-26 06:55:05.314243+00:00
S6:148303,https://api.mfapi.in/mf/148303,2026-10-04 11:42:24.473557+00:00
S6:148304,https://api.mfapi.in/mf/148304,2026-09-26 06:04:47.340900+00:00
S6:148307,https://api.mfapi.in/mf/148307,2026-10-04 11:42:26.480482+00:00
S6:148308,https://api.mfapi.in/mf/148308,2026-09-26 06:04:49.304408+00:00
S6:148313,https://api.mfapi.in/mf/148313,2026-09-26 06:04:45.336645+00:00
S6:148318,https://api.mfapi.in/mf/148318,2026-10-04 11:42:22.478003+00:00
S6:148351,https://api.mfapi.in/mf/148351,2026-10-04 11:39:14.538992+00:00
S6:148353,https://api.mfapi.in/mf/148353,2026-09-26 06:01:35.307580+00:00
S6:148381,https://api.mfapi.in/mf/148381,2026-09-26 06:35:37.319694+00:00
S6:148382,https://api.mfapi.in/mf/148382,2026-10-04 12:11:30.510057+00:00
S6:148387,https://api.mfapi.in/mf/148387,2026-09-26 06:24:39.321018+00:00
S6:148389,https://api.mfapi.in/mf/148389,2026-10-04 12:01:18.564287+00:00
S6:148400,https://api.mfapi.in/mf/148400,2026-10-04 12:27:56.511274+00:00
S6:148401,https://api.mfapi.in/mf/148401,2026-09-26 06:52:15.313458+00:00
S6:148404,https://api.mfapi.in/mf/148404,2026-09-26 06:50:35.306228+00:00
S6:148405,https://api.mfapi.in/mf/148405,2026-10-04 12:26:14.503651+00:00
S6:148408,https://api.mfapi.in/mf/148408,2026-09-26 06:27:51.628461+00:00
S6:148409,https://api.mfapi.in/mf/148409,2026-10-04 12:16:52.504441+00:00
S6:148411,https://api.mfapi.in/mf/148411,2026-09-26 06:41:01.333580+00:00
S6:148413,https://api.mfapi.in/mf/148413,2026-09-26 06:01:07.311762+00:00
S6:148416,https://api.mfapi.in/mf/148416,2026-10-04 12:27:58.507776+00:00
S6:148419,https://api.mfapi.in/mf/148419,2026-09-26 06:52:17.308290+00:00
S6:148446,https://api.mfapi.in/mf/148446,2026-09-26 06:47:51.306469+00:00
S6:148448,https://api.mfapi.in/mf/148448,2026-10-04 12:23:30.517341+00:00
S6:148450,https://api.mfapi.in/mf/148450,2026-09-26 06:47:53.311898+00:00
S6:148452,https://api.mfapi.in/mf/148452,2026-10-04 12:23:32.507115+00:00
S6:148457,https://api.mfapi.in/mf/148457,2026-09-26 06:28:15.323372+00:00
S6:148459,https://api.mfapi.in/mf/148459,2026-10-04 12:04:22.513100+00:00
S6:148467,https://api.mfapi.in/mf/148467,2026-10-04 11:52:32.519903+00:00
S6:148468,https://api.mfapi.in/mf/148468,2026-09-26 06:15:33.316070+00:00
S6:148471,https://api.mfapi.in/mf/148471,2026-10-04 12:36:26.583044+00:00
S6:148474,https://api.mfapi.in/mf/148474,2026-09-26 07:01:19.345158+00:00
S6:148481,https://api.mfapi.in/mf/148481,2026-09-26 06:31:09.309028+00:00
S6:148483,https://api.mfapi.in/mf/148483,2026-10-04 12:07:04.517668+00:00
S6:148485,https://api.mfapi.in/mf/148485,2026-09-26 06:58:43.312893+00:00
S6:148486,https://api.mfapi.in/mf/148486,2026-10-04 12:34:04.508832+00:00
S6:148489,https://api.mfapi.in/mf/148489,2026-10-04 12:01:20.508131+00:00
S6:148490,https://api.mfapi.in/mf/148490,2026-09-26 06:24:41.320776+00:00
S6:148500,https://api.mfapi.in/mf/148500,2026-09-26 06:52:19.308733+00:00
S6:148502,https://api.mfapi.in/mf/148502,2026-10-04 12:28:00.512476+00:00
S6:148504,https://api.mfapi.in/mf/148504,2026-10-04 12:35:26.506699+00:00
S6:148507,https://api.mfapi.in/mf/148507,2026-09-26 07:00:09.309133+00:00
S6:148510,https://api.mfapi.in/mf/148510,2026-09-26 06:01:09.308218+00:00
S6:148516,https://api.mfapi.in/mf/148516,2026-09-26 06:10:53.311504+00:00
S6:148517,https://api.mfapi.in/mf/148517,2026-10-04 11:47:46.472331+00:00
S6:148518,https://api.mfapi.in/mf/148518,2026-10-04 12:04:08.526575+00:00
S6:148519,https://api.mfapi.in/mf/148519,2026-09-26 06:27:53.305929+00:00
S6:148529,https://api.mfapi.in/mf/148529,2026-09-26 06:52:21.313080+00:00
S6:148530,https://api.mfapi.in/mf/148530,2026-10-04 12:28:02.512034+00:00
S6:148534,https://api.mfapi.in/mf/148534,2026-09-26 06:01:37.309761+00:00
S6:148535,https://api.mfapi.in/mf/148535,2026-10-04 11:39:16.493757+00:00
S6:148537,https://api.mfapi.in/mf/148537,2026-10-04 12:09:40.511418+00:00
S6:148539,https://api.mfapi.in/mf/148539,2026-09-26 06:33:47.313913+00:00
S6:148543,https://api.mfapi.in/mf/148543,2026-10-04 12:01:22.538658+00:00
S6:148550,https://api.mfapi.in/mf/148550,2026-09-26 06:24:43.362824+00:00
S6:148555,https://api.mfapi.in/mf/148555,2026-09-26 06:47:55.310674+00:00
S6:148557,https://api.mfapi.in/mf/148557,2026-10-04 12:23:34.510599+00:00
S6:148560,https://api.mfapi.in/mf/148560,2026-10-04 12:37:20.508692+00:00
S6:148564,https://api.mfapi.in/mf/148564,2026-09-26 07:02:09.376803+00:00
S6:148567,https://api.mfapi.in/mf/148567,2026-09-26 06:15:35.314103+00:00
S6:148571,https://api.mfapi.in/mf/148571,2026-10-04 11:52:34.510853+00:00
S6:148574,https://api.mfapi.in/mf/148574,2026-09-26 06:52:23.312718+00:00
S6:148576,https://api.mfapi.in/mf/148576,2026-10-04 12:28:04.509684+00:00
S6:148591,https://api.mfapi.in/mf/148591,2026-10-04 12:18:16.531505+00:00
S6:148592,https://api.mfapi.in/mf/148592,2026-09-26 06:42:35.311082+00:00
S6:148594,https://api.mfapi.in/mf/148594,2026-10-04 12:22:16.534702+00:00
S6:148595,https://api.mfapi.in/mf/148595,2026-09-26 06:46:37.317390+00:00
S6:148598,https://api.mfapi.in/mf/148598,2026-10-04 11:47:48.476603+00:00
S6:148600,https://api.mfapi.in/mf/148600,2026-09-26 06:10:55.312675+00:00
S6:148602,https://api.mfapi.in/mf/148602,2026-10-04 11:50:02.511036+00:00
S6:148606,https://api.mfapi.in/mf/148606,2026-09-26 06:13:03.310230+00:00
S6:148609,https://api.mfapi.in/mf/148609,2026-09-26 06:17:19.305555+00:00
S6:148610,https://api.mfapi.in/mf/148610,2026-10-04 11:54:18.510164+00:00
S6:148613,https://api.mfapi.in/mf/148613,2026-10-04 12:07:06.524072+00:00
S6:148614,https://api.mfapi.in/mf/148614,2026-09-26 06:31:11.314826+00:00
S6:148617,https://api.mfapi.in/mf/148617,2026-10-04 12:30:40.602958+00:00
S6:148618,https://api.mfapi.in/mf/148618,2026-09-26 06:54:59.307201+00:00
S6:148621,https://api.mfapi.in/mf/148621,2026-10-04 12:28:06.510230+00:00
S6:148623,https://api.mfapi.in/mf/148623,2026-09-26 06:52:25.308449+00:00
S6:148631,https://api.mfapi.in/mf/148631,2026-10-04 12:34:06.519726+00:00
S6:148634,https://api.mfapi.in/mf/148634,2026-09-26 06:58:45.309146+00:00
S6:148635,https://api.mfapi.in/mf/148635,2026-10-04 12:09:42.509189+00:00
S6:148637,https://api.mfapi.in/mf/148637,2026-09-26 06:33:49.308833+00:00
S6:148641,https://api.mfapi.in/mf/148641,2026-10-04 12:04:12.534361+00:00
S6:148642,https://api.mfapi.in/mf/148642,2026-09-26 06:27:57.315107+00:00
S6:148645,https://api.mfapi.in/mf/148645,2026-10-04 11:50:04.539811+00:00
S6:148646,https://api.mfapi.in/mf/148646,2026-09-26 06:13:05.301829+00:00
S6:148651,https://api.mfapi.in/mf/148651,2026-09-26 06:10:57.314421+00:00
S6:148653,https://api.mfapi.in/mf/148653,2026-10-04 11:47:50.494907+00:00
S6:148657,https://api.mfapi.in/mf/148657,2026-10-04 12:19:04.603225+00:00
S6:148658,https://api.mfapi.in/mf/148658,2026-09-26 06:43:25.312837+00:00
S6:148661,https://api.mfapi.in/mf/148661,2026-10-04 11:50:06.515669+00:00
S6:148662,https://api.mfapi.in/mf/148662,2026-09-26 06:13:07.307306+00:00
S6:148663,https://api.mfapi.in/mf/148663,2026-10-04 12:04:14.521688+00:00
S6:148666,https://api.mfapi.in/mf/148666,2026-09-26 06:27:59.306902+00:00
S6:148683,https://api.mfapi.in/mf/148683,2026-09-26 06:24:47.372458+00:00
S6:148685,https://api.mfapi.in/mf/148685,2026-09-26 06:24:49.379313+00:00
S6:148688,https://api.mfapi.in/mf/148688,2026-09-26 06:24:51.378738+00:00
S6:148690,https://api.mfapi.in/mf/148690,2026-09-26 06:24:53.330474+00:00
S6:148692,https://api.mfapi.in/mf/148692,2026-10-04 12:01:32.516474+00:00
S6:148695,https://api.mfapi.in/mf/148695,2026-10-04 12:01:28.515833+00:00
S6:148696,https://api.mfapi.in/mf/148696,2026-10-04 12:01:30.508543+00:00
S6:148698,https://api.mfapi.in/mf/148698,2026-10-04 12:01:26.506391+00:00
S6:148699,https://api.mfapi.in/mf/148699,2026-09-26 06:58:47.308398+00:00
S6:148701,https://api.mfapi.in/mf/148701,2026-10-04 12:34:08.507216+00:00
S6:148703,https://api.mfapi.in/mf/148703,2026-09-26 06:55:01.330476+00:00
S6:148704,https://api.mfapi.in/mf/148704,2026-10-04 12:30:42.600449+00:00
S6:148705,https://api.mfapi.in/mf/148705,2026-10-04 11:57:36.598807+00:00
S6:148711,https://api.mfapi.in/mf/148711,2026-09-26 06:20:45.383612+00:00
S6:148719,https://api.mfapi.in/mf/148719,2026-10-04 12:04:26.605299+00:00
S6:148721,https://api.mfapi.in/mf/148721,2026-09-26 06:27:37.308109+00:00
S6:148723,https://api.mfapi.in/mf/148723,2026-10-04 12:04:20.544115+00:00
S6:148726,https://api.mfapi.in/mf/148726,2026-09-26 06:28:09.303598+00:00
S6:148727,https://api.mfapi.in/mf/148727,2026-10-04 11:52:36.579495+00:00
S6:148729,https://api.mfapi.in/mf/148729,2026-09-26 06:15:37.311967+00:00
S6:148732,https://api.mfapi.in/mf/148732,2026-10-04 11:39:18.499103+00:00
S6:148733,https://api.mfapi.in/mf/148733,2026-09-26 06:01:39.308956+00:00
S6:148743,https://api.mfapi.in/mf/148743,2026-10-04 11:50:08.524174+00:00
S6:148745,https://api.mfapi.in/mf/148745,2026-09-26 06:13:09.310240+00:00
S6:148749,https://api.mfapi.in/mf/148749,2026-10-04 12:11:32.588746+00:00
S6:148750,https://api.mfapi.in/mf/148750,2026-09-26 06:35:39.313177+00:00
S6:148751,https://api.mfapi.in/mf/148751,2026-09-26 06:31:13.304979+00:00
S6:148753,https://api.mfapi.in/mf/148753,2026-10-04 12:07:08.513064+00:00
S6:148755,https://api.mfapi.in/mf/148755,2026-09-26 06:52:27.310712+00:00
S6:148757,https://api.mfapi.in/mf/148757,2026-10-04 12:28:08.512645+00:00
S6:148760,https://api.mfapi.in/mf/148760,2026-09-26 06:24:57.303654+00:00
S6:148762,https://api.mfapi.in/mf/148762,2026-10-04 12:01:34.501117+00:00
S6:148768,https://api.mfapi.in/mf/148768,2026-10-04 12:22:18.519212+00:00
S6:148771,https://api.mfapi.in/mf/148771,2026-09-26 06:46:39.315821+00:00
S6:148786,https://api.mfapi.in/mf/148786,2026-10-04 11:57:38.512048+00:00
S6:148789,https://api.mfapi.in/mf/148789,2026-09-26 06:20:47.370284+00:00
S6:148790,https://api.mfapi.in/mf/148790,2026-10-04 11:57:40.514543+00:00
S6:148792,https://api.mfapi.in/mf/148792,2026-09-26 06:20:49.312711+00:00
S6:148795,https://api.mfapi.in/mf/148795,2026-09-26 06:47:57.312470+00:00
S6:148797,https://api.mfapi.in/mf/148797,2026-10-04 12:23:36.506274+00:00
S6:148798,https://api.mfapi.in/mf/148798,2026-09-26 06:28:55.373187+00:00
S6:148800,https://api.mfapi.in/mf/148800,2026-09-26 06:28:57.344642+00:00
S6:148805,https://api.mfapi.in/mf/148805,2026-10-04 12:09:46.504599+00:00
S6:148807,https://api.mfapi.in/mf/148807,2026-09-26 06:33:53.305997+00:00
S6:148811,https://api.mfapi.in/mf/148811,2026-10-04 12:09:44.512353+00:00
S6:148815,https://api.mfapi.in/mf/148815,2026-09-26 06:33:51.311726+00:00
S6:148821,https://api.mfapi.in/mf/148821,2026-10-04 11:47:52.513442+00:00
S6:148822,https://api.mfapi.in/mf/148822,2026-09-26 06:10:59.308957+00:00
S6:148833,https://api.mfapi.in/mf/148833,2026-10-04 11:42:48.478125+00:00
S6:148841,https://api.mfapi.in/mf/148841,2026-09-26 06:05:11.313405+00:00
S6:148883,https://api.mfapi.in/mf/148883,2026-09-26 06:49:47.353317+00:00
S6:148884,https://api.mfapi.in/mf/148884,2026-10-04 12:25:26.504696+00:00
S6:148901,https://api.mfapi.in/mf/148901,2026-10-04 11:54:22.505690+00:00
S6:148903,https://api.mfapi.in/mf/148903,2026-09-26 06:17:23.310442+00:00
S6:148906,https://api.mfapi.in/mf/148906,2026-10-04 11:39:20.481903+00:00
S6:148913,https://api.mfapi.in/mf/148913,2026-09-26 06:01:41.367453+00:00
S6:148918,https://api.mfapi.in/mf/148918,2026-10-04 12:09:48.507545+00:00
S6:148921,https://api.mfapi.in/mf/148921,2026-09-26 06:33:55.310978+00:00
S6:148923,https://api.mfapi.in/mf/148923,2026-10-04 12:37:22.507987+00:00
S6:148925,https://api.mfapi.in/mf/148925,2026-09-26 07:02:11.310279+00:00
S6:148928,https://api.mfapi.in/mf/148928,2026-09-26 06:52:29.309144+00:00
S6:148929,https://api.mfapi.in/mf/148929,2026-10-04 12:28:10.504108+00:00
S6:148943,https://api.mfapi.in/mf/148943,2026-10-04 12:01:38.513508+00:00
S6:148945,https://api.mfapi.in/mf/148945,2026-09-26 06:24:59.307251+00:00
S6:148947,https://api.mfapi.in/mf/148947,2026-09-26 06:37:53.649383+00:00
S6:148948,https://api.mfapi.in/mf/148948,2026-10-04 12:14:12.508882+00:00
S6:148953,https://api.mfapi.in/mf/148953,2026-10-04 12:34:10.513509+00:00
S6:148954,https://api.mfapi.in/mf/148954,2026-09-26 06:58:49.306567+00:00
S6:148958,https://api.mfapi.in/mf/148958,2026-09-26 06:59:31.305194+00:00
S6:148959,https://api.mfapi.in/mf/148959,2026-10-04 12:34:48.507387+00:00
S6:148962,https://api.mfapi.in/mf/148962,2026-09-26 06:33:57.307963+00:00
S6:148965,https://api.mfapi.in/mf/148965,2026-10-04 12:09:50.510078+00:00
S6:148972,https://api.mfapi.in/mf/148972,2026-09-26 06:01:43.311366+00:00
S6:148973,https://api.mfapi.in/mf/148973,2026-10-04 11:39:22.486665+00:00
S6:148974,https://api.mfapi.in/mf/148974,2026-10-04 11:50:10.543781+00:00
S6:148978,https://api.mfapi.in/mf/148978,2026-09-26 06:13:11.304510+00:00
S6:148980,https://api.mfapi.in/mf/148980,2026-09-26 06:50:37.306648+00:00
S6:148982,https://api.mfapi.in/mf/148982,2026-10-04 12:26:16.505775+00:00
S6:148986,https://api.mfapi.in/mf/148986,2026-09-26 06:17:25.303103+00:00
S6:148987,https://api.mfapi.in/mf/148987,2026-10-04 11:54:24.506490+00:00
S6:148989,https://api.mfapi.in/mf/148989,2026-10-04 11:47:54.525897+00:00
S6:148990,https://api.mfapi.in/mf/148990,2026-09-26 06:11:01.311373+00:00
S6:148992,https://api.mfapi.in/mf/148992,2026-10-04 12:32:12.507412+00:00
S6:148993,https://api.mfapi.in/mf/148993,2026-09-26 06:58:51.305224+00:00
S6:149003,https://api.mfapi.in/mf/149003,2026-10-04 12:14:44.508495+00:00
S6:149007,https://api.mfapi.in/mf/149007,2026-09-26 06:38:53.306233+00:00
S6:149008,https://api.mfapi.in/mf/149008,2026-09-26 06:28:59.378455+00:00
S6:149011,https://api.mfapi.in/mf/149011,2026-09-26 06:31:15.306652+00:00
S6:149012,https://api.mfapi.in/mf/149012,2026-10-04 12:07:10.520216+00:00
S6:149019,https://api.mfapi.in/mf/149019,2026-09-26 06:43:27.303354+00:00
S6:149020,https://api.mfapi.in/mf/149020,2026-10-04 12:19:06.507799+00:00
S6:149021,https://api.mfapi.in/mf/149021,2026-10-04 11:39:24.525130+00:00
S6:149029,https://api.mfapi.in/mf/149029,2026-09-26 06:01:45.306958+00:00
S6:149039,https://api.mfapi.in/mf/149039,2026-09-26 07:01:29.313657+00:00
S6:149040,https://api.mfapi.in/mf/149040,2026-10-04 12:36:36.505014+00:00
S6:149048,https://api.mfapi.in/mf/149048,2026-10-04 12:32:16.560825+00:00
S6:149049,https://api.mfapi.in/mf/149049,2026-09-26 06:57:09.372425+00:00
S6:149056,https://api.mfapi.in/mf/149056,2026-10-04 11:50:12.508598+00:00
S6:149059,https://api.mfapi.in/mf/149059,2026-09-26 06:13:13.314988+00:00
S6:149068,https://api.mfapi.in/mf/149068,2026-10-04 12:14:46.517768+00:00
S6:149071,https://api.mfapi.in/mf/149071,2026-09-26 06:38:55.304645+00:00
S6:149073,https://api.mfapi.in/mf/149073,2026-10-04 11:42:50.478811+00:00
S6:149076,https://api.mfapi.in/mf/149076,2026-09-26 06:05:13.306660+00:00
S6:149085,https://api.mfapi.in/mf/149085,2026-09-26 06:49:49.304958+00:00
S6:149088,https://api.mfapi.in/mf/149088,2026-10-04 12:25:28.511946+00:00
S6:149089,https://api.mfapi.in/mf/149089,2026-10-04 12:05:04.538363+00:00
S6:149090,https://api.mfapi.in/mf/149090,2026-10-04 12:30:44.507395+00:00
S6:149091,https://api.mfapi.in/mf/149091,2026-09-26 06:55:11.309017+00:00
S6:149094,https://api.mfapi.in/mf/149094,2026-09-26 06:29:01.305437+00:00
S6:149098,https://api.mfapi.in/mf/149098,2026-09-26 06:20:51.305669+00:00
S6:149100,https://api.mfapi.in/mf/149100,2026-10-04 11:57:42.526874+00:00
S6:149101,https://api.mfapi.in/mf/149101,2026-10-04 11:52:38.529458+00:00
S6:149104,https://api.mfapi.in/mf/149104,2026-09-26 06:15:39.310748+00:00
S6:149106,https://api.mfapi.in/mf/149106,2026-10-04 11:54:26.509036+00:00
S6:149107,https://api.mfapi.in/mf/149107,2026-09-26 06:17:27.313736+00:00
S6:149112,https://api.mfapi.in/mf/149112,2026-09-26 06:52:31.316416+00:00
S6:149115,https://api.mfapi.in/mf/149115,2026-10-04 12:28:12.551385+00:00
S6:149116,https://api.mfapi.in/mf/149116,2026-10-04 12:18:18.532282+00:00
S6:149117,https://api.mfapi.in/mf/149117,2026-09-26 06:42:37.317156+00:00
S6:149132,https://api.mfapi.in/mf/149132,2026-10-04 12:01:40.537252+00:00
S6:149134,https://api.mfapi.in/mf/149134,2026-09-26 06:25:01.307287+00:00
S6:149140,https://api.mfapi.in/mf/149140,2026-10-04 12:36:28.524157+00:00
S6:149141,https://api.mfapi.in/mf/149141,2026-09-26 07:01:21.307938+00:00
S6:149145,https://api.mfapi.in/mf/149145,2026-10-04 12:01:44.526307+00:00
S6:149147,https://api.mfapi.in/mf/149147,2026-09-26 06:25:05.513808+00:00
S6:149157,https://api.mfapi.in/mf/149157,2026-10-04 11:47:56.535316+00:00
S6:149158,https://api.mfapi.in/mf/149158,2026-09-26 06:11:03.306966+00:00
S6:149166,https://api.mfapi.in/mf/149166,2026-09-26 06:56:43.301894+00:00
S6:149167,https://api.mfapi.in/mf/149167,2026-10-04 12:32:26.548951+00:00
S6:149170,https://api.mfapi.in/mf/149170,2026-09-26 06:52:33.309726+00:00
S6:149171,https://api.mfapi.in/mf/149171,2026-10-04 12:28:14.542225+00:00
S6:149172,https://api.mfapi.in/mf/149172,2026-10-04 12:01:46.524212+00:00
S6:149174,https://api.mfapi.in/mf/149174,2026-09-26 06:25:07.311608+00:00
S6:149182,https://api.mfapi.in/mf/149182,2026-10-04 11:50:14.509824+00:00
S6:149185,https://api.mfapi.in/mf/149185,2026-09-26 06:13:15.340060+00:00
S6:149195,https://api.mfapi.in/mf/149195,2026-09-26 06:23:49.308033+00:00
S6:149197,https://api.mfapi.in/mf/149197,2026-10-04 12:01:48.518482+00:00
S6:149198,https://api.mfapi.in/mf/149198,2026-10-04 12:09:12.516586+00:00
S6:149199,https://api.mfapi.in/mf/149199,2026-09-26 06:33:25.317903+00:00
S6:149208,https://api.mfapi.in/mf/149208,2026-10-04 11:48:00.663775+00:00
S6:149210,https://api.mfapi.in/mf/149210,2026-09-26 06:11:07.308373+00:00
S6:149218,https://api.mfapi.in/mf/149218,2026-10-04 11:48:08.487595+00:00
S6:149219,https://api.mfapi.in/mf/149219,2026-09-26 06:11:13.303157+00:00
S6:149228,https://api.mfapi.in/mf/149228,2026-10-04 11:52:40.526270+00:00
S6:149230,https://api.mfapi.in/mf/149230,2026-09-26 06:15:41.313092+00:00
S6:149232,https://api.mfapi.in/mf/149232,2026-09-26 06:24:03.320306+00:00
S6:149235,https://api.mfapi.in/mf/149235,2026-10-04 12:00:40.557590+00:00
S6:149240,https://api.mfapi.in/mf/149240,2026-09-26 06:35:41.304350+00:00
S6:149241,https://api.mfapi.in/mf/149241,2026-10-04 12:11:34.514870+00:00
S6:149247,https://api.mfapi.in/mf/149247,2026-09-26 06:48:01.306034+00:00
S6:149249,https://api.mfapi.in/mf/149249,2026-10-04 12:23:40.505554+00:00
S6:149250,https://api.mfapi.in/mf/149250,2026-09-26 06:48:03.308401+00:00
S6:149252,https://api.mfapi.in/mf/149252,2026-10-04 12:23:42.516119+00:00
S6:149254,https://api.mfapi.in/mf/149254,2026-09-26 06:48:05.335480+00:00
S6:149256,https://api.mfapi.in/mf/149256,2026-10-04 12:23:44.506035+00:00
S6:149259,https://api.mfapi.in/mf/149259,2026-10-04 12:27:14.505162+00:00
S6:149261,https://api.mfapi.in/mf/149261,2026-09-26 06:51:33.303470+00:00
S6:149264,https://api.mfapi.in/mf/149264,2026-09-26 06:05:31.309668+00:00
S6:149266,https://api.mfapi.in/mf/149266,2026-10-04 11:43:10.470737+00:00
S6:149268,https://api.mfapi.in/mf/149268,2026-09-26 06:01:47.305696+00:00
S6:149270,https://api.mfapi.in/mf/149270,2026-10-04 11:39:26.506128+00:00
S6:149278,https://api.mfapi.in/mf/149278,2026-10-04 12:00:58.538583+00:00
S6:149279,https://api.mfapi.in/mf/149279,2026-09-26 06:24:21.306650+00:00
S6:149281,https://api.mfapi.in/mf/149281,2026-10-04 11:48:10.489989+00:00
S6:149283,https://api.mfapi.in/mf/149283,2026-09-26 06:11:19.305191+00:00
S6:149287,https://api.mfapi.in/mf/149287,2026-10-04 11:54:28.525493+00:00
S6:149288,https://api.mfapi.in/mf/149288,2026-09-26 06:17:29.315119+00:00
S6:149290,https://api.mfapi.in/mf/149290,2026-10-04 12:09:10.506102+00:00
S6:149291,https://api.mfapi.in/mf/149291,2026-09-26 06:33:27.303800+00:00
S6:149295,https://api.mfapi.in/mf/149295,2026-09-26 06:33:05.322499+00:00
S6:149296,https://api.mfapi.in/mf/149296,2026-10-04 12:08:50.505999+00:00
S6:149298,https://api.mfapi.in/mf/149298,2026-09-26 06:43:29.305087+00:00
S6:149299,https://api.mfapi.in/mf/149299,2026-10-04 12:19:08.524974+00:00
S6:149303,https://api.mfapi.in/mf/149303,2026-09-26 06:20:53.303891+00:00
S6:149305,https://api.mfapi.in/mf/149305,2026-10-04 11:57:44.602889+00:00
S6:149307,https://api.mfapi.in/mf/149307,2026-09-26 06:23:53.307756+00:00
S6:149308,https://api.mfapi.in/mf/149308,2026-10-04 12:00:28.575464+00:00
S6:149317,https://api.mfapi.in/mf/149317,2026-10-04 12:17:34.508861+00:00
S6:149318,https://api.mfapi.in/mf/149318,2026-09-26 06:41:47.323660+00:00
S6:149321,https://api.mfapi.in/mf/149321,2026-09-26 06:01:49.345360+00:00
S6:149324,https://api.mfapi.in/mf/149324,2026-10-04 11:39:28.478807+00:00
S6:149328,https://api.mfapi.in/mf/149328,2026-10-04 12:05:06.535418+00:00
S6:149329,https://api.mfapi.in/mf/149329,2026-09-26 06:29:03.326823+00:00
S6:149331,https://api.mfapi.in/mf/149331,2026-09-26 06:11:21.326450+00:00
S6:149334,https://api.mfapi.in/mf/149334,2026-10-04 11:48:14.497805+00:00
S6:149335,https://api.mfapi.in/mf/149335,2026-09-26 07:02:13.303950+00:00
S6:149337,https://api.mfapi.in/mf/149337,2026-10-04 12:37:24.520215+00:00
S6:149341,https://api.mfapi.in/mf/149341,2026-10-04 12:23:46.517959+00:00
S6:149343,https://api.mfapi.in/mf/149343,2026-09-26 06:48:07.309345+00:00
S6:149345,https://api.mfapi.in/mf/149345,2026-09-26 06:24:13.306811+00:00
S6:149347,https://api.mfapi.in/mf/149347,2026-10-04 12:00:52.517457+00:00
S6:149351,https://api.mfapi.in/mf/149351,2026-10-04 12:14:48.535297+00:00
S6:149361,https://api.mfapi.in/mf/149361,2026-09-26 06:38:57.308992+00:00
S6:149366,https://api.mfapi.in/mf/149366,2026-10-04 11:54:30.505584+00:00
S6:149368,https://api.mfapi.in/mf/149368,2026-09-26 06:17:31.305347+00:00
S6:149371,https://api.mfapi.in/mf/149371,2026-10-04 12:32:56.507107+00:00
S6:149373,https://api.mfapi.in/mf/149373,2026-09-26 06:56:59.385837+00:00
S6:149380,https://api.mfapi.in/mf/149380,2026-10-04 12:28:16.540391+00:00
S6:149381,https://api.mfapi.in/mf/149381,2026-09-26 06:52:35.304359+00:00
S6:149382,https://api.mfapi.in/mf/149382,2026-10-04 12:32:58.508470+00:00
S6:149383,https://api.mfapi.in/mf/149383,2026-09-26 06:57:01.344847+00:00
S6:149389,https://api.mfapi.in/mf/149389,2026-09-26 06:11:23.305938+00:00
S6:149390,https://api.mfapi.in/mf/149390,2026-10-04 11:48:16.500812+00:00
S6:149399,https://api.mfapi.in/mf/149399,2026-10-04 12:23:48.512017+00:00
S6:149401,https://api.mfapi.in/mf/149401,2026-09-26 06:48:09.308458+00:00
S6:149404,https://api.mfapi.in/mf/149404,2026-10-04 11:52:42.524102+00:00
S6:149406,https://api.mfapi.in/mf/149406,2026-09-26 06:15:43.305676+00:00
S6:149431,https://api.mfapi.in/mf/149431,2026-09-26 06:24:05.307153+00:00
S6:149432,https://api.mfapi.in/mf/149432,2026-10-04 12:00:42.511900+00:00
S6:149439,https://api.mfapi.in/mf/149439,2026-10-04 11:48:18.473980+00:00
S6:149441,https://api.mfapi.in/mf/149441,2026-09-26 06:11:25.311035+00:00
S6:149447,https://api.mfapi.in/mf/149447,2026-09-26 07:01:31.304971+00:00
S6:149448,https://api.mfapi.in/mf/149448,2026-10-04 12:36:38.506022+00:00
S6:149449,https://api.mfapi.in/mf/149449,2026-10-04 11:43:24.474253+00:00
S6:149450,https://api.mfapi.in/mf/149450,2026-09-26 06:05:45.304158+00:00
S6:149455,https://api.mfapi.in/mf/149455,2026-09-26 06:11:31.304985+00:00
S6:149456,https://api.mfapi.in/mf/149456,2026-10-04 11:48:24.469812+00:00
S6:149459,https://api.mfapi.in/mf/149459,2026-10-04 12:01:00.536572+00:00
S6:149460,https://api.mfapi.in/mf/149460,2026-09-26 06:24:23.308795+00:00
S6:149465,https://api.mfapi.in/mf/149465,2026-09-26 06:29:05.382499+00:00
S6:149466,https://api.mfapi.in/mf/149466,2026-09-26 06:57:33.311679+00:00
S6:149467,https://api.mfapi.in/mf/149467,2026-10-04 12:32:18.509585+00:00
S6:149472,https://api.mfapi.in/mf/149472,2026-10-04 12:00:30.514176+00:00
S6:149474,https://api.mfapi.in/mf/149474,2026-09-26 06:23:57.306888+00:00
S6:149481,https://api.mfapi.in/mf/149481,2026-10-04 11:48:42.472473+00:00
S6:149483,https://api.mfapi.in/mf/149483,2026-09-26 06:11:37.301886+00:00
S6:149519,https://api.mfapi.in/mf/149519,2026-10-04 11:48:52.470066+00:00
S6:149526,https://api.mfapi.in/mf/149526,2026-09-26 06:11:45.318812+00:00
S6:149532,https://api.mfapi.in/mf/149532,2026-10-04 11:48:30.489079+00:00
S6:149533,https://api.mfapi.in/mf/149533,2026-09-26 06:11:33.318811+00:00
S6:149535,https://api.mfapi.in/mf/149535,2026-10-04 11:48:48.472928+00:00
S6:149539,https://api.mfapi.in/mf/149539,2026-09-26 06:11:53.305250+00:00
S6:149550,https://api.mfapi.in/mf/149550,2026-09-26 06:11:57.303893+00:00
S6:149552,https://api.mfapi.in/mf/149552,2026-10-04 11:48:54.502831+00:00
S6:149569,https://api.mfapi.in/mf/149569,2026-10-04 11:48:34.509151+00:00
S6:149570,https://api.mfapi.in/mf/149570,2026-09-26 06:11:55.404013+00:00
S6:149585,https://api.mfapi.in/mf/149585,2026-10-04 11:48:44.471880+00:00
S6:149587,https://api.mfapi.in/mf/149587,2026-09-26 06:11:47.320304+00:00
S6:149599,https://api.mfapi.in/mf/149599,2026-10-04 11:48:46.486674+00:00
S6:149601,https://api.mfapi.in/mf/149601,2026-09-26 06:11:39.305167+00:00
S6:149661,https://api.mfapi.in/mf/149661,2026-10-04 11:48:50.476805+00:00
S6:149664,https://api.mfapi.in/mf/149664,2026-09-26 06:11:49.313420+00:00
S6:149667,https://api.mfapi.in/mf/149667,2026-10-04 11:48:38.483898+00:00
S6:149669,https://api.mfapi.in/mf/149669,2026-09-26 06:11:43.305312+00:00
S6:149674,https://api.mfapi.in/mf/149674,2026-10-04 11:48:32.473531+00:00
S6:149679,https://api.mfapi.in/mf/149679,2026-09-26 06:11:51.310262+00:00
S6:149697,https://api.mfapi.in/mf/149697,2026-10-04 11:48:40.475285+00:00
S6:149700,https://api.mfapi.in/mf/149700,2026-09-26 06:11:35.308715+00:00
S6:149715,https://api.mfapi.in/mf/149715,2026-10-04 11:48:36.508042+00:00
S6:149717,https://api.mfapi.in/mf/149717,2026-09-26 06:11:41.302498+00:00
S6:149758,https://api.mfapi.in/mf/149758,2026-09-26 06:29:09.302650+00:00
S6:149759,https://api.mfapi.in/mf/149759,2026-10-04 12:05:08.504443+00:00
S6:149760,https://api.mfapi.in/mf/149760,2026-09-26 06:29:07.407011+00:00
S6:149763,https://api.mfapi.in/mf/149763,2026-09-26 06:31:17.304407+00:00
S6:149766,https://api.mfapi.in/mf/149766,2026-10-04 12:07:12.513366+00:00
S6:149775,https://api.mfapi.in/mf/149775,2026-09-26 06:11:27.302521+00:00
S6:149777,https://api.mfapi.in/mf/149777,2026-10-04 11:48:20.470938+00:00
S6:149780,https://api.mfapi.in/mf/149780,2026-09-26 06:33:17.360685+00:00
S6:149783,https://api.mfapi.in/mf/149783,2026-10-04 12:09:02.507266+00:00
S6:149788,https://api.mfapi.in/mf/149788,2026-10-04 12:28:18.504140+00:00
S6:149790,https://api.mfapi.in/mf/149790,2026-09-26 06:52:37.307750+00:00
S6:149792,https://api.mfapi.in/mf/149792,2026-10-04 12:09:20.517176+00:00
S6:149794,https://api.mfapi.in/mf/149794,2026-09-26 06:32:57.336831+00:00
S6:149795,https://api.mfapi.in/mf/149795,2026-10-04 11:42:52.478088+00:00
S6:149800,https://api.mfapi.in/mf/149800,2026-09-26 06:35:43.302672+00:00
S6:149802,https://api.mfapi.in/mf/149802,2026-10-04 12:30:46.564797+00:00
S6:149803,https://api.mfapi.in/mf/149803,2026-09-26 06:55:13.305133+00:00
S6:149804,https://api.mfapi.in/mf/149804,2026-09-26 07:01:33.303968+00:00
S6:149805,https://api.mfapi.in/mf/149805,2026-10-04 12:36:40.505270+00:00
S6:149816,https://api.mfapi.in/mf/149816,2026-09-26 06:46:41.311815+00:00
S6:149817,https://api.mfapi.in/mf/149817,2026-10-04 12:22:20.513321+00:00
S6:149832,https://api.mfapi.in/mf/149832,2026-09-26 06:20:55.327786+00:00
S6:149833,https://api.mfapi.in/mf/149833,2026-10-04 11:57:46.501906+00:00
S6:149837,https://api.mfapi.in/mf/149837,2026-10-04 12:08:52.560486+00:00
S6:149838,https://api.mfapi.in/mf/149838,2026-09-26 06:32:53.317936+00:00
S6:149840,https://api.mfapi.in/mf/149840,2026-10-04 11:50:16.519386+00:00
S6:149841,https://api.mfapi.in/mf/149841,2026-09-26 06:13:17.314200+00:00
S6:149844,https://api.mfapi.in/mf/149844,2026-10-04 12:32:38.522032+00:00
S6:149847,https://api.mfapi.in/mf/149847,2026-09-26 06:56:47.305260+00:00
S6:149852,https://api.mfapi.in/mf/149852,2026-10-04 11:50:18.507695+00:00
S6:149855,https://api.mfapi.in/mf/149855,2026-09-26 06:13:19.308689+00:00
S6:149858,https://api.mfapi.in/mf/149858,2026-09-26 06:10:01.318447+00:00
S6:149859,https://api.mfapi.in/mf/149859,2026-10-04 11:48:26.470554+00:00
S6:149862,https://api.mfapi.in/mf/149862,2026-10-04 11:50:20.505435+00:00
S6:149865,https://api.mfapi.in/mf/149865,2026-09-26 06:13:21.381597+00:00
S6:149868,https://api.mfapi.in/mf/149868,2026-09-26 06:17:33.304989+00:00
S6:149869,https://api.mfapi.in/mf/149869,2026-10-04 11:54:32.502969+00:00
S6:149870,https://api.mfapi.in/mf/149870,2026-09-26 06:17:35.385394+00:00
S6:149871,https://api.mfapi.in/mf/149871,2026-10-04 11:54:34.504864+00:00
S6:149872,https://api.mfapi.in/mf/149872,2026-10-04 12:32:00.534666+00:00
S6:149873,https://api.mfapi.in/mf/149873,2026-09-26 06:57:23.303259+00:00
S6:149876,https://api.mfapi.in/mf/149876,2026-10-04 12:00:32.639260+00:00
S6:149878,https://api.mfapi.in/mf/149878,2026-09-26 06:23:59.305070+00:00
S6:149880,https://api.mfapi.in/mf/149880,2026-10-04 12:30:48.503819+00:00
S6:149881,https://api.mfapi.in/mf/149881,2026-09-26 06:55:15.302895+00:00
S6:149882,https://api.mfapi.in/mf/149882,2026-09-26 06:24:25.312714+00:00
S6:149886,https://api.mfapi.in/mf/149886,2026-10-04 12:00:54.505409+00:00
S6:149894,https://api.mfapi.in/mf/149894,2026-09-26 06:57:03.450751+00:00
S6:149896,https://api.mfapi.in/mf/149896,2026-10-04 12:33:00.521224+00:00
S6:149915,https://api.mfapi.in/mf/149915,2026-10-04 12:05:10.528051+00:00
S6:149917,https://api.mfapi.in/mf/149917,2026-09-26 06:29:11.305370+00:00
S6:149922,https://api.mfapi.in/mf/149922,2026-10-04 11:54:36.517907+00:00
S6:149924,https://api.mfapi.in/mf/149924,2026-09-26 06:17:37.318022+00:00
S6:149936,https://api.mfapi.in/mf/149936,2026-09-26 06:57:35.303745+00:00
S6:149938,https://api.mfapi.in/mf/149938,2026-10-04 12:32:20.506265+00:00
S6:149949,https://api.mfapi.in/mf/149949,2026-10-04 12:23:50.515715+00:00
S6:149950,https://api.mfapi.in/mf/149950,2026-09-26 06:48:11.301119+00:00
S6:149960,https://api.mfapi.in/mf/149960,2026-10-04 12:07:14.522350+00:00
S6:149961,https://api.mfapi.in/mf/149961,2026-09-26 06:31:19.303928+00:00
S6:149963,https://api.mfapi.in/mf/149963,2026-10-04 12:16:54.506806+00:00
S6:149966,https://api.mfapi.in/mf/149966,2026-09-26 06:41:03.334673+00:00
S6:149968,https://api.mfapi.in/mf/149968,2026-10-04 12:22:22.502356+00:00
S6:149970,https://api.mfapi.in/mf/149970,2026-09-26 06:46:43.315633+00:00
S6:149993,https://api.mfapi.in/mf/149993,2026-09-26 06:24:01.305621+00:00
S6:149994,https://api.mfapi.in/mf/149994,2026-10-04 12:00:34.522909+00:00
S6:149998,https://api.mfapi.in/mf/149998,2026-10-04 11:46:54.478468+00:00
S6:149999,https://api.mfapi.in/mf/149999,2026-09-26 06:10:27.304381+00:00
S6:150001,https://api.mfapi.in/mf/150001,2026-10-04 11:54:38.501859+00:00
S6:150002,https://api.mfapi.in/mf/150002,2026-09-26 06:17:39.308702+00:00
S6:150011,https://api.mfapi.in/mf/150011,2026-10-04 12:05:12.603937+00:00
S6:150012,https://api.mfapi.in/mf/150012,2026-09-26 06:29:13.312074+00:00
S6:150156,https://api.mfapi.in/mf/150156,2026-10-04 12:12:26.524187+00:00
S6:150159,https://api.mfapi.in/mf/150159,2026-09-26 06:36:37.305073+00:00
S6:150165,https://api.mfapi.in/mf/150165,2026-10-04 12:12:30.509652+00:00
S6:150169,https://api.mfapi.in/mf/150169,2026-09-26 06:36:31.306677+00:00
S6:150173,https://api.mfapi.in/mf/150173,2026-10-04 12:12:32.509775+00:00
S6:150180,https://api.mfapi.in/mf/150180,2026-09-26 06:36:35.308850+00:00
S6:150185,https://api.mfapi.in/mf/150185,2026-10-04 12:12:24.566397+00:00
S6:150187,https://api.mfapi.in/mf/150187,2026-09-26 06:36:39.306601+00:00
S6:150203,https://api.mfapi.in/mf/150203,2026-10-04 12:12:22.689697+00:00
S6:150206,https://api.mfapi.in/mf/150206,2026-09-26 06:36:43.309109+00:00
S6:150209,https://api.mfapi.in/mf/150209,2026-10-04 12:12:28.515896+00:00
S6:150212,https://api.mfapi.in/mf/150212,2026-09-26 06:36:41.305969+00:00
S6:150235,https://api.mfapi.in/mf/150235,2026-10-04 12:12:34.578080+00:00
S6:150237,https://api.mfapi.in/mf/150237,2026-09-26 06:36:33.306113+00:00
S6:150250,https://api.mfapi.in/mf/150250,2026-10-04 12:12:36.517428+00:00
S6:150251,https://api.mfapi.in/mf/150251,2026-09-26 06:36:45.312140+00:00
S6:150258,https://api.mfapi.in/mf/150258,2026-10-04 12:12:38.502118+00:00
S6:150260,https://api.mfapi.in/mf/150260,2026-09-26 06:36:47.312503+00:00
S6:150263,https://api.mfapi.in/mf/150263,2026-10-04 12:12:40.508090+00:00
S6:150264,https://api.mfapi.in/mf/150264,2026-09-26 06:36:49.343231+00:00
S6:150266,https://api.mfapi.in/mf/150266,2026-09-26 06:36:51.345653+00:00
S6:150268,https://api.mfapi.in/mf/150268,2026-10-04 12:12:42.502571+00:00
S6:150284,https://api.mfapi.in/mf/150284,2026-10-04 12:12:44.511679+00:00
S6:150285,https://api.mfapi.in/mf/150285,2026-09-26 06:36:53.321033+00:00
S6:150308,https://api.mfapi.in/mf/150308,2026-10-04 11:47:08.468496+00:00
S6:150310,https://api.mfapi.in/mf/150310,2026-09-26 06:09:55.308136+00:00
S6:150312,https://api.mfapi.in/mf/150312,2026-10-04 12:30:50.599020+00:00
S6:150313,https://api.mfapi.in/mf/150313,2026-09-26 06:55:17.306926+00:00
S6:150326,https://api.mfapi.in/mf/150326,2026-09-26 06:38:59.307608+00:00
S6:150330,https://api.mfapi.in/mf/150330,2026-10-04 12:14:50.519378+00:00
S6:150344,https://api.mfapi.in/mf/150344,2026-09-26 06:39:01.306306+00:00
S6:150345,https://api.mfapi.in/mf/150345,2026-10-04 12:14:52.508034+00:00
S6:150346,https://api.mfapi.in/mf/150346,2026-09-26 06:02:07.303194+00:00
S6:150347,https://api.mfapi.in/mf/150347,2026-10-04 11:39:46.472250+00:00
S6:150351,https://api.mfapi.in/mf/150351,2026-10-04 12:09:14.505865+00:00
S6:150353,https://api.mfapi.in/mf/150353,2026-09-26 06:33:29.312885+00:00
S6:150358,https://api.mfapi.in/mf/150358,2026-09-26 06:52:39.304558+00:00
S6:150360,https://api.mfapi.in/mf/150360,2026-10-04 12:28:20.502169+00:00
S6:150366,https://api.mfapi.in/mf/150366,2026-10-04 11:43:12.469882+00:00
S6:150367,https://api.mfapi.in/mf/150367,2026-09-26 06:05:33.301456+00:00
S6:150368,https://api.mfapi.in/mf/150368,2026-10-04 11:43:14.473354+00:00
S6:150369,https://api.mfapi.in/mf/150369,2026-09-26 06:05:35.304429+00:00
S6:150376,https://api.mfapi.in/mf/150376,2026-09-26 06:48:13.304991+00:00
S6:150382,https://api.mfapi.in/mf/150382,2026-10-04 12:23:52.502684+00:00
S6:150385,https://api.mfapi.in/mf/150385,2026-10-04 12:12:46.558295+00:00
S6:150387,https://api.mfapi.in/mf/150387,2026-09-26 06:36:55.335478+00:00
S6:150389,https://api.mfapi.in/mf/150389,2026-10-04 11:40:58.476049+00:00
S6:150390,https://api.mfapi.in/mf/150390,2026-09-26 06:03:19.304225+00:00
S6:150392,https://api.mfapi.in/mf/150392,2026-09-26 06:51:35.301273+00:00
S6:150393,https://api.mfapi.in/mf/150393,2026-10-04 12:27:16.504064+00:00
S6:150402,https://api.mfapi.in/mf/150402,2026-10-04 11:57:48.510299+00:00
S6:150404,https://api.mfapi.in/mf/150404,2026-09-26 06:20:57.368570+00:00
S6:150405,https://api.mfapi.in/mf/150405,2026-10-04 12:18:20.511218+00:00
S6:150407,https://api.mfapi.in/mf/150407,2026-09-26 06:42:39.409049+00:00
S6:150409,https://api.mfapi.in/mf/150409,2026-10-04 12:30:52.522350+00:00
S6:150410,https://api.mfapi.in/mf/150410,2026-09-26 06:55:19.303094+00:00
S6:150427,https://api.mfapi.in/mf/150427,2026-10-04 12:22:24.499973+00:00
S6:150428,https://api.mfapi.in/mf/150428,2026-09-26 06:46:45.302893+00:00
S6:150440,https://api.mfapi.in/mf/150440,2026-09-26 07:02:15.366921+00:00
S6:150441,https://api.mfapi.in/mf/150441,2026-10-04 12:37:26.504204+00:00
S6:150452,https://api.mfapi.in/mf/150452,2026-09-26 06:10:03.323739+00:00
S6:150454,https://api.mfapi.in/mf/150454,2026-10-04 11:47:16.468934+00:00
S6:150466,https://api.mfapi.in/mf/150466,2026-10-04 11:46:48.561842+00:00
S6:150468,https://api.mfapi.in/mf/150468,2026-09-26 06:10:21.311175+00:00
S6:150470,https://api.mfapi.in/mf/150470,2026-09-26 06:52:41.301646+00:00
S6:150473,https://api.mfapi.in/mf/150473,2026-10-04 12:28:22.514751+00:00
S6:150480,https://api.mfapi.in/mf/150480,2026-10-04 11:42:28.483084+00:00
S6:150481,https://api.mfapi.in/mf/150481,2026-09-26 06:04:51.320590+00:00
S6:150482,https://api.mfapi.in/mf/150482,2026-10-04 12:09:06.503496+00:00
S6:150484,https://api.mfapi.in/mf/150484,2026-09-26 06:33:23.304781+00:00
S6:150487,https://api.mfapi.in/mf/150487,2026-09-26 06:29:15.302352+00:00
S6:150490,https://api.mfapi.in/mf/150490,2026-10-04 12:05:14.581437+00:00
S6:150503,https://api.mfapi.in/mf/150503,2026-10-04 12:25:30.519350+00:00
S6:150505,https://api.mfapi.in/mf/150505,2026-09-26 06:49:51.360994+00:00
S6:150511,https://api.mfapi.in/mf/150511,2026-10-04 11:42:54.516484+00:00
S6:150513,https://api.mfapi.in/mf/150513,2026-09-26 06:05:15.304650+00:00
S6:150515,https://api.mfapi.in/mf/150515,2026-09-26 07:01:35.304485+00:00
S6:150516,https://api.mfapi.in/mf/150516,2026-10-04 12:36:42.503125+00:00
S6:150532,https://api.mfapi.in/mf/150532,2026-09-26 06:39:03.307289+00:00
S6:150537,https://api.mfapi.in/mf/150537,2026-10-04 12:14:54.511372+00:00
S6:150538,https://api.mfapi.in/mf/150538,2026-10-04 11:47:20.467731+00:00
S6:150539,https://api.mfapi.in/mf/150539,2026-09-26 06:10:09.324274+00:00
S6:150544,https://api.mfapi.in/mf/150544,2026-09-26 06:19:27.303500+00:00
S6:150545,https://api.mfapi.in/mf/150545,2026-09-26 06:19:25.370129+00:00
S6:150552,https://api.mfapi.in/mf/150552,2026-10-04 12:18:22.508700+00:00
S6:150554,https://api.mfapi.in/mf/150554,2026-09-26 06:42:41.336968+00:00
S6:150568,https://api.mfapi.in/mf/150568,2026-10-04 12:35:28.498147+00:00
S6:150571,https://api.mfapi.in/mf/150571,2026-09-26 07:00:11.334305+00:00
S6:150579,https://api.mfapi.in/mf/150579,2026-10-04 12:23:54.508241+00:00
S6:150581,https://api.mfapi.in/mf/150581,2026-09-26 06:48:15.308966+00:00
S6:150583,https://api.mfapi.in/mf/150583,2026-10-04 11:39:48.517549+00:00
S6:150584,https://api.mfapi.in/mf/150584,2026-09-26 06:02:09.304824+00:00
S6:150587,https://api.mfapi.in/mf/150587,2026-09-26 06:02:11.302518+00:00
S6:150589,https://api.mfapi.in/mf/150589,2026-10-04 11:39:50.496806+00:00
S6:150591,https://api.mfapi.in/mf/150591,2026-09-26 06:20:59.370068+00:00
S6:150592,https://api.mfapi.in/mf/150592,2026-10-04 11:57:50.502955+00:00
S6:150594,https://api.mfapi.in/mf/150594,2026-10-04 12:28:24.518525+00:00
S6:150595,https://api.mfapi.in/mf/150595,2026-09-26 06:52:43.303572+00:00
S6:150596,https://api.mfapi.in/mf/150596,2026-10-04 12:28:26.519560+00:00
S6:150597,https://api.mfapi.in/mf/150597,2026-09-26 06:52:45.303756+00:00
S6:150615,https://api.mfapi.in/mf/150615,2026-09-26 06:57:13.302324+00:00
S6:150617,https://api.mfapi.in/mf/150617,2026-10-04 12:33:10.518427+00:00
S6:150624,https://api.mfapi.in/mf/150624,2026-09-26 06:13:23.301852+00:00
S6:150626,https://api.mfapi.in/mf/150626,2026-10-04 11:50:22.510248+00:00
S6:150627,https://api.mfapi.in/mf/150627,2026-09-26 06:29:17.344398+00:00
S6:150629,https://api.mfapi.in/mf/150629,2026-10-04 12:05:16.516076+00:00
S6:150631,https://api.mfapi.in/mf/150631,2026-09-26 06:05:47.306388+00:00
S6:150632,https://api.mfapi.in/mf/150632,2026-10-04 11:43:26.476011+00:00
S6:150633,https://api.mfapi.in/mf/150633,2026-10-04 11:57:52.593741+00:00
S6:150636,https://api.mfapi.in/mf/150636,2026-09-26 06:21:01.301902+00:00
S6:150637,https://api.mfapi.in/mf/150637,2026-10-04 11:47:12.468591+00:00
S6:150639,https://api.mfapi.in/mf/150639,2026-09-26 06:09:57.306473+00:00
S6:150641,https://api.mfapi.in/mf/150641,2026-10-04 12:11:36.501932+00:00
S6:150642,https://api.mfapi.in/mf/150642,2026-09-26 06:35:45.308849+00:00
S6:150643,https://api.mfapi.in/mf/150643,2026-09-26 06:10:31.301819+00:00
S6:150645,https://api.mfapi.in/mf/150645,2026-10-04 11:46:58.465394+00:00
S6:150659,https://api.mfapi.in/mf/150659,2026-09-26 06:51:37.302454+00:00
S6:150661,https://api.mfapi.in/mf/150661,2026-10-04 12:27:18.503010+00:00
S6:150671,https://api.mfapi.in/mf/150671,2026-09-26 06:48:17.301955+00:00
S6:150672,https://api.mfapi.in/mf/150672,2026-10-04 12:01:02.500920+00:00
S6:150673,https://api.mfapi.in/mf/150673,2026-09-26 06:23:51.302447+00:00
S6:150676,https://api.mfapi.in/mf/150676,2026-10-04 12:00:44.516357+00:00
S6:150677,https://api.mfapi.in/mf/150677,2026-09-26 06:24:15.305666+00:00
S6:150681,https://api.mfapi.in/mf/150681,2026-09-26 06:23:55.307107+00:00
S6:150683,https://api.mfapi.in/mf/150683,2026-10-04 12:01:06.499658+00:00
S6:150684,https://api.mfapi.in/mf/150684,2026-10-04 11:47:22.468002+00:00
S6:150685,https://api.mfapi.in/mf/150685,2026-09-26 06:10:11.304950+00:00
S6:150688,https://api.mfapi.in/mf/150688,2026-09-26 06:33:11.375950+00:00
S6:150690,https://api.mfapi.in/mf/150690,2026-10-04 12:08:54.501748+00:00
S6:150692,https://api.mfapi.in/mf/150692,2026-09-26 06:39:05.306976+00:00
S6:150694,https://api.mfapi.in/mf/150694,2026-10-04 12:14:56.504258+00:00
S6:150698,https://api.mfapi.in/mf/150698,2026-09-26 06:32:55.304992+00:00
S6:150702,https://api.mfapi.in/mf/150702,2026-09-26 06:33:07.299881+00:00
S6:150703,https://api.mfapi.in/mf/150703,2026-10-04 12:08:56.503858+00:00
S6:150706,https://api.mfapi.in/mf/150706,2026-09-26 06:24:27.304209+00:00
S6:150707,https://api.mfapi.in/mf/150707,2026-10-04 12:00:56.503360+00:00
S6:150711,https://api.mfapi.in/mf/150711,2026-09-26 06:24:07.300790+00:00
S6:150712,https://api.mfapi.in/mf/150712,2026-10-04 12:00:36.510929+00:00
S6:150714,https://api.mfapi.in/mf/150714,2026-09-26 06:55:21.302910+00:00
S6:150715,https://api.mfapi.in/mf/150715,2026-10-04 12:30:54.511142+00:00
S6:150716,https://api.mfapi.in/mf/150716,2026-09-26 06:21:03.310337+00:00
S6:150717,https://api.mfapi.in/mf/150717,2026-10-04 11:57:54.499030+00:00
S6:150720,https://api.mfapi.in/mf/150720,2026-10-04 12:23:56.501947+00:00
S6:150723,https://api.mfapi.in/mf/150723,2026-10-04 11:50:24.514584+00:00
S6:150725,https://api.mfapi.in/mf/150725,2026-09-26 06:13:25.303176+00:00
S6:150727,https://api.mfapi.in/mf/150727,2026-09-26 06:48:19.301203+00:00
S6:150728,https://api.mfapi.in/mf/150728,2026-10-04 11:46:56.468348+00:00
S6:150729,https://api.mfapi.in/mf/150729,2026-09-26 06:10:29.303297+00:00
S6:150732,https://api.mfapi.in/mf/150732,2026-10-04 11:47:02.566492+00:00
S6:150733,https://api.mfapi.in/mf/150733,2026-09-26 06:10:37.306427+00:00
S6:150736,https://api.mfapi.in/mf/150736,2026-10-04 11:54:40.503353+00:00
S6:150737,https://api.mfapi.in/mf/150737,2026-09-26 06:17:41.303085+00:00
S6:150738,https://api.mfapi.in/mf/150738,2026-09-26 06:39:07.307621+00:00
S6:150741,https://api.mfapi.in/mf/150741,2026-10-04 12:14:58.596248+00:00
S6:150744,https://api.mfapi.in/mf/150744,2026-10-04 11:57:56.513504+00:00
S6:150746,https://api.mfapi.in/mf/150746,2026-09-26 06:21:05.305486+00:00
S6:150750,https://api.mfapi.in/mf/150750,2026-10-04 12:32:48.528250+00:00
S6:150751,https://api.mfapi.in/mf/150751,2026-09-26 06:56:53.303945+00:00
S6:150752,https://api.mfapi.in/mf/150752,2026-10-04 12:05:18.504940+00:00
S6:150754,https://api.mfapi.in/mf/150754,2026-09-26 06:29:19.359695+00:00
S6:150771,https://api.mfapi.in/mf/150771,2026-10-04 12:23:58.514903+00:00
S6:150777,https://api.mfapi.in/mf/150777,2026-10-04 12:08:48.512458+00:00
S6:150778,https://api.mfapi.in/mf/150778,2026-09-26 06:33:01.378150+00:00
S6:150790,https://api.mfapi.in/mf/150790,2026-10-04 12:28:28.570436+00:00
S6:150792,https://api.mfapi.in/mf/150792,2026-09-26 06:52:47.304775+00:00
S6:150797,https://api.mfapi.in/mf/150797,2026-09-26 06:02:13.304644+00:00
S6:150799,https://api.mfapi.in/mf/150799,2026-10-04 11:39:52.513062+00:00
S6:150803,https://api.mfapi.in/mf/150803,2026-10-04 11:54:42.505078+00:00
S6:150805,https://api.mfapi.in/mf/150805,2026-09-26 06:17:43.303659+00:00
S6:150807,https://api.mfapi.in/mf/150807,2026-09-26 06:48:21.304655+00:00
S6:150812,https://api.mfapi.in/mf/150812,2026-10-04 11:56:24.520056+00:00
S6:150815,https://api.mfapi.in/mf/150815,2026-09-26 06:19:31.306905+00:00
S6:150816,https://api.mfapi.in/mf/150816,2026-10-04 12:25:32.506188+00:00
S6:150817,https://api.mfapi.in/mf/150817,2026-09-26 06:49:53.300663+00:00
S6:150820,https://api.mfapi.in/mf/150820,2026-10-04 11:50:26.502090+00:00
S6:150822,https://api.mfapi.in/mf/150822,2026-09-26 06:13:27.303653+00:00
S6:150824,https://api.mfapi.in/mf/150824,2026-09-26 06:29:21.336377+00:00
S6:150825,https://api.mfapi.in/mf/150825,2026-10-04 12:05:20.552456+00:00
S6:150838,https://api.mfapi.in/mf/150838,2026-09-26 06:05:49.313007+00:00
S6:150839,https://api.mfapi.in/mf/150839,2026-10-04 11:43:28.470120+00:00
S6:150844,https://api.mfapi.in/mf/150844,2026-10-04 11:54:44.520114+00:00
S6:150845,https://api.mfapi.in/mf/150845,2026-09-26 06:17:45.309916+00:00
S6:150846,https://api.mfapi.in/mf/150846,2026-10-04 11:54:46.502424+00:00
S6:150847,https://api.mfapi.in/mf/150847,2026-09-26 06:17:47.302070+00:00
S6:150848,https://api.mfapi.in/mf/150848,2026-10-04 12:24:00.513777+00:00
S6:150851,https://api.mfapi.in/mf/150851,2026-10-04 12:32:14.558141+00:00
S6:150854,https://api.mfapi.in/mf/150854,2026-09-26 06:57:31.301286+00:00
S6:150855,https://api.mfapi.in/mf/150855,2026-10-04 12:18:24.501562+00:00
S6:150858,https://api.mfapi.in/mf/150858,2026-09-26 06:42:43.306141+00:00
S6:150863,https://api.mfapi.in/mf/150863,2026-10-04 12:12:48.514403+00:00
S6:150865,https://api.mfapi.in/mf/150865,2026-09-26 06:36:57.333308+00:00
S6:150868,https://api.mfapi.in/mf/150868,2026-09-26 06:21:09.304306+00:00
S6:150869,https://api.mfapi.in/mf/150869,2026-10-04 11:58:00.613074+00:00
S6:150871,https://api.mfapi.in/mf/150871,2026-09-26 06:21:07.363086+00:00
S6:150873,https://api.mfapi.in/mf/150873,2026-10-04 11:57:58.513898+00:00
S6:150888,https://api.mfapi.in/mf/150888,2026-09-26 06:21:11.302354+00:00
S6:150890,https://api.mfapi.in/mf/150890,2026-10-04 11:58:02.500548+00:00
S6:150892,https://api.mfapi.in/mf/150892,2026-09-26 06:48:27.302891+00:00
S6:150894,https://api.mfapi.in/mf/150894,2026-10-04 12:24:06.516702+00:00
S6:150897,https://api.mfapi.in/mf/150897,2026-10-04 12:24:04.505792+00:00
S6:150899,https://api.mfapi.in/mf/150899,2026-09-26 06:48:25.303804+00:00
S6:150900,https://api.mfapi.in/mf/150900,2026-10-04 12:24:02.505120+00:00
S6:150902,https://api.mfapi.in/mf/150902,2026-09-26 06:48:23.303065+00:00
S6:150904,https://api.mfapi.in/mf/150904,2026-10-04 12:05:22.536914+00:00
S6:150906,https://api.mfapi.in/mf/150906,2026-09-26 06:29:23.309281+00:00
S6:150912,https://api.mfapi.in/mf/150912,2026-10-04 11:52:44.517395+00:00
S6:150915,https://api.mfapi.in/mf/150915,2026-09-26 06:15:45.309714+00:00
S6:150920,https://api.mfapi.in/mf/150920,2026-09-26 06:29:25.299212+00:00
S6:150923,https://api.mfapi.in/mf/150923,2026-10-04 12:05:24.511610+00:00
S6:150929,https://api.mfapi.in/mf/150929,2026-10-04 11:47:18.561462+00:00
S6:150930,https://api.mfapi.in/mf/150930,2026-09-26 06:10:07.302544+00:00
S6:150989,https://api.mfapi.in/mf/150989,2026-09-26 06:48:29.302882+00:00
S6:150991,https://api.mfapi.in/mf/150991,2026-10-04 12:24:08.509370+00:00
S6:150992,https://api.mfapi.in/mf/150992,2026-10-04 12:35:46.500800+00:00
S6:150996,https://api.mfapi.in/mf/150996,2026-09-26 07:00:45.302687+00:00
S6:151013,https://api.mfapi.in/mf/151013,2026-10-04 12:35:50.505798+00:00
S6:151014,https://api.mfapi.in/mf/151014,2026-09-26 07:00:27.301885+00:00
S6:151034,https://api.mfapi.in/mf/151034,2026-10-04 12:35:40.502964+00:00
S6:151036,https://api.mfapi.in/mf/151036,2026-09-26 07:00:31.309371+00:00
S6:151037,https://api.mfapi.in/mf/151037,2026-10-04 12:35:42.500959+00:00
S6:151040,https://api.mfapi.in/mf/151040,2026-09-26 07:00:29.305453+00:00
S6:151043,https://api.mfapi.in/mf/151043,2026-10-04 12:35:38.504110+00:00
S6:151045,https://api.mfapi.in/mf/151045,2026-09-26 07:00:57.302716+00:00
S6:151048,https://api.mfapi.in/mf/151048,2026-10-04 12:35:48.515639+00:00
S6:151054,https://api.mfapi.in/mf/151054,2026-09-26 07:00:25.303325+00:00
S6:151058,https://api.mfapi.in/mf/151058,2026-10-04 12:35:44.507405+00:00
S6:151060,https://api.mfapi.in/mf/151060,2026-09-26 07:00:33.304651+00:00
S6:151076,https://api.mfapi.in/mf/151076,2026-10-04 12:20:36.654873+00:00
S6:151078,https://api.mfapi.in/mf/151078,2026-09-26 07:00:37.307083+00:00
S6:151084,https://api.mfapi.in/mf/151084,2026-10-04 12:20:40.505009+00:00
S6:151087,https://api.mfapi.in/mf/151087,2026-09-26 07:00:39.302986+00:00
S6:151104,https://api.mfapi.in/mf/151104,2026-10-04 12:20:42.563096+00:00
S6:151107,https://api.mfapi.in/mf/151107,2026-09-26 07:00:43.329023+00:00
S6:151110,https://api.mfapi.in/mf/151110,2026-10-04 12:20:34.508506+00:00
S6:151113,https://api.mfapi.in/mf/151113,2026-09-26 07:00:41.305643+00:00
S6:151114,https://api.mfapi.in/mf/151114,2026-10-04 12:20:38.505446+00:00
S6:151117,https://api.mfapi.in/mf/151117,2026-09-26 07:00:35.304098+00:00
S6:151120,https://api.mfapi.in/mf/151120,2026-10-04 12:35:58.506835+00:00
S6:151122,https://api.mfapi.in/mf/151122,2026-09-26 07:00:49.304110+00:00
S6:151127,https://api.mfapi.in/mf/151127,2026-10-04 12:35:56.516889+00:00
S6:151129,https://api.mfapi.in/mf/151129,2026-09-26 07:00:47.303106+00:00
S6:151134,https://api.mfapi.in/mf/151134,2026-10-04 12:36:00.517357+00:00
S6:151138,https://api.mfapi.in/mf/151138,2026-09-26 07:00:51.302122+00:00
S6:151142,https://api.mfapi.in/mf/151142,2026-09-26 07:00:53.304976+00:00
S6:151144,https://api.mfapi.in/mf/151144,2026-10-04 12:36:02.504948+00:00
S6:151146,https://api.mfapi.in/mf/151146,2026-09-26 07:00:55.303288+00:00
S6:151149,https://api.mfapi.in/mf/151149,2026-10-04 12:36:04.499643+00:00
S6:151157,https://api.mfapi.in/mf/151157,2026-09-26 07:00:21.312517+00:00
S6:151158,https://api.mfapi.in/mf/151158,2026-10-04 12:35:52.505290+00:00
S6:151160,https://api.mfapi.in/mf/151160,2026-09-26 07:00:23.305588+00:00
S6:151162,https://api.mfapi.in/mf/151162,2026-10-04 12:35:54.514575+00:00
S6:151164,https://api.mfapi.in/mf/151164,2026-10-04 12:17:36.510312+00:00
S6:151165,https://api.mfapi.in/mf/151165,2026-09-26 06:41:49.311595+00:00
S6:151178,https://api.mfapi.in/mf/151178,2026-10-04 12:32:50.669149+00:00
S6:151179,https://api.mfapi.in/mf/151179,2026-09-26 06:57:11.302522+00:00
S6:151180,https://api.mfapi.in/mf/151180,2026-10-04 11:54:48.500088+00:00
S6:151181,https://api.mfapi.in/mf/151181,2026-09-26 06:17:49.300602+00:00
S6:151182,https://api.mfapi.in/mf/151182,2026-10-04 11:54:50.505820+00:00
S6:151183,https://api.mfapi.in/mf/151183,2026-09-26 06:17:51.301624+00:00
S6:151184,https://api.mfapi.in/mf/151184,2026-10-04 12:30:56.505304+00:00
S6:151185,https://api.mfapi.in/mf/151185,2026-09-26 06:55:23.308241+00:00
S6:151190,https://api.mfapi.in/mf/151190,2026-09-26 07:02:17.310262+00:00
S6:151195,https://api.mfapi.in/mf/151195,2026-10-04 12:37:28.504604+00:00
S6:151208,https://api.mfapi.in/mf/151208,2026-10-04 11:46:50.474361+00:00
S6:151211,https://api.mfapi.in/mf/151211,2026-09-26 06:10:23.310325+00:00
S6:151212,https://api.mfapi.in/mf/151212,2026-10-04 12:00:46.507757+00:00
S6:151214,https://api.mfapi.in/mf/151214,2026-09-26 06:24:17.304796+00:00
S6:151216,https://api.mfapi.in/mf/151216,2026-10-04 11:50:28.502970+00:00
S6:151218,https://api.mfapi.in/mf/151218,2026-09-26 06:13:29.305109+00:00
S6:151228,https://api.mfapi.in/mf/151228,2026-09-26 07:02:19.299917+00:00
S6:151230,https://api.mfapi.in/mf/151230,2026-10-04 12:37:30.601390+00:00
S6:151232,https://api.mfapi.in/mf/151232,2026-09-26 06:39:09.304067+00:00
S6:151235,https://api.mfapi.in/mf/151235,2026-10-04 12:15:00.514012+00:00
S6:151238,https://api.mfapi.in/mf/151238,2026-10-04 12:30:58.597824+00:00
S6:151239,https://api.mfapi.in/mf/151239,2026-09-26 06:55:25.307674+00:00
S6:151267,https://api.mfapi.in/mf/151267,2026-09-26 06:02:15.300725+00:00
S6:151268,https://api.mfapi.in/mf/151268,2026-10-04 11:39:54.539065+00:00
S6:151273,https://api.mfapi.in/mf/151273,2026-09-26 06:39:11.302360+00:00
S6:151275,https://api.mfapi.in/mf/151275,2026-10-04 12:15:02.557559+00:00
S6:151279,https://api.mfapi.in/mf/151279,2026-10-04 12:12:50.514805+00:00
S6:151283,https://api.mfapi.in/mf/151283,2026-09-26 06:36:59.303392+00:00
S6:151285,https://api.mfapi.in/mf/151285,2026-10-04 11:50:30.511267+00:00
S6:151286,https://api.mfapi.in/mf/151286,2026-09-26 06:13:31.306728+00:00
S6:151289,https://api.mfapi.in/mf/151289,2026-10-04 12:16:56.592036+00:00
S6:151290,https://api.mfapi.in/mf/151290,2026-09-26 06:41:05.309250+00:00
S6:151297,https://api.mfapi.in/mf/151297,2026-10-04 12:32:28.560696+00:00
S6:151300,https://api.mfapi.in/mf/151300,2026-09-26 06:56:45.306039+00:00
S6:151301,https://api.mfapi.in/mf/151301,2026-09-26 06:39:13.300044+00:00
S6:151306,https://api.mfapi.in/mf/151306,2026-10-04 12:15:04.518223+00:00
S6:151307,https://api.mfapi.in/mf/151307,2026-09-26 06:33:13.378498+00:00
S6:151309,https://api.mfapi.in/mf/151309,2026-10-04 12:08:58.501273+00:00
S6:151313,https://api.mfapi.in/mf/151313,2026-09-26 06:17:53.301607+00:00
S6:151314,https://api.mfapi.in/mf/151314,2026-10-04 11:54:52.521922+00:00
S6:151320,https://api.mfapi.in/mf/151320,2026-09-26 06:05:17.367733+00:00
S6:151322,https://api.mfapi.in/mf/151322,2026-10-04 11:42:56.504405+00:00
S6:151327,https://api.mfapi.in/mf/151327,2026-10-04 12:22:26.503182+00:00
S6:151329,https://api.mfapi.in/mf/151329,2026-09-26 06:46:47.356941+00:00
S6:151365,https://api.mfapi.in/mf/151365,2026-09-26 06:48:31.311716+00:00
S6:151366,https://api.mfapi.in/mf/151366,2026-10-04 12:33:16.512812+00:00
S6:151368,https://api.mfapi.in/mf/151368,2026-09-26 06:57:19.310259+00:00
S6:151370,https://api.mfapi.in/mf/151370,2026-10-04 12:22:28.499831+00:00
S6:151373,https://api.mfapi.in/mf/151373,2026-09-26 06:46:49.305225+00:00
S6:151377,https://api.mfapi.in/mf/151377,2026-10-04 11:39:30.470811+00:00
S6:151379,https://api.mfapi.in/mf/151379,2026-09-26 06:01:51.304694+00:00
S6:151381,https://api.mfapi.in/mf/151381,2026-10-04 11:50:32.567914+00:00
S6:151384,https://api.mfapi.in/mf/151384,2026-09-26 06:13:33.302022+00:00
S6:151390,https://api.mfapi.in/mf/151390,2026-09-26 06:29:27.302936+00:00
S6:151392,https://api.mfapi.in/mf/151392,2026-10-04 12:05:26.506651+00:00
S6:151398,https://api.mfapi.in/mf/151398,2026-10-04 12:24:10.544696+00:00
S6:151404,https://api.mfapi.in/mf/151404,2026-10-04 12:19:10.503755+00:00
S6:151407,https://api.mfapi.in/mf/151407,2026-09-26 06:43:31.303506+00:00
S6:151408,https://api.mfapi.in/mf/151408,2026-09-26 06:21:13.336179+00:00
S6:151409,https://api.mfapi.in/mf/151409,2026-10-04 11:58:04.512016+00:00
S6:151412,https://api.mfapi.in/mf/151412,2026-09-26 06:52:49.310077+00:00
S6:151414,https://api.mfapi.in/mf/151414,2026-10-04 12:28:30.506967+00:00
S6:151417,https://api.mfapi.in/mf/151417,2026-10-04 11:50:34.505331+00:00
S6:151420,https://api.mfapi.in/mf/151420,2026-09-26 06:13:35.300735+00:00
S6:151427,https://api.mfapi.in/mf/151427,2026-09-26 06:33:09.348139+00:00
S6:151428,https://api.mfapi.in/mf/151428,2026-10-04 12:09:00.514172+00:00
S6:151433,https://api.mfapi.in/mf/151433,2026-10-04 12:32:52.523297+00:00
S6:151435,https://api.mfapi.in/mf/151435,2026-09-26 06:56:55.304661+00:00
S6:151439,https://api.mfapi.in/mf/151439,2026-10-04 12:05:28.538164+00:00
S6:151440,https://api.mfapi.in/mf/151440,2026-09-26 06:29:29.304026+00:00
S6:151443,https://api.mfapi.in/mf/151443,2026-09-26 06:50:39.305389+00:00
S6:151445,https://api.mfapi.in/mf/151445,2026-10-04 12:26:18.599395+00:00
S6:151455,https://api.mfapi.in/mf/151455,2026-10-04 11:54:56.503015+00:00
S6:151456,https://api.mfapi.in/mf/151456,2026-09-26 06:17:57.298994+00:00
S6:151457,https://api.mfapi.in/mf/151457,2026-10-04 11:54:54.505607+00:00
S6:151458,https://api.mfapi.in/mf/151458,2026-09-26 06:17:55.302221+00:00
S6:151465,https://api.mfapi.in/mf/151465,2026-10-04 11:38:54.503966+00:00
S6:151470,https://api.mfapi.in/mf/151470,2026-09-26 06:01:11.343113+00:00
S6:151471,https://api.mfapi.in/mf/151471,2026-09-26 07:01:37.302420+00:00
S6:151472,https://api.mfapi.in/mf/151472,2026-10-04 12:36:46.500074+00:00
S6:151476,https://api.mfapi.in/mf/151476,2026-10-04 12:00:38.501510+00:00
S6:151478,https://api.mfapi.in/mf/151478,2026-09-26 06:24:09.306609+00:00
S6:151479,https://api.mfapi.in/mf/151479,2026-09-26 06:41:07.324521+00:00
S6:151480,https://api.mfapi.in/mf/151480,2026-10-04 12:16:58.516575+00:00
S6:151483,https://api.mfapi.in/mf/151483,2026-10-04 12:31:00.523834+00:00
S6:151485,https://api.mfapi.in/mf/151485,2026-09-26 06:55:27.300636+00:00
S6:151487,https://api.mfapi.in/mf/151487,2026-09-26 06:55:29.302946+00:00
S6:151488,https://api.mfapi.in/mf/151488,2026-10-04 12:31:02.508661+00:00
S6:151489,https://api.mfapi.in/mf/151489,2026-09-26 06:18:01.301171+00:00
S6:151490,https://api.mfapi.in/mf/151490,2026-10-04 11:55:00.520556+00:00
S6:151495,https://api.mfapi.in/mf/151495,2026-09-26 06:17:59.301087+00:00
S6:151496,https://api.mfapi.in/mf/151496,2026-10-04 11:54:58.501896+00:00
S6:151523,https://api.mfapi.in/mf/151523,2026-09-26 06:55:31.305618+00:00
S6:151527,https://api.mfapi.in/mf/151527,2026-10-04 12:31:04.517545+00:00
S6:151546,https://api.mfapi.in/mf/151546,2026-10-04 11:58:06.508174+00:00
S6:151548,https://api.mfapi.in/mf/151548,2026-09-26 06:21:15.304493+00:00
S6:151560,https://api.mfapi.in/mf/151560,2026-10-04 12:09:08.521659+00:00
S6:151562,https://api.mfapi.in/mf/151562,2026-09-26 06:33:19.310066+00:00
S6:151564,https://api.mfapi.in/mf/151564,2026-10-04 11:38:56.467556+00:00
S6:151565,https://api.mfapi.in/mf/151565,2026-09-26 06:01:13.317803+00:00
S6:151570,https://api.mfapi.in/mf/151570,2026-09-26 06:18:03.304446+00:00
S6:151571,https://api.mfapi.in/mf/151571,2026-10-04 11:55:02.520571+00:00
S6:151574,https://api.mfapi.in/mf/151574,2026-09-26 06:37:01.301024+00:00
S6:151576,https://api.mfapi.in/mf/151576,2026-10-04 12:12:52.508532+00:00
S6:151577,https://api.mfapi.in/mf/151577,2026-09-26 06:32:59.314096+00:00
S6:151579,https://api.mfapi.in/mf/151579,2026-10-04 11:47:24.466680+00:00
S6:151580,https://api.mfapi.in/mf/151580,2026-09-26 06:10:13.303597+00:00
S6:151583,https://api.mfapi.in/mf/151583,2026-10-04 12:09:22.505344+00:00
S6:151586,https://api.mfapi.in/mf/151586,2026-09-26 06:56:49.303767+00:00
S6:151588,https://api.mfapi.in/mf/151588,2026-10-04 12:32:40.650431+00:00
S6:151590,https://api.mfapi.in/mf/151590,2026-10-04 12:07:16.509105+00:00
S6:151593,https://api.mfapi.in/mf/151593,2026-09-26 06:31:21.305245+00:00
S6:151594,https://api.mfapi.in/mf/151594,2026-10-04 12:07:18.507953+00:00
S6:151597,https://api.mfapi.in/mf/151597,2026-09-26 06:31:23.333369+00:00
S6:151602,https://api.mfapi.in/mf/151602,2026-10-04 11:50:36.503369+00:00
S6:151603,https://api.mfapi.in/mf/151603,2026-09-26 06:13:37.397797+00:00
S6:151609,https://api.mfapi.in/mf/151609,2026-10-04 11:43:16.474527+00:00
S6:151611,https://api.mfapi.in/mf/151611,2026-09-26 06:05:37.300485+00:00
S6:151647,https://api.mfapi.in/mf/151647,2026-10-04 11:50:38.508078+00:00
S6:151649,https://api.mfapi.in/mf/151649,2026-09-26 06:13:39.302535+00:00
S6:151691,https://api.mfapi.in/mf/151691,2026-09-26 06:52:51.303115+00:00
S6:151694,https://api.mfapi.in/mf/151694,2026-10-04 12:28:32.500873+00:00
S6:151708,https://api.mfapi.in/mf/151708,2026-09-26 06:29:31.304222+00:00
S6:151710,https://api.mfapi.in/mf/151710,2026-10-04 12:05:30.535924+00:00
S6:151713,https://api.mfapi.in/mf/151713,2026-09-26 07:02:21.304804+00:00
S6:151714,https://api.mfapi.in/mf/151714,2026-10-04 12:37:32.504293+00:00
S6:151724,https://api.mfapi.in/mf/151724,2026-09-26 06:18:05.304220+00:00
S6:151725,https://api.mfapi.in/mf/151725,2026-10-04 11:55:04.500611+00:00
S6:151726,https://api.mfapi.in/mf/151726,2026-10-04 11:55:06.525734+00:00
S6:151727,https://api.mfapi.in/mf/151727,2026-09-26 06:18:07.304751+00:00
S6:151728,https://api.mfapi.in/mf/151728,2026-09-26 06:18:09.301888+00:00
S6:151729,https://api.mfapi.in/mf/151729,2026-10-04 11:55:08.528654+00:00
S6:151730,https://api.mfapi.in/mf/151730,2026-09-26 06:55:33.304732+00:00
S6:151731,https://api.mfapi.in/mf/151731,2026-09-26 06:55:35.302945+00:00
S6:151732,https://api.mfapi.in/mf/151732,2026-10-04 12:31:06.605637+00:00
S6:151738,https://api.mfapi.in/mf/151738,2026-10-04 12:31:08.517387+00:00
S6:151739,https://api.mfapi.in/mf/151739,2026-09-26 06:55:37.300414+00:00
S6:151745,https://api.mfapi.in/mf/151745,2026-09-26 06:02:17.315090+00:00
S6:151746,https://api.mfapi.in/mf/151746,2026-10-04 11:39:56.526066+00:00
S6:151747,https://api.mfapi.in/mf/151747,2026-10-04 12:12:54.499144+00:00
S6:151750,https://api.mfapi.in/mf/151750,2026-09-26 06:18:11.299489+00:00
S6:151751,https://api.mfapi.in/mf/151751,2026-10-04 11:55:10.516683+00:00
S6:151752,https://api.mfapi.in/mf/151752,2026-10-04 11:43:30.470439+00:00
S6:151753,https://api.mfapi.in/mf/151753,2026-09-26 06:05:51.302345+00:00
S6:151755,https://api.mfapi.in/mf/151755,2026-09-26 06:37:03.374820+00:00
S6:151757,https://api.mfapi.in/mf/151757,2026-09-26 07:02:23.378557+00:00
S6:151758,https://api.mfapi.in/mf/151758,2026-10-04 12:37:34.502307+00:00
S6:151761,https://api.mfapi.in/mf/151761,2026-10-04 12:31:10.508933+00:00
S6:151762,https://api.mfapi.in/mf/151762,2026-09-26 06:55:39.301181+00:00
S6:151763,https://api.mfapi.in/mf/151763,2026-10-04 12:31:12.501832+00:00
S6:151764,https://api.mfapi.in/mf/151764,2026-09-26 06:55:41.307621+00:00
S6:151765,https://api.mfapi.in/mf/151765,2026-10-04 12:00:48.501093+00:00
S6:151769,https://api.mfapi.in/mf/151769,2026-09-26 06:24:19.320416+00:00
S6:151777,https://api.mfapi.in/mf/151777,2026-09-26 06:01:53.310950+00:00
S6:151778,https://api.mfapi.in/mf/151778,2026-10-04 11:39:32.470096+00:00
S6:151781,https://api.mfapi.in/mf/151781,2026-09-26 06:13:41.302159+00:00
S6:151783,https://api.mfapi.in/mf/151783,2026-10-04 11:50:40.513990+00:00
S6:151785,https://api.mfapi.in/mf/151785,2026-09-26 06:57:25.346417+00:00
S6:151787,https://api.mfapi.in/mf/151787,2026-10-04 12:32:02.507227+00:00
S6:151788,https://api.mfapi.in/mf/151788,2026-10-04 12:37:36.502465+00:00
S6:151791,https://api.mfapi.in/mf/151791,2026-09-26 07:02:25.303025+00:00
S6:151792,https://api.mfapi.in/mf/151792,2026-09-26 06:48:33.302550+00:00
S6:151795,https://api.mfapi.in/mf/151795,2026-10-04 12:24:12.625898+00:00
S6:151796,https://api.mfapi.in/mf/151796,2026-09-26 06:41:51.316149+00:00
S6:151799,https://api.mfapi.in/mf/151799,2026-10-04 12:17:38.502367+00:00
S6:151803,https://api.mfapi.in/mf/151803,2026-10-04 11:55:12.511279+00:00
S6:151804,https://api.mfapi.in/mf/151804,2026-09-26 06:18:13.301901+00:00
S6:151810,https://api.mfapi.in/mf/151810,2026-09-26 06:52:53.302464+00:00
S6:151812,https://api.mfapi.in/mf/151812,2026-10-04 12:28:34.517088+00:00
S6:151814,https://api.mfapi.in/mf/151814,2026-09-26 06:35:47.306366+00:00
S6:151815,https://api.mfapi.in/mf/151815,2026-10-04 12:11:38.500249+00:00
S6:151816,https://api.mfapi.in/mf/151816,2026-09-26 06:21:17.298912+00:00
S6:151818,https://api.mfapi.in/mf/151818,2026-10-04 11:58:08.594415+00:00
S6:151821,https://api.mfapi.in/mf/151821,2026-10-04 12:25:34.500707+00:00
S6:151824,https://api.mfapi.in/mf/151824,2026-09-26 06:49:55.303123+00:00
S6:151833,https://api.mfapi.in/mf/151833,2026-09-26 06:06:11.388264+00:00
S6:151837,https://api.mfapi.in/mf/151837,2026-10-04 11:43:50.505395+00:00
S6:151849,https://api.mfapi.in/mf/151849,2026-09-26 06:06:13.309374+00:00
S6:151851,https://api.mfapi.in/mf/151851,2026-10-04 11:43:52.469077+00:00
S6:151853,https://api.mfapi.in/mf/151853,2026-09-26 07:02:27.300851+00:00
S6:151855,https://api.mfapi.in/mf/151855,2026-10-04 12:37:38.595976+00:00
S6:151862,https://api.mfapi.in/mf/151862,2026-09-26 06:18:17.311517+00:00
S6:151865,https://api.mfapi.in/mf/151865,2026-10-04 11:55:16.505677+00:00
S6:151878,https://api.mfapi.in/mf/151878,2026-10-04 11:50:42.504462+00:00
S6:151881,https://api.mfapi.in/mf/151881,2026-09-26 06:13:43.314266+00:00
S6:151882,https://api.mfapi.in/mf/151882,2026-10-04 12:31:14.557652+00:00
S6:151885,https://api.mfapi.in/mf/151885,2026-09-26 06:55:43.302736+00:00
S6:151889,https://api.mfapi.in/mf/151889,2026-09-26 06:06:15.303314+00:00
S6:151893,https://api.mfapi.in/mf/151893,2026-10-04 11:43:56.512534+00:00
S6:151895,https://api.mfapi.in/mf/151895,2026-09-26 06:06:17.301193+00:00
S6:151898,https://api.mfapi.in/mf/151898,2026-10-04 11:43:54.489542+00:00
S6:151900,https://api.mfapi.in/mf/151900,2026-10-04 11:55:14.501164+00:00
S6:151901,https://api.mfapi.in/mf/151901,2026-09-26 06:18:15.307342+00:00
S6:151903,https://api.mfapi.in/mf/151903,2026-10-04 12:18:26.636407+00:00
S6:151905,https://api.mfapi.in/mf/151905,2026-09-26 06:42:45.314766+00:00
S6:151909,https://api.mfapi.in/mf/151909,2026-10-04 11:50:44.498339+00:00
S6:151911,https://api.mfapi.in/mf/151911,2026-09-26 06:13:45.308248+00:00
S6:151913,https://api.mfapi.in/mf/151913,2026-10-04 12:37:40.507926+00:00
S6:151916,https://api.mfapi.in/mf/151916,2026-09-26 07:02:29.301186+00:00
S6:151917,https://api.mfapi.in/mf/151917,2026-09-26 06:05:39.310428+00:00
S6:151920,https://api.mfapi.in/mf/151920,2026-10-04 11:43:18.468970+00:00
S6:151935,https://api.mfapi.in/mf/151935,2026-10-04 12:17:10.508047+00:00
S6:151937,https://api.mfapi.in/mf/151937,2026-09-26 06:41:21.359030+00:00
S6:151950,https://api.mfapi.in/mf/151950,2026-10-04 12:17:12.516971+00:00
S6:151952,https://api.mfapi.in/mf/151952,2026-09-26 06:41:23.307295+00:00
S6:151973,https://api.mfapi.in/mf/151973,2026-10-04 12:17:14.553237+00:00
S6:151974,https://api.mfapi.in/mf/151974,2026-09-26 06:41:25.326175+00:00
S6:152001,https://api.mfapi.in/mf/152001,2026-10-04 12:17:16.499972+00:00
S6:152002,https://api.mfapi.in/mf/152002,2026-09-26 06:41:27.314577+00:00
S6:152003,https://api.mfapi.in/mf/152003,2026-10-04 12:17:18.506074+00:00
S6:152004,https://api.mfapi.in/mf/152004,2026-09-26 06:41:29.301551+00:00
S6:152009,https://api.mfapi.in/mf/152009,2026-10-04 12:17:20.503450+00:00
S6:152010,https://api.mfapi.in/mf/152010,2026-09-26 06:41:31.436672+00:00
S6:152016,https://api.mfapi.in/mf/152016,2026-10-04 12:17:22.616292+00:00
S6:152018,https://api.mfapi.in/mf/152018,2026-09-26 06:41:33.386064+00:00
S6:152019,https://api.mfapi.in/mf/152019,2026-10-04 12:17:24.512201+00:00
S6:152022,https://api.mfapi.in/mf/152022,2026-09-26 06:41:35.302152+00:00
S6:152024,https://api.mfapi.in/mf/152024,2026-09-26 06:41:37.338081+00:00
S6:152025,https://api.mfapi.in/mf/152025,2026-10-04 12:17:26.508900+00:00
S6:152027,https://api.mfapi.in/mf/152027,2026-10-04 12:17:00.554188+00:00
S6:152032,https://api.mfapi.in/mf/152032,2026-09-26 06:41:09.366082+00:00
S6:152033,https://api.mfapi.in/mf/152033,2026-09-26 06:29:33.299419+00:00
S6:152034,https://api.mfapi.in/mf/152034,2026-10-04 12:05:32.527504+00:00
S6:152038,https://api.mfapi.in/mf/152038,2026-10-04 11:50:46.502382+00:00
S6:152039,https://api.mfapi.in/mf/152039,2026-09-26 06:13:47.299732+00:00
S6:152041,https://api.mfapi.in/mf/152041,2026-09-26 06:21:19.301002+00:00
S6:152043,https://api.mfapi.in/mf/152043,2026-10-04 11:58:10.500357+00:00
S6:152045,https://api.mfapi.in/mf/152045,2026-09-26 06:15:47.306358+00:00
S6:152046,https://api.mfapi.in/mf/152046,2026-10-04 11:52:46.501105+00:00
S6:152050,https://api.mfapi.in/mf/152050,2026-09-26 06:55:45.303729+00:00
S6:152051,https://api.mfapi.in/mf/152051,2026-09-26 06:45:03.301851+00:00
S6:152052,https://api.mfapi.in/mf/152052,2026-10-04 12:20:52.593898+00:00
S6:152053,https://api.mfapi.in/mf/152053,2026-10-04 12:22:30.506588+00:00
S6:152056,https://api.mfapi.in/mf/152056,2026-09-26 06:46:51.309472+00:00
S6:152058,https://api.mfapi.in/mf/152058,2026-10-04 11:55:18.518385+00:00
S6:152059,https://api.mfapi.in/mf/152059,2026-09-26 06:18:19.300337+00:00
S6:152061,https://api.mfapi.in/mf/152061,2026-10-04 12:36:48.503422+00:00
S6:152062,https://api.mfapi.in/mf/152062,2026-09-26 07:01:39.302958+00:00
S6:152064,https://api.mfapi.in/mf/152064,2026-09-26 06:13:49.299908+00:00
S6:152065,https://api.mfapi.in/mf/152065,2026-10-04 11:50:48.520701+00:00
S6:152067,https://api.mfapi.in/mf/152067,2026-09-26 07:02:31.305253+00:00
S6:152070,https://api.mfapi.in/mf/152070,2026-10-04 12:37:42.500352+00:00
S6:152071,https://api.mfapi.in/mf/152071,2026-09-26 06:02:19.301125+00:00
S6:152072,https://api.mfapi.in/mf/152072,2026-10-04 11:39:58.471599+00:00
S6:152075,https://api.mfapi.in/mf/152075,2026-10-04 12:17:40.507929+00:00
S6:152076,https://api.mfapi.in/mf/152076,2026-09-26 06:41:53.311794+00:00
S6:152077,https://api.mfapi.in/mf/152077,2026-09-26 06:06:19.300526+00:00
S6:152078,https://api.mfapi.in/mf/152078,2026-10-04 11:43:58.467920+00:00
S6:152082,https://api.mfapi.in/mf/152082,2026-09-26 06:18:21.301416+00:00
S6:152084,https://api.mfapi.in/mf/152084,2026-10-04 11:55:20.501446+00:00
S6:152086,https://api.mfapi.in/mf/152086,2026-10-04 12:31:16.500231+00:00
S6:152087,https://api.mfapi.in/mf/152087,2026-09-26 06:55:47.300544+00:00
S6:152090,https://api.mfapi.in/mf/152090,2026-09-26 06:35:49.302527+00:00
S6:152091,https://api.mfapi.in/mf/152091,2026-10-04 12:11:40.511200+00:00
S6:152092,https://api.mfapi.in/mf/152092,2026-09-26 06:43:57.301409+00:00
S6:152094,https://api.mfapi.in/mf/152094,2026-09-26 06:48:35.304804+00:00
S6:152095,https://api.mfapi.in/mf/152095,2026-10-04 12:24:14.577458+00:00
S6:152098,https://api.mfapi.in/mf/152098,2026-09-26 06:13:51.302261+00:00
S6:152100,https://api.mfapi.in/mf/152100,2026-10-04 11:50:50.502778+00:00
S6:152102,https://api.mfapi.in/mf/152102,2026-09-26 06:21:21.309070+00:00
S6:152103,https://api.mfapi.in/mf/152103,2026-10-04 11:58:12.536956+00:00
S6:152107,https://api.mfapi.in/mf/152107,2026-09-26 06:03:21.300926+00:00
S6:152108,https://api.mfapi.in/mf/152108,2026-10-04 11:41:00.478841+00:00
S6:152109,https://api.mfapi.in/mf/152109,2026-09-26 06:59:33.301193+00:00
S6:152110,https://api.mfapi.in/mf/152110,2026-10-04 12:34:50.506735+00:00
S6:152114,https://api.mfapi.in/mf/152114,2026-09-26 06:01:15.299491+00:00
S6:152122,https://api.mfapi.in/mf/152122,2026-10-04 11:38:58.472587+00:00
S6:152127,https://api.mfapi.in/mf/152127,2026-10-04 12:19:36.511293+00:00
S6:152128,https://api.mfapi.in/mf/152128,2026-09-26 06:37:05.300781+00:00
S6:152130,https://api.mfapi.in/mf/152130,2026-10-04 12:12:56.499694+00:00
S6:152132,https://api.mfapi.in/mf/152132,2026-09-26 06:02:21.299331+00:00
S6:152133,https://api.mfapi.in/mf/152133,2026-10-04 11:40:00.606607+00:00
S6:152135,https://api.mfapi.in/mf/152135,2026-09-26 06:06:53.298535+00:00
S6:152136,https://api.mfapi.in/mf/152136,2026-10-04 11:44:32.529982+00:00
S6:152140,https://api.mfapi.in/mf/152140,2026-09-26 06:33:21.306433+00:00
S6:152142,https://api.mfapi.in/mf/152142,2026-10-04 12:09:04.514691+00:00
S6:152147,https://api.mfapi.in/mf/152147,2026-10-04 12:09:24.499242+00:00
S6:152150,https://api.mfapi.in/mf/152150,2026-09-26 06:33:03.378071+00:00
S6:152152,https://api.mfapi.in/mf/152152,2026-09-26 06:06:55.305126+00:00
S6:152153,https://api.mfapi.in/mf/152153,2026-10-04 11:44:34.466706+00:00
S6:152156,https://api.mfapi.in/mf/152156,2026-09-26 06:07:09.315506+00:00
S6:152157,https://api.mfapi.in/mf/152157,2026-09-26 06:07:11.302323+00:00
S6:152158,https://api.mfapi.in/mf/152158,2026-09-26 06:33:15.298230+00:00
S6:152161,https://api.mfapi.in/mf/152161,2026-10-04 12:09:16.501473+00:00
S6:152162,https://api.mfapi.in/mf/152162,2026-09-26 06:06:21.306769+00:00
S6:152165,https://api.mfapi.in/mf/152165,2026-10-04 11:44:00.488880+00:00
S6:152169,https://api.mfapi.in/mf/152169,2026-09-26 06:13:53.301226+00:00
S6:152170,https://api.mfapi.in/mf/152170,2026-10-04 11:50:52.498403+00:00
S6:152177,https://api.mfapi.in/mf/152177,2026-09-26 06:21:23.302363+00:00
S6:152179,https://api.mfapi.in/mf/152179,2026-10-04 11:58:14.499911+00:00
S6:152182,https://api.mfapi.in/mf/152182,2026-10-04 12:22:32.498305+00:00
S6:152183,https://api.mfapi.in/mf/152183,2026-09-26 06:46:53.304233+00:00
S6:152187,https://api.mfapi.in/mf/152187,2026-10-04 11:43:32.475314+00:00
S6:152188,https://api.mfapi.in/mf/152188,2026-09-26 06:05:53.303281+00:00
S6:152189,https://api.mfapi.in/mf/152189,2026-09-26 07:02:33.302614+00:00
S6:152190,https://api.mfapi.in/mf/152190,2026-10-04 12:37:44.505168+00:00
S6:152194,https://api.mfapi.in/mf/152194,2026-09-26 06:06:23.302232+00:00
S6:152196,https://api.mfapi.in/mf/152196,2026-10-04 11:44:02.466195+00:00
S6:152202,https://api.mfapi.in/mf/152202,2026-09-26 06:57:21.345738+00:00
S6:152205,https://api.mfapi.in/mf/152205,2026-10-04 12:32:30.536259+00:00
S6:152206,https://api.mfapi.in/mf/152206,2026-09-26 06:46:55.298784+00:00
S6:152208,https://api.mfapi.in/mf/152208,2026-10-04 12:22:34.501748+00:00
S6:152214,https://api.mfapi.in/mf/152214,2026-09-26 06:13:55.302668+00:00
S6:152216,https://api.mfapi.in/mf/152216,2026-10-04 11:50:54.511062+00:00
S6:152217,https://api.mfapi.in/mf/152217,2026-10-04 12:18:28.508957+00:00
S6:152219,https://api.mfapi.in/mf/152219,2026-09-26 06:42:47.301433+00:00
S6:152225,https://api.mfapi.in/mf/152225,2026-10-04 11:40:02.482263+00:00
S6:152226,https://api.mfapi.in/mf/152226,2026-09-26 06:02:23.305043+00:00
S6:152232,https://api.mfapi.in/mf/152232,2026-10-04 12:11:42.521142+00:00
S6:152237,https://api.mfapi.in/mf/152237,2026-09-26 06:35:51.303784+00:00
S6:152239,https://api.mfapi.in/mf/152239,2026-10-04 12:32:32.506458+00:00
S6:152240,https://api.mfapi.in/mf/152240,2026-09-26 06:57:27.303851+00:00
S6:152243,https://api.mfapi.in/mf/152243,2026-09-26 06:46:57.313846+00:00
S6:152245,https://api.mfapi.in/mf/152245,2026-10-04 12:22:36.497894+00:00
S6:152254,https://api.mfapi.in/mf/152254,2026-09-26 06:43:59.300297+00:00
S6:152255,https://api.mfapi.in/mf/152255,2026-09-26 07:02:35.305032+00:00
S6:152256,https://api.mfapi.in/mf/152256,2026-10-04 12:37:46.592599+00:00
S6:152264,https://api.mfapi.in/mf/152264,2026-09-26 06:21:25.330787+00:00
S6:152266,https://api.mfapi.in/mf/152266,2026-10-04 11:58:16.598706+00:00
S6:152267,https://api.mfapi.in/mf/152267,2026-09-26 06:33:31.303452+00:00
S6:152268,https://api.mfapi.in/mf/152268,2026-10-04 12:09:18.500827+00:00
S6:152274,https://api.mfapi.in/mf/152274,2026-10-04 12:19:38.509192+00:00
S6:152287,https://api.mfapi.in/mf/152287,2026-09-26 06:39:15.304924+00:00
S6:152290,https://api.mfapi.in/mf/152290,2026-10-04 12:15:08.503460+00:00
S6:152293,https://api.mfapi.in/mf/152293,2026-09-26 06:39:17.299490+00:00
S6:152297,https://api.mfapi.in/mf/152297,2026-10-04 12:15:06.594843+00:00
S6:152307,https://api.mfapi.in/mf/152307,2026-10-04 12:22:38.498100+00:00
S6:152310,https://api.mfapi.in/mf/152310,2026-09-26 06:46:59.300494+00:00
S6:152311,https://api.mfapi.in/mf/152311,2026-10-04 12:35:30.519216+00:00
S6:152314,https://api.mfapi.in/mf/152314,2026-09-26 07:00:13.303492+00:00
S6:152321,https://api.mfapi.in/mf/152321,2026-09-26 06:02:25.301299+00:00
S6:152322,https://api.mfapi.in/mf/152322,2026-10-04 11:40:04.681516+00:00
S6:152324,https://api.mfapi.in/mf/152324,2026-09-26 06:21:27.304496+00:00
S6:152326,https://api.mfapi.in/mf/152326,2026-10-04 11:58:18.506331+00:00
S6:152327,https://api.mfapi.in/mf/152327,2026-09-26 06:07:13.328787+00:00
S6:152329,https://api.mfapi.in/mf/152329,2026-09-26 06:37:07.303102+00:00
S6:152331,https://api.mfapi.in/mf/152331,2026-10-04 12:12:58.536012+00:00
S6:152336,https://api.mfapi.in/mf/152336,2026-09-26 07:02:37.302088+00:00
S6:152338,https://api.mfapi.in/mf/152338,2026-10-04 12:37:48.499524+00:00
S6:152344,https://api.mfapi.in/mf/152344,2026-09-26 06:52:55.306653+00:00
S6:152347,https://api.mfapi.in/mf/152347,2026-10-04 12:28:36.497767+00:00
S6:152348,https://api.mfapi.in/mf/152348,2026-10-04 11:40:06.515010+00:00
S6:152349,https://api.mfapi.in/mf/152349,2026-09-26 06:02:27.300587+00:00
S6:152355,https://api.mfapi.in/mf/152355,2026-09-26 06:55:51.309137+00:00
S6:152358,https://api.mfapi.in/mf/152358,2026-09-26 06:07:53.300770+00:00
S6:152361,https://api.mfapi.in/mf/152361,2026-10-04 11:44:48.469303+00:00
S6:152365,https://api.mfapi.in/mf/152365,2026-09-26 06:10:33.297917+00:00
S6:152366,https://api.mfapi.in/mf/152366,2026-10-04 11:47:26.561029+00:00
S6:152368,https://api.mfapi.in/mf/152368,2026-09-26 06:55:53.303323+00:00
S6:152369,https://api.mfapi.in/mf/152369,2026-09-26 06:55:55.299975+00:00
S6:152370,https://api.mfapi.in/mf/152370,2026-09-26 06:25:09.299770+00:00
S6:152372,https://api.mfapi.in/mf/152372,2026-10-04 12:01:04.554560+00:00
S6:152378,https://api.mfapi.in/mf/152378,2026-10-04 12:17:02.505029+00:00
S6:152380,https://api.mfapi.in/mf/152380,2026-09-26 06:41:11.298827+00:00
S6:152382,https://api.mfapi.in/mf/152382,2026-09-26 06:43:33.305368+00:00
S6:152383,https://api.mfapi.in/mf/152383,2026-10-04 12:19:12.594137+00:00
S6:152387,https://api.mfapi.in/mf/152387,2026-10-04 12:05:34.509718+00:00
S6:152389,https://api.mfapi.in/mf/152389,2026-09-26 06:29:35.300810+00:00
S6:152391,https://api.mfapi.in/mf/152391,2026-10-04 12:05:36.509476+00:00
S6:152392,https://api.mfapi.in/mf/152392,2026-09-26 06:29:37.301738+00:00
S6:152396,https://api.mfapi.in/mf/152396,2026-09-26 06:50:41.298827+00:00
S6:152398,https://api.mfapi.in/mf/152398,2026-10-04 12:26:20.508855+00:00
S6:152406,https://api.mfapi.in/mf/152406,2026-10-04 11:44:04.466311+00:00
S6:152408,https://api.mfapi.in/mf/152408,2026-09-26 06:06:25.300500+00:00
S6:152409,https://api.mfapi.in/mf/152409,2026-09-26 06:42:49.376824+00:00
S6:152411,https://api.mfapi.in/mf/152411,2026-10-04 12:18:30.503812+00:00
S6:152413,https://api.mfapi.in/mf/152413,2026-10-04 12:37:50.500742+00:00
S6:152415,https://api.mfapi.in/mf/152415,2026-09-26 07:02:39.311021+00:00
S6:152417,https://api.mfapi.in/mf/152417,2026-09-26 06:25:11.299595+00:00
S6:152418,https://api.mfapi.in/mf/152418,2026-10-04 12:01:50.498897+00:00
S6:152421,https://api.mfapi.in/mf/152421,2026-10-04 12:32:42.499775+00:00
S6:152422,https://api.mfapi.in/mf/152422,2026-09-26 06:56:57.301812+00:00
S6:152429,https://api.mfapi.in/mf/152429,2026-10-04 11:55:22.501858+00:00
S6:152430,https://api.mfapi.in/mf/152430,2026-09-26 06:18:23.373363+00:00
S6:152431,https://api.mfapi.in/mf/152431,2026-09-26 06:44:01.301033+00:00
S6:152433,https://api.mfapi.in/mf/152433,2026-10-04 12:19:40.609257+00:00
S6:152437,https://api.mfapi.in/mf/152437,2026-09-26 06:48:37.318520+00:00
S6:152439,https://api.mfapi.in/mf/152439,2026-10-04 12:24:16.560405+00:00
S6:152441,https://api.mfapi.in/mf/152441,2026-10-04 11:52:48.513269+00:00
S6:152443,https://api.mfapi.in/mf/152443,2026-09-26 06:15:49.299395+00:00
S6:152447,https://api.mfapi.in/mf/152447,2026-10-04 12:25:36.502861+00:00
S6:152450,https://api.mfapi.in/mf/152450,2026-09-26 06:49:57.308191+00:00
S6:152457,https://api.mfapi.in/mf/152457,2026-10-04 12:28:38.517952+00:00
S6:152459,https://api.mfapi.in/mf/152459,2026-09-26 06:52:57.333754+00:00
S6:152460,https://api.mfapi.in/mf/152460,2026-10-04 11:50:56.516946+00:00
S6:152462,https://api.mfapi.in/mf/152462,2026-09-26 06:13:57.370645+00:00
S6:152464,https://api.mfapi.in/mf/152464,2026-10-04 12:34:52.501369+00:00
S6:152468,https://api.mfapi.in/mf/152468,2026-09-26 06:59:35.299452+00:00
S6:152470,https://api.mfapi.in/mf/152470,2026-09-26 06:37:09.305376+00:00
S6:152472,https://api.mfapi.in/mf/152472,2026-10-04 12:13:00.508791+00:00
S6:152474,https://api.mfapi.in/mf/152474,2026-09-26 06:03:23.300560+00:00
S6:152475,https://api.mfapi.in/mf/152475,2026-10-04 11:41:02.468857+00:00
S6:152476,https://api.mfapi.in/mf/152476,2026-09-26 06:07:15.305629+00:00
S6:152481,https://api.mfapi.in/mf/152481,2026-10-04 11:47:04.471313+00:00
S6:152482,https://api.mfapi.in/mf/152482,2026-09-26 06:10:15.300433+00:00
S6:152489,https://api.mfapi.in/mf/152489,2026-10-04 11:50:58.511256+00:00
S6:152491,https://api.mfapi.in/mf/152491,2026-09-26 06:13:59.303955+00:00
S6:152509,https://api.mfapi.in/mf/152509,2026-09-26 06:06:57.301325+00:00
S6:152512,https://api.mfapi.in/mf/152512,2026-10-04 11:44:36.466381+00:00
S6:152518,https://api.mfapi.in/mf/152518,2026-10-04 11:58:20.512821+00:00
S6:152520,https://api.mfapi.in/mf/152520,2026-09-26 06:21:29.305788+00:00
S6:152521,https://api.mfapi.in/mf/152521,2026-09-26 06:18:25.309945+00:00
S6:152522,https://api.mfapi.in/mf/152522,2026-10-04 11:55:24.500980+00:00
S6:152527,https://api.mfapi.in/mf/152527,2026-10-04 12:22:40.497192+00:00
S6:152528,https://api.mfapi.in/mf/152528,2026-09-26 06:47:01.301345+00:00
S6:152535,https://api.mfapi.in/mf/152535,2026-09-26 07:01:41.307097+00:00
S6:152536,https://api.mfapi.in/mf/152536,2026-10-04 12:36:50.502961+00:00
S6:152537,https://api.mfapi.in/mf/152537,2026-09-26 06:43:35.302643+00:00
S6:152538,https://api.mfapi.in/mf/152538,2026-10-04 12:19:14.503126+00:00
S6:152557,https://api.mfapi.in/mf/152557,2026-09-26 06:39:21.304347+00:00
S6:152560,https://api.mfapi.in/mf/152560,2026-10-04 12:15:12.506495+00:00
S6:152564,https://api.mfapi.in/mf/152564,2026-09-26 06:39:25.299583+00:00
S6:152567,https://api.mfapi.in/mf/152567,2026-10-04 12:15:16.509416+00:00
S6:152570,https://api.mfapi.in/mf/152570,2026-09-26 06:39:19.307920+00:00
S6:152573,https://api.mfapi.in/mf/152573,2026-10-04 12:15:10.522692+00:00
S6:152574,https://api.mfapi.in/mf/152574,2026-10-04 12:15:14.595175+00:00
S6:152577,https://api.mfapi.in/mf/152577,2026-09-26 06:39:23.303107+00:00
S6:152582,https://api.mfapi.in/mf/152582,2026-10-04 11:42:58.463860+00:00
S6:152584,https://api.mfapi.in/mf/152584,2026-09-26 06:05:19.302769+00:00
S6:152586,https://api.mfapi.in/mf/152586,2026-09-26 06:05:55.306084+00:00
S6:152587,https://api.mfapi.in/mf/152587,2026-10-04 11:43:34.465839+00:00
S6:152588,https://api.mfapi.in/mf/152588,2026-09-26 06:39:27.299833+00:00
S6:152590,https://api.mfapi.in/mf/152590,2026-10-04 12:15:18.510206+00:00
S6:152595,https://api.mfapi.in/mf/152595,2026-09-26 06:39:29.298100+00:00
S6:152596,https://api.mfapi.in/mf/152596,2026-10-04 12:15:20.513258+00:00
S6:152600,https://api.mfapi.in/mf/152600,2026-09-26 06:18:27.298480+00:00
S6:152602,https://api.mfapi.in/mf/152602,2026-10-04 11:55:26.519077+00:00
S6:152606,https://api.mfapi.in/mf/152606,2026-10-04 11:58:22.498861+00:00
S6:152607,https://api.mfapi.in/mf/152607,2026-09-26 06:21:31.306145+00:00
S6:152612,https://api.mfapi.in/mf/152612,2026-10-04 11:56:26.499091+00:00
S6:152614,https://api.mfapi.in/mf/152614,2026-09-26 06:19:33.301058+00:00
S6:152616,https://api.mfapi.in/mf/152616,2026-09-26 06:48:39.309079+00:00
S6:152617,https://api.mfapi.in/mf/152617,2026-10-04 12:24:18.517345+00:00
S6:152625,https://api.mfapi.in/mf/152625,2026-10-04 12:13:02.512637+00:00
S6:152628,https://api.mfapi.in/mf/152628,2026-09-26 06:37:11.368883+00:00
S6:152629,https://api.mfapi.in/mf/152629,2026-09-26 06:57:15.299622+00:00
S6:152632,https://api.mfapi.in/mf/152632,2026-10-04 12:32:22.545863+00:00
S6:152633,https://api.mfapi.in/mf/152633,2026-10-04 12:19:42.497436+00:00
S6:152637,https://api.mfapi.in/mf/152637,2026-09-26 06:44:03.304894+00:00
S6:152639,https://api.mfapi.in/mf/152639,2026-09-26 06:06:27.308462+00:00
S6:152642,https://api.mfapi.in/mf/152642,2026-10-04 11:44:06.480294+00:00
S6:152643,https://api.mfapi.in/mf/152643,2026-10-04 11:40:08.952495+00:00
S6:152644,https://api.mfapi.in/mf/152644,2026-09-26 06:02:29.301143+00:00
S6:152645,https://api.mfapi.in/mf/152645,2026-09-26 06:52:59.370215+00:00
S6:152647,https://api.mfapi.in/mf/152647,2026-10-04 12:28:40.514978+00:00
S6:152653,https://api.mfapi.in/mf/152653,2026-10-04 12:22:42.502792+00:00
S6:152654,https://api.mfapi.in/mf/152654,2026-09-26 06:47:03.303204+00:00
S6:152657,https://api.mfapi.in/mf/152657,2026-09-26 06:25:13.299667+00:00
S6:152658,https://api.mfapi.in/mf/152658,2026-10-04 12:01:52.567972+00:00
S6:152659,https://api.mfapi.in/mf/152659,2026-09-26 06:34:01.312639+00:00
S6:152660,https://api.mfapi.in/mf/152660,2026-10-04 12:09:54.496454+00:00
S6:152663,https://api.mfapi.in/mf/152663,2026-09-26 06:14:01.317067+00:00
S6:152664,https://api.mfapi.in/mf/152664,2026-10-04 11:51:00.518754+00:00
S6:152667,https://api.mfapi.in/mf/152667,2026-09-26 06:07:19.301601+00:00
S6:152668,https://api.mfapi.in/mf/152668,2026-09-26 06:07:17.300094+00:00
S6:152671,https://api.mfapi.in/mf/152671,2026-10-04 11:52:50.502173+00:00
S6:152672,https://api.mfapi.in/mf/152672,2026-09-26 06:15:51.305159+00:00
S6:152677,https://api.mfapi.in/mf/152677,2026-09-26 07:00:15.300610+00:00
S6:152678,https://api.mfapi.in/mf/152678,2026-10-04 12:35:32.498428+00:00
S6:152679,https://api.mfapi.in/mf/152679,2026-09-26 06:06:59.300501+00:00
S6:152682,https://api.mfapi.in/mf/152682,2026-10-04 11:44:38.463596+00:00
S6:152684,https://api.mfapi.in/mf/152684,2026-09-26 06:34:03.315391+00:00
S6:152686,https://api.mfapi.in/mf/152686,2026-10-04 12:09:56.501423+00:00
S6:152688,https://api.mfapi.in/mf/152688,2026-09-26 06:49:59.308827+00:00
S6:152690,https://api.mfapi.in/mf/152690,2026-10-04 12:25:38.503534+00:00
S6:152692,https://api.mfapi.in/mf/152692,2026-10-04 12:11:44.497489+00:00
S6:152694,https://api.mfapi.in/mf/152694,2026-09-26 06:35:53.301817+00:00
S6:152696,https://api.mfapi.in/mf/152696,2026-10-04 12:13:04.509038+00:00
S6:152697,https://api.mfapi.in/mf/152697,2026-09-26 06:37:13.376999+00:00
S6:152702,https://api.mfapi.in/mf/152702,2026-09-26 06:14:03.311198+00:00
S6:152703,https://api.mfapi.in/mf/152703,2026-10-04 11:51:02.500358+00:00
S6:152710,https://api.mfapi.in/mf/152710,2026-09-26 06:48:41.300650+00:00
S6:152711,https://api.mfapi.in/mf/152711,2026-10-04 12:11:46.498033+00:00
S6:152712,https://api.mfapi.in/mf/152712,2026-09-26 06:35:55.300342+00:00
S6:152713,https://api.mfapi.in/mf/152713,2026-09-26 06:18:29.309278+00:00
S6:152714,https://api.mfapi.in/mf/152714,2026-10-04 11:55:28.498335+00:00
S6:152716,https://api.mfapi.in/mf/152716,2026-09-26 06:21:33.304836+00:00
S6:152717,https://api.mfapi.in/mf/152717,2026-10-04 11:58:24.596716+00:00
S6:152718,https://api.mfapi.in/mf/152718,2026-09-26 06:53:01.299192+00:00
S6:152720,https://api.mfapi.in/mf/152720,2026-10-04 12:28:42.512211+00:00
S6:152724,https://api.mfapi.in/mf/152724,2026-10-04 12:24:20.558168+00:00
S6:152726,https://api.mfapi.in/mf/152726,2026-10-04 11:47:06.461378+00:00
S6:152728,https://api.mfapi.in/mf/152728,2026-09-26 06:10:17.300064+00:00
S6:152730,https://api.mfapi.in/mf/152730,2026-10-04 12:33:12.501563+00:00
S6:152731,https://api.mfapi.in/mf/152731,2026-09-26 06:57:37.299106+00:00
S6:152733,https://api.mfapi.in/mf/152733,2026-10-04 12:01:54.504664+00:00
S6:152735,https://api.mfapi.in/mf/152735,2026-09-26 06:25:15.300967+00:00
S6:152738,https://api.mfapi.in/mf/152738,2026-10-04 11:42:30.478905+00:00
S6:152739,https://api.mfapi.in/mf/152739,2026-09-26 06:04:53.308794+00:00
S6:152741,https://api.mfapi.in/mf/152741,2026-09-26 06:45:05.375842+00:00
S6:152742,https://api.mfapi.in/mf/152742,2026-09-26 06:39:31.300335+00:00
S6:152746,https://api.mfapi.in/mf/152746,2026-10-04 12:15:22.596312+00:00
S6:152750,https://api.mfapi.in/mf/152750,2026-10-04 12:36:52.569313+00:00
S6:152751,https://api.mfapi.in/mf/152751,2026-09-26 07:01:43.299067+00:00
S6:152752,https://api.mfapi.in/mf/152752,2026-10-04 11:51:04.511187+00:00
S6:152755,https://api.mfapi.in/mf/152755,2026-09-26 06:14:05.298372+00:00
S6:152756,https://api.mfapi.in/mf/152756,2026-09-26 06:31:25.303638+00:00
S6:152758,https://api.mfapi.in/mf/152758,2026-10-04 12:07:20.506233+00:00
S6:152765,https://api.mfapi.in/mf/152765,2026-10-04 11:51:06.499262+00:00
S6:152767,https://api.mfapi.in/mf/152767,2026-09-26 06:14:07.306041+00:00
S6:152770,https://api.mfapi.in/mf/152770,2026-09-26 06:44:05.301151+00:00
S6:152773,https://api.mfapi.in/mf/152773,2026-10-04 12:19:44.510553+00:00
S6:152774,https://api.mfapi.in/mf/152774,2026-10-04 12:01:56.505742+00:00
S6:152776,https://api.mfapi.in/mf/152776,2026-09-26 06:25:17.298653+00:00
S6:152778,https://api.mfapi.in/mf/152778,2026-09-26 06:18:31.311117+00:00
S6:152779,https://api.mfapi.in/mf/152779,2026-10-04 11:55:30.517198+00:00
S6:152780,https://api.mfapi.in/mf/152780,2026-10-04 11:44:08.529805+00:00
S6:152783,https://api.mfapi.in/mf/152783,2026-09-26 06:06:29.300795+00:00
S6:152786,https://api.mfapi.in/mf/152786,2026-10-04 12:18:32.502703+00:00
S6:152787,https://api.mfapi.in/mf/152787,2026-09-26 06:42:51.298136+00:00
S6:152789,https://api.mfapi.in/mf/152789,2026-09-26 06:50:43.308855+00:00
S6:152790,https://api.mfapi.in/mf/152790,2026-10-04 12:26:22.496557+00:00
S6:152792,https://api.mfapi.in/mf/152792,2026-10-04 11:58:26.499143+00:00
S6:152793,https://api.mfapi.in/mf/152793,2026-09-26 06:21:35.299830+00:00
S6:152798,https://api.mfapi.in/mf/152798,2026-09-26 06:34:05.298380+00:00
S6:152800,https://api.mfapi.in/mf/152800,2026-10-04 12:09:58.501883+00:00
S6:152804,https://api.mfapi.in/mf/152804,2026-10-04 12:32:04.502240+00:00
S6:152805,https://api.mfapi.in/mf/152805,2026-09-26 06:57:05.366713+00:00
S6:152807,https://api.mfapi.in/mf/152807,2026-10-04 12:13:06.495861+00:00
S6:152810,https://api.mfapi.in/mf/152810,2026-09-26 06:37:15.381803+00:00
S6:152813,https://api.mfapi.in/mf/152813,2026-10-04 12:22:44.499231+00:00
S6:152814,https://api.mfapi.in/mf/152814,2026-09-26 06:47:05.299052+00:00
S6:152815,https://api.mfapi.in/mf/152815,2026-09-26 06:43:37.299945+00:00
S6:152816,https://api.mfapi.in/mf/152816,2026-10-04 12:19:16.514029+00:00
S6:152821,https://api.mfapi.in/mf/152821,2026-09-26 06:01:55.302902+00:00
S6:152824,https://api.mfapi.in/mf/152824,2026-10-04 11:39:34.490881+00:00
S6:152825,https://api.mfapi.in/mf/152825,2026-09-26 06:04:57.299259+00:00
S6:152828,https://api.mfapi.in/mf/152828,2026-10-04 11:42:34.468792+00:00
S6:152829,https://api.mfapi.in/mf/152829,2026-09-26 06:41:13.301238+00:00
S6:152830,https://api.mfapi.in/mf/152830,2026-10-04 12:17:04.515305+00:00
S6:152834,https://api.mfapi.in/mf/152834,2026-10-04 12:15:24.496570+00:00
S6:152836,https://api.mfapi.in/mf/152836,2026-09-26 06:39:33.298346+00:00
S6:152840,https://api.mfapi.in/mf/152840,2026-10-04 12:05:38.532238+00:00
S6:152842,https://api.mfapi.in/mf/152842,2026-09-26 06:29:39.304422+00:00
S6:152843,https://api.mfapi.in/mf/152843,2026-10-04 11:58:30.510434+00:00
S6:152844,https://api.mfapi.in/mf/152844,2026-09-26 06:21:39.340666+00:00
S6:152847,https://api.mfapi.in/mf/152847,2026-09-26 06:05:57.299488+00:00
S6:152848,https://api.mfapi.in/mf/152848,2026-10-04 11:43:36.470923+00:00
S6:152849,https://api.mfapi.in/mf/152849,2026-09-26 06:02:31.302683+00:00
S6:152850,https://api.mfapi.in/mf/152850,2026-10-04 11:40:10.536824+00:00
S6:152851,https://api.mfapi.in/mf/152851,2026-09-26 06:04:55.362347+00:00
S6:152853,https://api.mfapi.in/mf/152853,2026-10-04 11:42:32.470005+00:00
S6:152855,https://api.mfapi.in/mf/152855,2026-09-26 06:21:41.301905+00:00
S6:152856,https://api.mfapi.in/mf/152856,2026-10-04 11:58:32.495086+00:00
S6:152858,https://api.mfapi.in/mf/152858,2026-10-04 12:31:18.512928+00:00
S6:152859,https://api.mfapi.in/mf/152859,2026-09-26 06:55:57.300427+00:00
S6:152862,https://api.mfapi.in/mf/152862,2026-10-04 12:07:22.519286+00:00
S6:152863,https://api.mfapi.in/mf/152863,2026-09-26 06:31:27.296533+00:00
S6:152864,https://api.mfapi.in/mf/152864,2026-09-26 06:55:59.303345+00:00
S6:152865,https://api.mfapi.in/mf/152865,2026-10-04 12:31:20.524141+00:00
S6:152866,https://api.mfapi.in/mf/152866,2026-10-04 11:51:08.497439+00:00
S6:152869,https://api.mfapi.in/mf/152869,2026-09-26 06:14:11.298432+00:00
S6:152870,https://api.mfapi.in/mf/152870,2026-09-26 06:14:09.299557+00:00
S6:152872,https://api.mfapi.in/mf/152872,2026-10-04 11:51:10.499322+00:00
S6:152875,https://api.mfapi.in/mf/152875,2026-09-26 06:35:57.297333+00:00
S6:152876,https://api.mfapi.in/mf/152876,2026-10-04 12:11:48.506540+00:00
S6:152877,https://api.mfapi.in/mf/152877,2026-10-04 11:58:28.516961+00:00
S6:152878,https://api.mfapi.in/mf/152878,2026-09-26 06:21:37.311262+00:00
S6:152881,https://api.mfapi.in/mf/152881,2026-09-26 06:29:41.298283+00:00
S6:152883,https://api.mfapi.in/mf/152883,2026-10-04 12:05:40.523022+00:00
S6:152886,https://api.mfapi.in/mf/152886,2026-10-04 12:33:02.512062+00:00
S6:152887,https://api.mfapi.in/mf/152887,2026-09-26 06:57:29.306700+00:00
S6:152889,https://api.mfapi.in/mf/152889,2026-09-26 06:18:33.299961+00:00
S6:152890,https://api.mfapi.in/mf/152890,2026-10-04 11:55:32.501372+00:00
S6:152906,https://api.mfapi.in/mf/152906,2026-10-04 12:01:58.496684+00:00
S6:152908,https://api.mfapi.in/mf/152908,2026-09-26 06:25:19.302297+00:00
S6:152910,https://api.mfapi.in/mf/152910,2026-09-26 06:14:13.300887+00:00
S6:152913,https://api.mfapi.in/mf/152913,2026-10-04 11:51:12.510812+00:00
S6:152914,https://api.mfapi.in/mf/152914,2026-10-04 11:40:12.469234+00:00
S6:152915,https://api.mfapi.in/mf/152915,2026-09-26 06:02:33.298826+00:00
S6:152916,https://api.mfapi.in/mf/152916,2026-09-26 06:14:15.298590+00:00
S6:152918,https://api.mfapi.in/mf/152918,2026-10-04 11:51:14.501568+00:00
S6:152920,https://api.mfapi.in/mf/152920,2026-09-26 06:51:39.307591+00:00
S6:152922,https://api.mfapi.in/mf/152922,2026-10-04 12:27:20.498350+00:00
S6:152925,https://api.mfapi.in/mf/152925,2026-09-26 06:44:07.296885+00:00
S6:152927,https://api.mfapi.in/mf/152927,2026-10-04 12:19:46.500251+00:00
S6:152930,https://api.mfapi.in/mf/152930,2026-10-04 12:13:08.501709+00:00
S6:152931,https://api.mfapi.in/mf/152931,2026-09-26 06:37:17.373307+00:00
S6:152934,https://api.mfapi.in/mf/152934,2026-10-04 11:46:52.464653+00:00
S6:152936,https://api.mfapi.in/mf/152936,2026-09-26 06:10:25.301457+00:00
S6:152939,https://api.mfapi.in/mf/152939,2026-09-26 06:05:21.295105+00:00
S6:152940,https://api.mfapi.in/mf/152940,2026-10-04 11:43:00.467189+00:00
S6:152941,https://api.mfapi.in/mf/152941,2026-09-26 06:07:01.296494+00:00
S6:152943,https://api.mfapi.in/mf/152943,2026-10-04 11:44:40.465635+00:00
S6:152945,https://api.mfapi.in/mf/152945,2026-10-04 12:10:00.506785+00:00
S6:152947,https://api.mfapi.in/mf/152947,2026-09-26 06:34:07.305956+00:00
S6:152949,https://api.mfapi.in/mf/152949,2026-09-26 06:57:07.301348+00:00
S6:152950,https://api.mfapi.in/mf/152950,2026-10-04 12:32:24.499493+00:00
S6:152951,https://api.mfapi.in/mf/152951,2026-09-26 06:39:35.355420+00:00
S6:152954,https://api.mfapi.in/mf/152954,2026-10-04 12:15:26.507231+00:00
S6:152962,https://api.mfapi.in/mf/152962,2026-09-26 06:02:35.297643+00:00
S6:152963,https://api.mfapi.in/mf/152963,2026-10-04 11:40:14.483505+00:00
S6:152964,https://api.mfapi.in/mf/152964,2026-09-26 06:35:59.307674+00:00
S6:152966,https://api.mfapi.in/mf/152966,2026-10-04 12:11:50.592691+00:00
S6:152968,https://api.mfapi.in/mf/152968,2026-09-26 06:53:03.324635+00:00
S6:152970,https://api.mfapi.in/mf/152970,2026-10-04 12:28:44.495600+00:00
S6:152972,https://api.mfapi.in/mf/152972,2026-09-26 06:53:07.363510+00:00
S6:152974,https://api.mfapi.in/mf/152974,2026-10-04 12:28:48.501321+00:00
S6:152976,https://api.mfapi.in/mf/152976,2026-09-26 06:53:05.357133+00:00
S6:152978,https://api.mfapi.in/mf/152978,2026-10-04 12:28:46.531134+00:00
S6:152980,https://api.mfapi.in/mf/152980,2026-09-26 06:44:09.373187+00:00
S6:152985,https://api.mfapi.in/mf/152985,2026-09-26 06:48:43.300785+00:00
S6:152988,https://api.mfapi.in/mf/152988,2026-10-04 12:24:22.555900+00:00
S6:152990,https://api.mfapi.in/mf/152990,2026-09-26 06:21:43.498391+00:00
S6:152991,https://api.mfapi.in/mf/152991,2026-10-04 11:58:34.500726+00:00
S6:152992,https://api.mfapi.in/mf/152992,2026-09-26 06:29:43.304757+00:00
S6:152994,https://api.mfapi.in/mf/152994,2026-10-04 12:05:42.511013+00:00
S6:152996,https://api.mfapi.in/mf/152996,2026-09-26 06:29:45.298692+00:00
S6:152998,https://api.mfapi.in/mf/152998,2026-10-04 12:05:44.513968+00:00
S6:153000,https://api.mfapi.in/mf/153000,2026-09-26 06:37:19.300726+00:00
S6:153001,https://api.mfapi.in/mf/153001,2026-10-04 12:13:10.507062+00:00
S6:153002,https://api.mfapi.in/mf/153002,2026-10-04 11:58:36.513309+00:00
S6:153003,https://api.mfapi.in/mf/153003,2026-09-26 06:21:45.298587+00:00
S6:153006,https://api.mfapi.in/mf/153006,2026-10-04 12:19:48.592816+00:00
S6:153007,https://api.mfapi.in/mf/153007,2026-09-26 06:53:09.364384+00:00
S6:153009,https://api.mfapi.in/mf/153009,2026-10-04 12:28:50.498039+00:00
S6:153011,https://api.mfapi.in/mf/153011,2026-09-26 06:07:23.298253+00:00
S6:153012,https://api.mfapi.in/mf/153012,2026-10-04 12:02:00.542791+00:00
S6:153015,https://api.mfapi.in/mf/153015,2026-09-26 06:25:21.352076+00:00
S6:153022,https://api.mfapi.in/mf/153022,2026-10-04 12:11:52.497785+00:00
S6:153023,https://api.mfapi.in/mf/153023,2026-09-26 06:36:05.310570+00:00
S6:153024,https://api.mfapi.in/mf/153024,2026-10-04 12:11:54.498818+00:00
S6:153025,https://api.mfapi.in/mf/153025,2026-09-26 06:36:01.314297+00:00
S6:153026,https://api.mfapi.in/mf/153026,2026-10-04 12:11:56.505402+00:00
S6:153027,https://api.mfapi.in/mf/153027,2026-09-26 06:36:03.300299+00:00
S6:153030,https://api.mfapi.in/mf/153030,2026-09-26 06:34:09.310961+00:00
S6:153033,https://api.mfapi.in/mf/153033,2026-10-04 12:10:02.498682+00:00
S6:153034,https://api.mfapi.in/mf/153034,2026-09-26 06:44:11.297628+00:00
S6:153035,https://api.mfapi.in/mf/153035,2026-09-26 06:45:07.385330+00:00
S6:153036,https://api.mfapi.in/mf/153036,2026-10-04 12:20:54.499360+00:00
S6:153039,https://api.mfapi.in/mf/153039,2026-09-26 06:43:39.300823+00:00
S6:153040,https://api.mfapi.in/mf/153040,2026-10-04 12:19:18.499156+00:00
S6:153042,https://api.mfapi.in/mf/153042,2026-10-04 11:42:36.469509+00:00
S6:153043,https://api.mfapi.in/mf/153043,2026-09-26 06:04:59.298347+00:00
S6:153046,https://api.mfapi.in/mf/153046,2026-10-04 12:07:24.517468+00:00
S6:153047,https://api.mfapi.in/mf/153047,2026-09-26 06:31:29.301342+00:00
S6:153050,https://api.mfapi.in/mf/153050,2026-10-04 12:32:44.499291+00:00
S6:153051,https://api.mfapi.in/mf/153051,2026-09-26 06:57:17.334992+00:00
S6:153055,https://api.mfapi.in/mf/153055,2026-09-26 06:39:37.300817+00:00
S6:153059,https://api.mfapi.in/mf/153059,2026-10-04 12:15:28.501900+00:00
S6:153060,https://api.mfapi.in/mf/153060,2026-09-26 06:29:47.296318+00:00
S6:153061,https://api.mfapi.in/mf/153061,2026-10-04 12:05:46.514181+00:00
S6:153064,https://api.mfapi.in/mf/153064,2026-09-26 06:29:49.303843+00:00
S6:153066,https://api.mfapi.in/mf/153066,2026-10-04 12:05:48.518007+00:00
S6:153069,https://api.mfapi.in/mf/153069,2026-10-04 11:47:14.468751+00:00
S6:153070,https://api.mfapi.in/mf/153070,2026-09-26 06:09:59.300854+00:00
S6:153072,https://api.mfapi.in/mf/153072,2026-10-04 11:44:10.463283+00:00
S6:153075,https://api.mfapi.in/mf/153075,2026-09-26 06:06:31.299931+00:00
S6:153076,https://api.mfapi.in/mf/153076,2026-09-26 06:45:09.298271+00:00
S6:153077,https://api.mfapi.in/mf/153077,2026-10-04 12:20:56.496211+00:00
S6:153080,https://api.mfapi.in/mf/153080,2026-10-04 12:10:04.498956+00:00
S6:153081,https://api.mfapi.in/mf/153081,2026-09-26 06:34:11.299690+00:00
S6:153083,https://api.mfapi.in/mf/153083,2026-09-26 06:56:51.299505+00:00
S6:153085,https://api.mfapi.in/mf/153085,2026-10-04 12:32:06.513765+00:00
S6:153086,https://api.mfapi.in/mf/153086,2026-09-26 06:56:01.296317+00:00
S6:153087,https://api.mfapi.in/mf/153087,2026-10-04 12:31:22.503233+00:00
S6:153088,https://api.mfapi.in/mf/153088,2026-10-04 12:31:24.551554+00:00
S6:153089,https://api.mfapi.in/mf/153089,2026-09-26 06:56:03.320568+00:00
S6:153090,https://api.mfapi.in/mf/153090,2026-09-26 06:05:59.305773+00:00
S6:153091,https://api.mfapi.in/mf/153091,2026-10-04 11:43:38.461923+00:00
S6:153092,https://api.mfapi.in/mf/153092,2026-09-26 06:06:01.303695+00:00
S6:153093,https://api.mfapi.in/mf/153093,2026-10-04 11:43:40.463603+00:00
S6:153094,https://api.mfapi.in/mf/153094,2026-09-26 06:03:25.298226+00:00
S6:153095,https://api.mfapi.in/mf/153095,2026-10-04 11:41:04.479355+00:00
S6:153096,https://api.mfapi.in/mf/153096,2026-10-04 11:55:36.500798+00:00
S6:153097,https://api.mfapi.in/mf/153097,2026-09-26 06:18:37.302266+00:00
S6:153100,https://api.mfapi.in/mf/153100,2026-10-04 12:19:50.496121+00:00
S6:153102,https://api.mfapi.in/mf/153102,2026-09-26 06:05:01.297563+00:00
S6:153104,https://api.mfapi.in/mf/153104,2026-10-04 11:42:38.470738+00:00
S6:153105,https://api.mfapi.in/mf/153105,2026-09-26 06:53:11.359603+00:00
S6:153107,https://api.mfapi.in/mf/153107,2026-10-04 12:28:52.498759+00:00
S6:153109,https://api.mfapi.in/mf/153109,2026-09-26 06:42:53.370337+00:00
S6:153111,https://api.mfapi.in/mf/153111,2026-10-04 12:18:34.501457+00:00
S6:153113,https://api.mfapi.in/mf/153113,2026-10-04 11:58:38.498091+00:00
S6:153114,https://api.mfapi.in/mf/153114,2026-09-26 06:21:47.298500+00:00
S6:153115,https://api.mfapi.in/mf/153115,2026-09-26 06:48:45.297990+00:00
S6:153116,https://api.mfapi.in/mf/153116,2026-10-04 11:51:16.496799+00:00
S6:153118,https://api.mfapi.in/mf/153118,2026-09-26 06:14:17.361026+00:00
S6:153121,https://api.mfapi.in/mf/153121,2026-09-26 06:47:07.306212+00:00
S6:153122,https://api.mfapi.in/mf/153122,2026-10-04 12:22:46.496226+00:00
S6:153124,https://api.mfapi.in/mf/153124,2026-09-26 06:34:13.312201+00:00
S6:153127,https://api.mfapi.in/mf/153127,2026-10-04 12:10:06.511311+00:00
S6:153130,https://api.mfapi.in/mf/153130,2026-10-04 12:24:24.498917+00:00
S6:153132,https://api.mfapi.in/mf/153132,2026-09-26 06:39:39.304044+00:00
S6:153134,https://api.mfapi.in/mf/153134,2026-10-04 12:15:30.598917+00:00
S6:153137,https://api.mfapi.in/mf/153137,2026-10-04 12:11:58.601818+00:00
S6:153138,https://api.mfapi.in/mf/153138,2026-09-26 06:36:07.298589+00:00
S6:153139,https://api.mfapi.in/mf/153139,2026-09-26 06:50:45.298218+00:00
S6:153140,https://api.mfapi.in/mf/153140,2026-10-04 12:26:24.534566+00:00
S6:153145,https://api.mfapi.in/mf/153145,2026-10-04 11:51:18.498136+00:00
S6:153146,https://api.mfapi.in/mf/153146,2026-09-26 06:14:19.297807+00:00
S6:153148,https://api.mfapi.in/mf/153148,2026-10-04 11:51:20.510802+00:00
S6:153150,https://api.mfapi.in/mf/153150,2026-09-26 06:14:21.297087+00:00
S6:153153,https://api.mfapi.in/mf/153153,2026-10-04 12:02:02.500131+00:00
S6:153154,https://api.mfapi.in/mf/153154,2026-09-26 06:25:23.300238+00:00
S6:153155,https://api.mfapi.in/mf/153155,2026-10-04 11:44:12.525675+00:00
S6:153157,https://api.mfapi.in/mf/153157,2026-09-26 06:06:33.298014+00:00
S6:153161,https://api.mfapi.in/mf/153161,2026-09-26 06:10:35.302839+00:00
S6:153162,https://api.mfapi.in/mf/153162,2026-10-04 11:47:00.470057+00:00
S6:153170,https://api.mfapi.in/mf/153170,2026-10-04 12:13:12.501694+00:00
S6:153171,https://api.mfapi.in/mf/153171,2026-09-26 06:37:21.300578+00:00
S6:153172,https://api.mfapi.in/mf/153172,2026-09-26 06:58:55.301652+00:00
S6:153174,https://api.mfapi.in/mf/153174,2026-10-04 12:33:04.538600+00:00
S6:153177,https://api.mfapi.in/mf/153177,2026-10-04 12:10:08.563083+00:00
S6:153179,https://api.mfapi.in/mf/153179,2026-09-26 06:34:15.328655+00:00
S6:153181,https://api.mfapi.in/mf/153181,2026-10-04 11:47:28.467084+00:00
S6:153184,https://api.mfapi.in/mf/153184,2026-09-26 06:10:19.357525+00:00
S6:153187,https://api.mfapi.in/mf/153187,2026-09-26 06:36:09.299656+00:00
S6:153188,https://api.mfapi.in/mf/153188,2026-10-04 12:12:00.514063+00:00
S6:153189,https://api.mfapi.in/mf/153189,2026-09-26 06:02:37.298484+00:00
S6:153190,https://api.mfapi.in/mf/153190,2026-10-04 11:40:16.478594+00:00
S6:153192,https://api.mfapi.in/mf/153192,2026-09-26 06:53:15.297621+00:00
S6:153194,https://api.mfapi.in/mf/153194,2026-10-04 12:28:56.523474+00:00
S6:153196,https://api.mfapi.in/mf/153196,2026-09-26 06:53:13.298519+00:00
S6:153198,https://api.mfapi.in/mf/153198,2026-10-04 12:28:54.502761+00:00
S6:153201,https://api.mfapi.in/mf/153201,2026-09-26 06:06:35.297699+00:00
S6:153202,https://api.mfapi.in/mf/153202,2026-10-04 11:44:14.465906+00:00
S6:153204,https://api.mfapi.in/mf/153204,2026-09-26 06:54:41.297151+00:00
S6:153205,https://api.mfapi.in/mf/153205,2026-10-04 12:30:24.594551+00:00
S6:153206,https://api.mfapi.in/mf/153206,2026-09-26 06:06:37.298155+00:00
S6:153211,https://api.mfapi.in/mf/153211,2026-10-04 11:44:16.461207+00:00
S6:153212,https://api.mfapi.in/mf/153212,2026-10-04 11:58:40.498491+00:00
S6:153213,https://api.mfapi.in/mf/153213,2026-09-26 06:21:49.304813+00:00
S6:153214,https://api.mfapi.in/mf/153214,2026-09-26 06:48:47.300335+00:00
S6:153216,https://api.mfapi.in/mf/153216,2026-10-04 12:22:48.497416+00:00
S6:153219,https://api.mfapi.in/mf/153219,2026-09-26 06:47:09.299682+00:00
S6:153221,https://api.mfapi.in/mf/153221,2026-10-04 11:51:22.500868+00:00
S6:153223,https://api.mfapi.in/mf/153223,2026-09-26 06:14:23.298206+00:00
S6:153225,https://api.mfapi.in/mf/153225,2026-09-26 06:37:23.304295+00:00
S6:153226,https://api.mfapi.in/mf/153226,2026-10-04 12:13:14.496790+00:00
S6:153230,https://api.mfapi.in/mf/153230,2026-09-26 06:44:13.296790+00:00
S6:153232,https://api.mfapi.in/mf/153232,2026-10-04 12:19:52.497850+00:00
S6:153238,https://api.mfapi.in/mf/153238,2026-10-04 11:43:42.465491+00:00
S6:153239,https://api.mfapi.in/mf/153239,2026-09-26 06:06:03.300071+00:00
S6:153240,https://api.mfapi.in/mf/153240,2026-10-04 12:18:36.510651+00:00
S6:153242,https://api.mfapi.in/mf/153242,2026-09-26 06:42:55.297644+00:00
S6:153244,https://api.mfapi.in/mf/153244,2026-09-26 06:58:57.297581+00:00
S6:153245,https://api.mfapi.in/mf/153245,2026-10-04 12:34:14.511212+00:00
S6:153246,https://api.mfapi.in/mf/153246,2026-09-26 06:51:41.302469+00:00
S6:153248,https://api.mfapi.in/mf/153248,2026-10-04 12:27:22.495187+00:00
S6:153250,https://api.mfapi.in/mf/153250,2026-09-26 06:25:25.298132+00:00
S6:153253,https://api.mfapi.in/mf/153253,2026-10-04 12:02:04.507847+00:00
S6:153255,https://api.mfapi.in/mf/153255,2026-10-04 12:24:26.501793+00:00
S6:153256,https://api.mfapi.in/mf/153256,2026-10-04 12:12:02.495898+00:00
S6:153258,https://api.mfapi.in/mf/153258,2026-09-26 06:36:11.297718+00:00
S6:153260,https://api.mfapi.in/mf/153260,2026-09-26 06:01:57.302732+00:00
S6:153263,https://api.mfapi.in/mf/153263,2026-10-04 11:39:36.464943+00:00
S6:153264,https://api.mfapi.in/mf/153264,2026-09-26 06:18:39.300938+00:00
S6:153265,https://api.mfapi.in/mf/153265,2026-10-04 11:55:38.498959+00:00
S6:153266,https://api.mfapi.in/mf/153266,2026-09-26 06:41:15.296630+00:00
S6:153267,https://api.mfapi.in/mf/153267,2026-10-04 12:17:06.722805+00:00
S6:153270,https://api.mfapi.in/mf/153270,2026-09-26 06:54:45.299902+00:00
S6:153271,https://api.mfapi.in/mf/153271,2026-10-04 12:30:28.497085+00:00
S6:153272,https://api.mfapi.in/mf/153272,2026-09-26 06:54:43.305747+00:00
S6:153273,https://api.mfapi.in/mf/153273,2026-10-04 12:30:26.592185+00:00
S6:153274,https://api.mfapi.in/mf/153274,2026-09-26 06:29:51.298134+00:00
S6:153276,https://api.mfapi.in/mf/153276,2026-10-04 12:05:50.529298+00:00
S6:153284,https://api.mfapi.in/mf/153284,2026-10-04 11:51:24.494548+00:00
S6:153286,https://api.mfapi.in/mf/153286,2026-09-26 06:14:25.297474+00:00
S6:153288,https://api.mfapi.in/mf/153288,2026-10-04 12:07:26.498660+00:00
S6:153291,https://api.mfapi.in/mf/153291,2026-09-26 06:31:31.306257+00:00
S6:153293,https://api.mfapi.in/mf/153293,2026-10-04 12:26:26.592420+00:00
S6:153294,https://api.mfapi.in/mf/153294,2026-09-26 06:50:47.304096+00:00
S6:153303,https://api.mfapi.in/mf/153303,2026-09-26 06:15:53.311400+00:00
S6:153304,https://api.mfapi.in/mf/153304,2026-10-04 11:52:52.513525+00:00
S6:153307,https://api.mfapi.in/mf/153307,2026-10-04 11:44:18.546850+00:00
S6:153309,https://api.mfapi.in/mf/153309,2026-09-26 06:06:39.299253+00:00
S6:153311,https://api.mfapi.in/mf/153311,2026-10-04 11:51:26.519864+00:00
S6:153313,https://api.mfapi.in/mf/153313,2026-09-26 06:14:27.301813+00:00
S6:153320,https://api.mfapi.in/mf/153320,2026-09-26 06:25:27.296006+00:00
S6:153323,https://api.mfapi.in/mf/153323,2026-10-04 12:02:06.503065+00:00
S6:153326,https://api.mfapi.in/mf/153326,2026-09-26 06:07:03.298809+00:00
S6:153327,https://api.mfapi.in/mf/153327,2026-10-04 11:44:42.463873+00:00
S6:153328,https://api.mfapi.in/mf/153328,2026-09-26 06:44:15.295980+00:00
S6:153330,https://api.mfapi.in/mf/153330,2026-09-26 06:22:11.308619+00:00
S6:153331,https://api.mfapi.in/mf/153331,2026-10-04 11:59:00.511683+00:00
S6:153332,https://api.mfapi.in/mf/153332,2026-09-26 06:22:09.306818+00:00
S6:153334,https://api.mfapi.in/mf/153334,2026-10-04 12:24:28.497935+00:00
S6:153335,https://api.mfapi.in/mf/153335,2026-09-26 06:48:49.322840+00:00
S6:153337,https://api.mfapi.in/mf/153337,2026-09-26 06:42:57.310312+00:00
S6:153338,https://api.mfapi.in/mf/153338,2026-10-04 12:18:38.510892+00:00
S6:153340,https://api.mfapi.in/mf/153340,2026-09-26 06:42:59.303995+00:00
S6:153342,https://api.mfapi.in/mf/153342,2026-10-04 12:19:54.497305+00:00
S6:153347,https://api.mfapi.in/mf/153347,2026-10-04 12:22:50.499050+00:00
S6:153348,https://api.mfapi.in/mf/153348,2026-09-26 06:47:11.298271+00:00
S6:153349,https://api.mfapi.in/mf/153349,2026-10-04 11:58:42.503195+00:00
S6:153350,https://api.mfapi.in/mf/153350,2026-09-26 06:21:51.298814+00:00
S6:153351,https://api.mfapi.in/mf/153351,2026-10-04 11:51:28.510154+00:00
S6:153353,https://api.mfapi.in/mf/153353,2026-09-26 06:14:29.298911+00:00
S6:153355,https://api.mfapi.in/mf/153355,2026-09-26 06:02:39.299133+00:00
S6:153356,https://api.mfapi.in/mf/153356,2026-10-04 11:40:18.473747+00:00
S6:153357,https://api.mfapi.in/mf/153357,2026-09-26 06:41:55.299086+00:00
S6:153362,https://api.mfapi.in/mf/153362,2026-09-26 07:01:45.301037+00:00
S6:153363,https://api.mfapi.in/mf/153363,2026-10-04 12:36:54.496138+00:00
S6:153364,https://api.mfapi.in/mf/153364,2026-09-26 06:36:13.296228+00:00
S6:153365,https://api.mfapi.in/mf/153365,2026-10-04 12:12:04.545520+00:00
S6:153368,https://api.mfapi.in/mf/153368,2026-09-26 06:05:03.297885+00:00
S6:153371,https://api.mfapi.in/mf/153371,2026-10-04 11:42:40.485403+00:00
S6:153372,https://api.mfapi.in/mf/153372,2026-09-26 06:14:31.300700+00:00
S6:153375,https://api.mfapi.in/mf/153375,2026-10-04 11:51:30.512458+00:00
S6:153376,https://api.mfapi.in/mf/153376,2026-09-26 06:22:31.296170+00:00
S6:153377,https://api.mfapi.in/mf/153377,2026-10-04 11:59:10.517447+00:00
S6:153380,https://api.mfapi.in/mf/153380,2026-09-26 06:53:17.342672+00:00
S6:153382,https://api.mfapi.in/mf/153382,2026-10-04 12:28:58.497255+00:00
S6:153385,https://api.mfapi.in/mf/153385,2026-09-26 06:53:19.343978+00:00
S6:153387,https://api.mfapi.in/mf/153387,2026-10-04 12:29:00.604496+00:00
S6:153389,https://api.mfapi.in/mf/153389,2026-09-26 06:21:53.294705+00:00
S6:153391,https://api.mfapi.in/mf/153391,2026-10-04 11:58:44.523107+00:00
S6:153394,https://api.mfapi.in/mf/153394,2026-09-26 06:09:25.300625+00:00
S6:153396,https://api.mfapi.in/mf/153396,2026-10-04 11:46:18.469609+00:00
S6:153399,https://api.mfapi.in/mf/153399,2026-10-04 11:51:32.495410+00:00
S6:153401,https://api.mfapi.in/mf/153401,2026-09-26 06:14:33.297274+00:00
S6:153404,https://api.mfapi.in/mf/153404,2026-10-04 11:55:40.509740+00:00
S6:153405,https://api.mfapi.in/mf/153405,2026-09-26 06:18:41.329886+00:00
S6:153407,https://api.mfapi.in/mf/153407,2026-09-26 06:21:55.301250+00:00
S6:153408,https://api.mfapi.in/mf/153408,2026-10-04 11:58:46.500029+00:00
S6:153409,https://api.mfapi.in/mf/153409,2026-10-04 11:46:16.557682+00:00
S6:153411,https://api.mfapi.in/mf/153411,2026-09-26 06:09:23.303286+00:00
S6:153413,https://api.mfapi.in/mf/153413,2026-09-26 06:07:25.297647+00:00
S6:153415,https://api.mfapi.in/mf/153415,2026-09-26 06:41:57.381812+00:00
S6:153416,https://api.mfapi.in/mf/153416,2026-09-26 06:48:51.342707+00:00
S6:153419,https://api.mfapi.in/mf/153419,2026-10-04 12:24:30.502527+00:00
S6:153420,https://api.mfapi.in/mf/153420,2026-09-26 06:39:41.303454+00:00
S6:153425,https://api.mfapi.in/mf/153425,2026-10-04 12:15:32.494487+00:00
S6:153426,https://api.mfapi.in/mf/153426,2026-09-26 07:02:41.300845+00:00
S6:153428,https://api.mfapi.in/mf/153428,2026-10-04 12:37:52.500668+00:00
S6:153432,https://api.mfapi.in/mf/153432,2026-09-26 06:25:29.307523+00:00
S6:153434,https://api.mfapi.in/mf/153434,2026-10-04 12:02:08.501686+00:00
S6:153436,https://api.mfapi.in/mf/153436,2026-09-26 06:07:21.300050+00:00
S6:153441,https://api.mfapi.in/mf/153441,2026-10-04 12:30:30.504857+00:00
S6:153442,https://api.mfapi.in/mf/153442,2026-09-26 06:54:47.298299+00:00
S6:153443,https://api.mfapi.in/mf/153443,2026-09-26 06:34:17.297833+00:00
S6:153445,https://api.mfapi.in/mf/153445,2026-10-04 12:10:10.495672+00:00
S6:153447,https://api.mfapi.in/mf/153447,2026-09-26 06:14:35.297446+00:00
S6:153449,https://api.mfapi.in/mf/153449,2026-10-04 11:51:34.515750+00:00
S6:153451,https://api.mfapi.in/mf/153451,2026-09-26 06:22:13.300420+00:00
S6:153453,https://api.mfapi.in/mf/153453,2026-09-26 06:44:17.297608+00:00
S6:153456,https://api.mfapi.in/mf/153456,2026-10-04 12:19:56.592651+00:00
S6:153458,https://api.mfapi.in/mf/153458,2026-09-26 06:09:27.300150+00:00
S6:153459,https://api.mfapi.in/mf/153459,2026-10-04 11:46:20.466773+00:00
S6:153461,https://api.mfapi.in/mf/153461,2026-09-26 06:14:37.299623+00:00
S6:153463,https://api.mfapi.in/mf/153463,2026-10-04 11:51:36.510142+00:00
S6:153465,https://api.mfapi.in/mf/153465,2026-09-26 06:50:01.337904+00:00
S6:153466,https://api.mfapi.in/mf/153466,2026-10-04 12:25:40.498717+00:00
S6:153470,https://api.mfapi.in/mf/153470,2026-09-26 06:29:55.296588+00:00
S6:153472,https://api.mfapi.in/mf/153472,2026-10-04 12:05:54.525696+00:00
S6:153474,https://api.mfapi.in/mf/153474,2026-09-26 06:29:53.297990+00:00
S6:153475,https://api.mfapi.in/mf/153475,2026-10-04 12:05:52.512217+00:00
S6:153477,https://api.mfapi.in/mf/153477,2026-09-26 06:44:19.296210+00:00
S6:153479,https://api.mfapi.in/mf/153479,2026-09-26 06:06:43.300013+00:00
S6:153480,https://api.mfapi.in/mf/153480,2026-10-04 11:44:22.468817+00:00
S6:153482,https://api.mfapi.in/mf/153482,2026-10-04 12:12:06.625547+00:00
S6:153484,https://api.mfapi.in/mf/153484,2026-09-26 06:36:15.300770+00:00
S6:153486,https://api.mfapi.in/mf/153486,2026-10-04 12:22:52.497950+00:00
S6:153487,https://api.mfapi.in/mf/153487,2026-09-26 06:47:13.300662+00:00
S6:153495,https://api.mfapi.in/mf/153495,2026-10-04 12:24:32.511651+00:00
S6:153497,https://api.mfapi.in/mf/153497,2026-09-26 06:48:53.300989+00:00
S6:153498,https://api.mfapi.in/mf/153498,2026-09-26 06:25:31.298294+00:00
S6:153500,https://api.mfapi.in/mf/153500,2026-10-04 12:02:10.496511+00:00
S6:153503,https://api.mfapi.in/mf/153503,2026-10-04 12:19:58.498959+00:00
S6:153506,https://api.mfapi.in/mf/153506,2026-09-26 06:06:41.301595+00:00
S6:153508,https://api.mfapi.in/mf/153508,2026-10-04 11:44:20.464590+00:00
S6:153511,https://api.mfapi.in/mf/153511,2026-10-04 12:15:34.505473+00:00
S6:153513,https://api.mfapi.in/mf/153513,2026-09-26 06:39:43.297038+00:00
S6:153515,https://api.mfapi.in/mf/153515,2026-09-26 06:54:49.297567+00:00
S6:153516,https://api.mfapi.in/mf/153516,2026-10-04 12:30:32.590365+00:00
S6:153517,https://api.mfapi.in/mf/153517,2026-09-26 06:18:43.296931+00:00
S6:153518,https://api.mfapi.in/mf/153518,2026-10-04 11:55:42.512248+00:00
S6:153520,https://api.mfapi.in/mf/153520,2026-09-26 06:01:17.297235+00:00
S6:153525,https://api.mfapi.in/mf/153525,2026-09-26 06:44:21.308217+00:00
S6:153527,https://api.mfapi.in/mf/153527,2026-10-04 12:20:02.512458+00:00
S6:153529,https://api.mfapi.in/mf/153529,2026-09-26 06:22:17.296458+00:00
S6:153530,https://api.mfapi.in/mf/153530,2026-10-04 11:59:02.566497+00:00
S6:153531,https://api.mfapi.in/mf/153531,2026-09-26 06:22:15.297666+00:00
S6:153533,https://api.mfapi.in/mf/153533,2026-10-04 11:43:44.463675+00:00
S6:153534,https://api.mfapi.in/mf/153534,2026-09-26 06:06:05.296328+00:00
S6:153536,https://api.mfapi.in/mf/153536,2026-09-26 06:37:27.300603+00:00
S6:153541,https://api.mfapi.in/mf/153541,2026-10-04 12:13:18.506160+00:00
S6:153542,https://api.mfapi.in/mf/153542,2026-10-04 11:59:12.497464+00:00
S6:153543,https://api.mfapi.in/mf/153543,2026-09-26 06:22:33.294351+00:00
S6:153544,https://api.mfapi.in/mf/153544,2026-10-04 11:46:22.470681+00:00
S6:153546,https://api.mfapi.in/mf/153546,2026-09-26 06:09:29.363257+00:00
S6:153548,https://api.mfapi.in/mf/153548,2026-10-04 12:13:16.518201+00:00
S6:153552,https://api.mfapi.in/mf/153552,2026-09-26 06:37:25.309151+00:00
S6:153554,https://api.mfapi.in/mf/153554,2026-10-04 12:02:12.506156+00:00
S6:153555,https://api.mfapi.in/mf/153555,2026-09-26 06:25:33.322849+00:00
S6:153558,https://api.mfapi.in/mf/153558,2026-09-26 06:36:17.296442+00:00
S6:153561,https://api.mfapi.in/mf/153561,2026-10-04 12:12:08.497941+00:00
S6:153566,https://api.mfapi.in/mf/153566,2026-10-04 12:05:56.496921+00:00
S6:153567,https://api.mfapi.in/mf/153567,2026-09-26 06:29:59.313021+00:00
S6:153569,https://api.mfapi.in/mf/153569,2026-09-26 06:29:57.297856+00:00
S6:153570,https://api.mfapi.in/mf/153570,2026-09-26 06:22:35.309120+00:00
S6:153571,https://api.mfapi.in/mf/153571,2026-10-04 11:59:14.543329+00:00
S6:153573,https://api.mfapi.in/mf/153573,2026-10-04 12:18:40.502217+00:00
S6:153575,https://api.mfapi.in/mf/153575,2026-09-26 06:43:01.378571+00:00
S6:153580,https://api.mfapi.in/mf/153580,2026-10-04 12:15:36.507518+00:00
S6:153581,https://api.mfapi.in/mf/153581,2026-09-26 06:39:45.301138+00:00
S6:153588,https://api.mfapi.in/mf/153588,2026-10-04 12:22:56.496860+00:00
S6:153590,https://api.mfapi.in/mf/153590,2026-09-26 06:47:17.299290+00:00
S6:153592,https://api.mfapi.in/mf/153592,2026-10-04 12:22:54.499104+00:00
S6:153594,https://api.mfapi.in/mf/153594,2026-09-26 06:47:15.297156+00:00
S6:153596,https://api.mfapi.in/mf/153596,2026-09-26 06:36:19.326039+00:00
S6:153597,https://api.mfapi.in/mf/153597,2026-10-04 12:12:10.514976+00:00
S6:153600,https://api.mfapi.in/mf/153600,2026-09-26 06:30:01.329481+00:00
S6:153601,https://api.mfapi.in/mf/153601,2026-10-04 12:05:58.503881+00:00
S6:153602,https://api.mfapi.in/mf/153602,2026-10-04 12:13:20.500532+00:00
S6:153604,https://api.mfapi.in/mf/153604,2026-09-26 06:37:29.296424+00:00
S6:153609,https://api.mfapi.in/mf/153609,2026-10-04 11:44:24.461405+00:00
S6:153612,https://api.mfapi.in/mf/153612,2026-09-26 06:06:45.296139+00:00
S6:153613,https://api.mfapi.in/mf/153613,2026-10-04 11:46:24.556260+00:00
S6:153614,https://api.mfapi.in/mf/153614,2026-09-26 06:09:31.298608+00:00
S6:153619,https://api.mfapi.in/mf/153619,2026-10-04 11:55:44.497030+00:00
S6:153620,https://api.mfapi.in/mf/153620,2026-09-26 06:18:45.298990+00:00
S6:153621,https://api.mfapi.in/mf/153621,2026-10-04 12:34:16.493691+00:00
S6:153624,https://api.mfapi.in/mf/153624,2026-09-26 06:58:59.296267+00:00
S6:153626,https://api.mfapi.in/mf/153626,2026-09-26 06:44:25.296363+00:00
S6:153627,https://api.mfapi.in/mf/153627,2026-10-04 11:56:28.497990+00:00
S6:153629,https://api.mfapi.in/mf/153629,2026-09-26 06:19:35.336942+00:00
S6:153633,https://api.mfapi.in/mf/153633,2026-10-04 12:20:04.591847+00:00
S6:153634,https://api.mfapi.in/mf/153634,2026-09-26 06:53:21.360925+00:00
S6:153636,https://api.mfapi.in/mf/153636,2026-10-04 12:29:02.504602+00:00
S6:153638,https://api.mfapi.in/mf/153638,2026-09-26 06:53:23.296541+00:00
S6:153640,https://api.mfapi.in/mf/153640,2026-10-04 12:29:04.496462+00:00
S6:153644,https://api.mfapi.in/mf/153644,2026-09-26 06:05:23.297461+00:00
S6:153645,https://api.mfapi.in/mf/153645,2026-10-04 11:43:02.464283+00:00
S6:153649,https://api.mfapi.in/mf/153649,2026-09-26 06:34:47.295156+00:00
S6:153650,https://api.mfapi.in/mf/153650,2026-09-26 06:34:49.298692+00:00
S6:153651,https://api.mfapi.in/mf/153651,2026-09-26 06:34:45.298324+00:00
S6:153652,https://api.mfapi.in/mf/153652,2026-10-04 12:18:42.493405+00:00
S6:153654,https://api.mfapi.in/mf/153654,2026-09-26 06:43:03.295986+00:00
S6:153656,https://api.mfapi.in/mf/153656,2026-09-26 06:07:27.302243+00:00
S6:153659,https://api.mfapi.in/mf/153659,2026-10-04 11:51:38.499861+00:00
S6:153660,https://api.mfapi.in/mf/153660,2026-09-26 06:14:39.298164+00:00
S6:153662,https://api.mfapi.in/mf/153662,2026-09-26 06:25:35.310444+00:00
S6:153663,https://api.mfapi.in/mf/153663,2026-10-04 12:02:14.533143+00:00
S6:153667,https://api.mfapi.in/mf/153667,2026-10-04 12:35:34.495524+00:00
S6:153669,https://api.mfapi.in/mf/153669,2026-09-26 07:00:17.299030+00:00
S6:153674,https://api.mfapi.in/mf/153674,2026-09-26 06:15:55.298482+00:00
S6:153675,https://api.mfapi.in/mf/153675,2026-10-04 11:52:54.493734+00:00
S6:153676,https://api.mfapi.in/mf/153676,2026-10-04 11:46:26.460055+00:00
S6:153679,https://api.mfapi.in/mf/153679,2026-09-26 06:09:33.296176+00:00
S6:153680,https://api.mfapi.in/mf/153680,2026-09-26 06:14:41.298237+00:00
S6:153683,https://api.mfapi.in/mf/153683,2026-10-04 11:51:40.497242+00:00
S6:153684,https://api.mfapi.in/mf/153684,2026-09-26 06:09:35.295808+00:00
S6:153685,https://api.mfapi.in/mf/153685,2026-10-04 11:46:28.465503+00:00
S6:153691,https://api.mfapi.in/mf/153691,2026-10-04 12:06:00.513651+00:00
S6:153693,https://api.mfapi.in/mf/153693,2026-09-26 06:30:03.325824+00:00
S6:153695,https://api.mfapi.in/mf/153695,2026-10-04 12:07:28.509239+00:00
S6:153697,https://api.mfapi.in/mf/153697,2026-09-26 06:31:33.297510+00:00
S6:153700,https://api.mfapi.in/mf/153700,2026-10-04 12:17:42.497545+00:00
S6:153703,https://api.mfapi.in/mf/153703,2026-09-26 06:41:59.324797+00:00
S6:153704,https://api.mfapi.in/mf/153704,2026-09-26 06:44:23.295506+00:00
S6:153705,https://api.mfapi.in/mf/153705,2026-09-26 07:02:43.298317+00:00
S6:153707,https://api.mfapi.in/mf/153707,2026-10-04 12:37:54.588384+00:00
S6:153710,https://api.mfapi.in/mf/153710,2026-10-04 12:20:00.500482+00:00
S6:153712,https://api.mfapi.in/mf/153712,2026-09-26 06:48:55.387481+00:00
S6:153713,https://api.mfapi.in/mf/153713,2026-10-04 12:24:34.515935+00:00
S6:153716,https://api.mfapi.in/mf/153716,2026-10-04 12:02:16.497395+00:00
S6:153718,https://api.mfapi.in/mf/153718,2026-09-26 06:25:37.298004+00:00
S6:153721,https://api.mfapi.in/mf/153721,2026-10-04 11:58:48.496293+00:00
S6:153722,https://api.mfapi.in/mf/153722,2026-09-26 06:21:57.327038+00:00
S6:153725,https://api.mfapi.in/mf/153725,2026-09-26 06:30:05.305425+00:00
S6:153726,https://api.mfapi.in/mf/153726,2026-10-04 12:26:28.497855+00:00
S6:153728,https://api.mfapi.in/mf/153728,2026-09-26 06:50:49.297636+00:00
S6:153731,https://api.mfapi.in/mf/153731,2026-09-26 06:05:05.296234+00:00
S6:153733,https://api.mfapi.in/mf/153733,2026-10-04 11:42:42.465565+00:00
S6:153735,https://api.mfapi.in/mf/153735,2026-10-04 12:10:12.498675+00:00
S6:153736,https://api.mfapi.in/mf/153736,2026-09-26 06:34:19.312658+00:00
S6:153738,https://api.mfapi.in/mf/153738,2026-09-26 06:34:37.295038+00:00
S6:153739,https://api.mfapi.in/mf/153739,2026-10-04 12:10:30.560570+00:00
S6:153740,https://api.mfapi.in/mf/153740,2026-09-26 06:34:21.295556+00:00
S6:153742,https://api.mfapi.in/mf/153742,2026-10-04 12:10:14.510165+00:00
S6:153745,https://api.mfapi.in/mf/153745,2026-09-26 06:44:27.296733+00:00
S6:153748,https://api.mfapi.in/mf/153748,2026-10-04 12:20:06.500735+00:00
S6:153749,https://api.mfapi.in/mf/153749,2026-09-26 06:36:21.298057+00:00
S6:153751,https://api.mfapi.in/mf/153751,2026-10-04 12:12:12.552686+00:00
S6:153753,https://api.mfapi.in/mf/153753,2026-09-26 06:14:43.300608+00:00
S6:153756,https://api.mfapi.in/mf/153756,2026-10-04 11:51:42.495355+00:00
S6:153757,https://api.mfapi.in/mf/153757,2026-09-26 06:07:29.304198+00:00
S6:153758,https://api.mfapi.in/mf/153758,2026-09-26 06:06:47.298461+00:00
S6:153769,https://api.mfapi.in/mf/153769,2026-10-04 11:44:26.564557+00:00
S6:153772,https://api.mfapi.in/mf/153772,2026-10-04 12:17:44.499888+00:00
S6:153774,https://api.mfapi.in/mf/153774,2026-09-26 06:42:01.377371+00:00
S6:153776,https://api.mfapi.in/mf/153776,2026-09-26 06:48:57.361837+00:00
S6:153779,https://api.mfapi.in/mf/153779,2026-10-04 12:24:36.497378+00:00
S6:153781,https://api.mfapi.in/mf/153781,2026-09-26 06:14:45.297491+00:00
S6:153784,https://api.mfapi.in/mf/153784,2026-10-04 11:51:44.509080+00:00
S6:153786,https://api.mfapi.in/mf/153786,2026-09-26 06:44:29.297525+00:00
S6:153787,https://api.mfapi.in/mf/153787,2026-09-26 06:34:51.298036+00:00
S6:153788,https://api.mfapi.in/mf/153788,2026-09-26 06:34:57.303209+00:00
S6:153789,https://api.mfapi.in/mf/153789,2026-09-26 06:34:59.302995+00:00
S6:153790,https://api.mfapi.in/mf/153790,2026-09-26 06:34:53.299642+00:00
S6:153791,https://api.mfapi.in/mf/153791,2026-09-26 06:34:55.295749+00:00
S6:153794,https://api.mfapi.in/mf/153794,2026-10-04 12:13:22.494771+00:00
S6:153795,https://api.mfapi.in/mf/153795,2026-09-26 06:37:31.449793+00:00
S6:153798,https://api.mfapi.in/mf/153798,2026-10-04 12:20:08.540796+00:00
S6:153801,https://api.mfapi.in/mf/153801,2026-09-26 06:47:19.296743+00:00
S6:153802,https://api.mfapi.in/mf/153802,2026-10-04 12:22:58.500526+00:00
S6:153804,https://api.mfapi.in/mf/153804,2026-09-26 06:05:25.295763+00:00
S6:153805,https://api.mfapi.in/mf/153805,2026-10-04 11:43:04.504036+00:00
S6:153806,https://api.mfapi.in/mf/153806,2026-09-26 06:30:09.311636+00:00
S6:153809,https://api.mfapi.in/mf/153809,2026-10-04 12:06:02.591890+00:00
S6:153810,https://api.mfapi.in/mf/153810,2026-09-26 06:30:07.297988+00:00
S6:153811,https://api.mfapi.in/mf/153811,2026-09-26 06:07:31.298508+00:00
S6:153812,https://api.mfapi.in/mf/153812,2026-09-26 06:53:27.299254+00:00
S6:153814,https://api.mfapi.in/mf/153814,2026-10-04 12:29:08.591801+00:00
S6:153816,https://api.mfapi.in/mf/153816,2026-09-26 06:53:25.301747+00:00
S6:153818,https://api.mfapi.in/mf/153818,2026-10-04 12:29:06.508231+00:00
S6:153821,https://api.mfapi.in/mf/153821,2026-09-26 06:44:31.294631+00:00
S6:153822,https://api.mfapi.in/mf/153822,2026-10-04 12:18:44.506915+00:00
S6:153824,https://api.mfapi.in/mf/153824,2026-09-26 06:43:05.295606+00:00
S6:153826,https://api.mfapi.in/mf/153826,2026-09-26 06:22:21.296389+00:00
S6:153827,https://api.mfapi.in/mf/153827,2026-09-26 06:22:19.304270+00:00
S6:153828,https://api.mfapi.in/mf/153828,2026-10-04 11:59:04.511755+00:00
S6:153829,https://api.mfapi.in/mf/153829,2026-09-26 06:59:01.301997+00:00
S6:153830,https://api.mfapi.in/mf/153830,2026-10-04 12:34:18.500444+00:00
S6:153831,https://api.mfapi.in/mf/153831,2026-10-04 12:02:18.494641+00:00
S6:153832,https://api.mfapi.in/mf/153832,2026-09-26 06:25:39.487771+00:00
S6:153837,https://api.mfapi.in/mf/153837,2026-09-26 06:07:33.297279+00:00
S6:153838,https://api.mfapi.in/mf/153838,2026-09-26 06:21:59.298920+00:00
S6:153839,https://api.mfapi.in/mf/153839,2026-10-04 11:58:50.501253+00:00
S6:153844,https://api.mfapi.in/mf/153844,2026-10-04 12:13:24.497111+00:00
S6:153847,https://api.mfapi.in/mf/153847,2026-09-26 06:37:33.296761+00:00
S6:153851,https://api.mfapi.in/mf/153851,2026-10-04 12:20:10.509444+00:00
S6:153855,https://api.mfapi.in/mf/153855,2026-10-04 12:15:38.599986+00:00
S6:153858,https://api.mfapi.in/mf/153858,2026-09-26 06:39:47.294535+00:00
S6:153859,https://api.mfapi.in/mf/153859,2026-09-26 06:35:01.296658+00:00
S6:153860,https://api.mfapi.in/mf/153860,2026-09-26 06:18:47.302345+00:00
S6:153861,https://api.mfapi.in/mf/153861,2026-10-04 11:55:46.502124+00:00
S6:153865,https://api.mfapi.in/mf/153865,2026-10-04 11:46:30.482657+00:00
S6:153867,https://api.mfapi.in/mf/153867,2026-09-26 06:09:37.295894+00:00
S6:153868,https://api.mfapi.in/mf/153868,2026-09-26 06:06:07.298678+00:00
S6:153869,https://api.mfapi.in/mf/153869,2026-10-04 11:43:46.467666+00:00
S6:153870,https://api.mfapi.in/mf/153870,2026-10-04 12:15:44.501231+00:00
S6:153872,https://api.mfapi.in/mf/153872,2026-09-26 06:39:53.297759+00:00
S6:153875,https://api.mfapi.in/mf/153875,2026-09-26 06:14:47.299334+00:00
S6:153877,https://api.mfapi.in/mf/153877,2026-10-04 11:51:46.499815+00:00
S6:153879,https://api.mfapi.in/mf/153879,2026-09-26 06:59:03.300672+00:00
S6:153880,https://api.mfapi.in/mf/153880,2026-10-04 12:34:20.495786+00:00
S6:153883,https://api.mfapi.in/mf/153883,2026-09-26 06:39:55.294704+00:00
S6:153888,https://api.mfapi.in/mf/153888,2026-10-04 12:15:46.593895+00:00
S6:153891,https://api.mfapi.in/mf/153891,2026-09-26 06:39:59.298670+00:00
S6:153892,https://api.mfapi.in/mf/153892,2026-10-04 12:15:50.508474+00:00
S6:153895,https://api.mfapi.in/mf/153895,2026-09-26 06:39:57.295810+00:00
S6:153897,https://api.mfapi.in/mf/153897,2026-10-04 12:15:48.497592+00:00
S6:153900,https://api.mfapi.in/mf/153900,2026-09-26 06:31:35.295017+00:00
S6:153902,https://api.mfapi.in/mf/153902,2026-10-04 12:07:30.525984+00:00
S6:153905,https://api.mfapi.in/mf/153905,2026-09-26 06:07:37.298404+00:00
S6:153906,https://api.mfapi.in/mf/153906,2026-09-26 06:07:35.305069+00:00
S6:153908,https://api.mfapi.in/mf/153908,2026-09-26 06:44:33.298480+00:00
S6:153909,https://api.mfapi.in/mf/153909,2026-10-04 11:44:44.462782+00:00
S6:153912,https://api.mfapi.in/mf/153912,2026-09-26 06:07:05.295670+00:00
S6:153918,https://api.mfapi.in/mf/153918,2026-10-04 12:20:12.786130+00:00
S6:153921,https://api.mfapi.in/mf/153921,2026-09-26 06:14:49.295914+00:00
S6:153922,https://api.mfapi.in/mf/153922,2026-10-04 11:51:48.497000+00:00
S6:153924,https://api.mfapi.in/mf/153924,2026-09-26 06:59:05.302097+00:00
S6:153927,https://api.mfapi.in/mf/153927,2026-10-04 12:34:22.512893+00:00
S6:153932,https://api.mfapi.in/mf/153932,2026-09-26 06:07:39.297749+00:00
S6:153933,https://api.mfapi.in/mf/153933,2026-09-26 06:40:21.311758+00:00
S6:153935,https://api.mfapi.in/mf/153935,2026-10-04 11:44:28.563691+00:00
S6:153937,https://api.mfapi.in/mf/153937,2026-09-26 06:06:49.296408+00:00
S6:153939,https://api.mfapi.in/mf/153939,2026-09-26 06:44:35.370553+00:00
S6:153942,https://api.mfapi.in/mf/153942,2026-09-26 06:05:07.296511+00:00
S6:153943,https://api.mfapi.in/mf/153943,2026-10-04 11:42:44.470309+00:00
S6:153948,https://api.mfapi.in/mf/153948,2026-09-26 06:51:43.296528+00:00
S6:153950,https://api.mfapi.in/mf/153950,2026-10-04 12:27:24.496728+00:00
S6:153953,https://api.mfapi.in/mf/153953,2026-10-04 12:20:14.512826+00:00
S6:153955,https://api.mfapi.in/mf/153955,2026-10-04 11:59:06.495054+00:00
S6:153956,https://api.mfapi.in/mf/153956,2026-09-26 06:22:23.297796+00:00
S6:153957,https://api.mfapi.in/mf/153957,2026-09-26 06:22:25.294979+00:00
S6:153958,https://api.mfapi.in/mf/153958,2026-10-04 11:55:48.511142+00:00
S6:153959,https://api.mfapi.in/mf/153959,2026-09-26 06:18:49.301223+00:00
S6:153960,https://api.mfapi.in/mf/153960,2026-09-26 06:59:07.296302+00:00
S6:153963,https://api.mfapi.in/mf/153963,2026-10-04 12:34:24.497609+00:00
S6:153969,https://api.mfapi.in/mf/153969,2026-10-04 11:51:50.493981+00:00
S6:153970,https://api.mfapi.in/mf/153970,2026-09-26 06:14:51.298441+00:00
S6:153972,https://api.mfapi.in/mf/153972,2026-09-26 06:22:01.294755+00:00
S6:153974,https://api.mfapi.in/mf/153974,2026-10-04 11:58:52.511705+00:00
S6:153977,https://api.mfapi.in/mf/153977,2026-10-04 11:44:50.462531+00:00
S6:153979,https://api.mfapi.in/mf/153979,2026-09-26 06:07:55.297064+00:00
S6:153982,https://api.mfapi.in/mf/153982,2026-09-26 06:44:37.303030+00:00
S6:153983,https://api.mfapi.in/mf/153983,2026-09-26 06:53:29.296784+00:00
S6:153985,https://api.mfapi.in/mf/153985,2026-10-04 12:29:10.498826+00:00
S6:153987,https://api.mfapi.in/mf/153987,2026-09-26 06:43:09.298502+00:00
S6:153988,https://api.mfapi.in/mf/153988,2026-10-04 12:18:48.496916+00:00
S6:153992,https://api.mfapi.in/mf/153992,2026-10-04 12:20:16.534469+00:00
S6:153999,https://api.mfapi.in/mf/153999,2026-09-26 06:40:01.295655+00:00
S6:154002,https://api.mfapi.in/mf/154002,2026-10-04 12:15:52.501019+00:00
S6:154006,https://api.mfapi.in/mf/154006,2026-10-04 11:52:56.510041+00:00
S6:154007,https://api.mfapi.in/mf/154007,2026-09-26 06:15:57.298004+00:00
S6:154010,https://api.mfapi.in/mf/154010,2026-10-04 12:10:32.495647+00:00
S6:154011,https://api.mfapi.in/mf/154011,2026-09-26 06:34:39.296452+00:00
S6:154012,https://api.mfapi.in/mf/154012,2026-10-04 12:23:00.503997+00:00
S6:154014,https://api.mfapi.in/mf/154014,2026-09-26 06:47:21.296667+00:00
S6:154016,https://api.mfapi.in/mf/154016,2026-10-04 12:23:02.493430+00:00
S6:154018,https://api.mfapi.in/mf/154018,2026-09-26 06:47:23.298512+00:00
S6:154020,https://api.mfapi.in/mf/154020,2026-09-26 06:43:07.295455+00:00
S6:154022,https://api.mfapi.in/mf/154022,2026-10-04 12:18:46.495157+00:00
S6:154026,https://api.mfapi.in/mf/154026,2026-10-04 12:36:56.539797+00:00
S6:154027,https://api.mfapi.in/mf/154027,2026-09-26 07:01:47.296795+00:00
S6:154028,https://api.mfapi.in/mf/154028,2026-09-26 06:44:39.295538+00:00
S6:154030,https://api.mfapi.in/mf/154030,2026-10-04 11:51:52.514033+00:00
S6:154032,https://api.mfapi.in/mf/154032,2026-09-26 06:14:53.297457+00:00
S6:154041,https://api.mfapi.in/mf/154041,2026-10-04 12:16:08.548079+00:00
S6:154043,https://api.mfapi.in/mf/154043,2026-09-26 06:40:15.295410+00:00
S6:154047,https://api.mfapi.in/mf/154047,2026-10-04 12:16:06.560634+00:00
S6:154051,https://api.mfapi.in/mf/154051,2026-09-26 06:40:13.296650+00:00
S6:154057,https://api.mfapi.in/mf/154057,2026-10-04 12:20:18.528058+00:00
S6:154063,https://api.mfapi.in/mf/154063,2026-09-26 06:44:41.304041+00:00
S6:154064,https://api.mfapi.in/mf/154064,2026-10-04 12:15:40.494883+00:00
S6:154066,https://api.mfapi.in/mf/154066,2026-09-26 06:39:49.296743+00:00
S6:154072,https://api.mfapi.in/mf/154072,2026-09-26 06:48:59.315690+00:00
S6:154075,https://api.mfapi.in/mf/154075,2026-10-04 12:24:38.510372+00:00
S6:154076,https://api.mfapi.in/mf/154076,2026-09-26 06:35:03.295297+00:00
S6:154077,https://api.mfapi.in/mf/154077,2026-10-04 12:34:26.501501+00:00
S6:154078,https://api.mfapi.in/mf/154078,2026-09-26 06:59:09.356735+00:00
S6:154079,https://api.mfapi.in/mf/154079,2026-09-26 06:35:05.299168+00:00
S6:154081,https://api.mfapi.in/mf/154081,2026-09-26 06:35:07.296519+00:00
S6:154082,https://api.mfapi.in/mf/154082,2026-09-26 06:35:09.295889+00:00
S6:154088,https://api.mfapi.in/mf/154088,2026-09-26 06:47:25.296217+00:00
S6:154090,https://api.mfapi.in/mf/154090,2026-10-04 12:23:04.496367+00:00
S6:154093,https://api.mfapi.in/mf/154093,2026-09-26 06:50:51.297769+00:00
S6:154095,https://api.mfapi.in/mf/154095,2026-10-04 12:26:30.533972+00:00
S6:154097,https://api.mfapi.in/mf/154097,2026-09-26 06:14:55.296009+00:00
S6:154099,https://api.mfapi.in/mf/154099,2026-10-04 11:51:54.534827+00:00
S6:154102,https://api.mfapi.in/mf/154102,2026-10-04 12:20:20.594260+00:00
S6:154107,https://api.mfapi.in/mf/154107,2026-10-04 12:24:40.529012+00:00
S6:154108,https://api.mfapi.in/mf/154108,2026-09-26 06:49:01.296241+00:00
S6:154109,https://api.mfapi.in/mf/154109,2026-09-26 06:07:41.304338+00:00
S6:154112,https://api.mfapi.in/mf/154112,2026-09-26 06:36:23.296973+00:00
S6:154113,https://api.mfapi.in/mf/154113,2026-10-04 12:12:14.671535+00:00
S6:154114,https://api.mfapi.in/mf/154114,2026-09-26 06:06:09.296896+00:00
S6:154115,https://api.mfapi.in/mf/154115,2026-10-04 11:43:48.461699+00:00
S6:154120,https://api.mfapi.in/mf/154120,2026-10-04 11:52:58.499861+00:00
S6:154121,https://api.mfapi.in/mf/154121,2026-09-26 06:15:59.297101+00:00
S6:154123,https://api.mfapi.in/mf/154123,2026-09-26 07:00:19.297041+00:00
S6:154127,https://api.mfapi.in/mf/154127,2026-10-04 12:35:36.496113+00:00
S6:154129,https://api.mfapi.in/mf/154129,2026-09-26 06:22:03.298139+00:00
S6:154130,https://api.mfapi.in/mf/154130,2026-10-04 11:58:54.500429+00:00
S6:154131,https://api.mfapi.in/mf/154131,2026-09-26 06:40:03.295157+00:00
S6:154133,https://api.mfapi.in/mf/154133,2026-10-04 12:15:54.596060+00:00
S6:154135,https://api.mfapi.in/mf/154135,2026-10-04 11:58:56.603990+00:00
S6:154136,https://api.mfapi.in/mf/154136,2026-09-26 06:22:05.297073+00:00
S6:154137,https://api.mfapi.in/mf/154137,2026-10-04 12:12:16.632220+00:00
S6:154142,https://api.mfapi.in/mf/154142,2026-09-26 06:36:25.298510+00:00
S6:154143,https://api.mfapi.in/mf/154143,2026-10-04 12:20:58.545590+00:00
S6:154144,https://api.mfapi.in/mf/154144,2026-09-26 06:45:11.351604+00:00
S6:154145,https://api.mfapi.in/mf/154145,2026-09-26 06:14:57.299169+00:00
S6:154148,https://api.mfapi.in/mf/154148,2026-10-04 11:51:56.520344+00:00
S6:154149,https://api.mfapi.in/mf/154149,2026-09-26 06:14:59.296637+00:00
S6:154151,https://api.mfapi.in/mf/154151,2026-10-04 11:51:58.509213+00:00
S6:154154,https://api.mfapi.in/mf/154154,2026-10-04 12:34:54.534965+00:00
S6:154155,https://api.mfapi.in/mf/154155,2026-09-26 06:59:37.297718+00:00
S6:154157,https://api.mfapi.in/mf/154157,2026-09-26 06:01:59.367420+00:00
S6:154159,https://api.mfapi.in/mf/154159,2026-10-04 11:39:38.470799+00:00
S6:154161,https://api.mfapi.in/mf/154161,2026-09-26 06:02:41.297825+00:00
S6:154162,https://api.mfapi.in/mf/154162,2026-10-04 11:40:20.484336+00:00
S6:154164,https://api.mfapi.in/mf/154164,2026-09-26 06:44:43.380663+00:00
S6:154165,https://api.mfapi.in/mf/154165,2026-10-04 12:23:06.500715+00:00
S6:154167,https://api.mfapi.in/mf/154167,2026-09-26 06:47:27.298379+00:00
S6:154170,https://api.mfapi.in/mf/154170,2026-10-04 12:34:28.495091+00:00
S6:154171,https://api.mfapi.in/mf/154171,2026-09-26 06:59:11.301885+00:00
S6:154173,https://api.mfapi.in/mf/154173,2026-10-04 12:20:22.513013+00:00
S6:154175,https://api.mfapi.in/mf/154175,2026-10-04 12:02:20.503937+00:00
S6:154177,https://api.mfapi.in/mf/154177,2026-09-26 06:25:41.295315+00:00
S6:154179,https://api.mfapi.in/mf/154179,2026-09-26 06:18:51.294383+00:00
S6:154180,https://api.mfapi.in/mf/154180,2026-10-04 11:55:50.496353+00:00
S6:154183,https://api.mfapi.in/mf/154183,2026-10-04 12:15:56.493558+00:00
S6:154185,https://api.mfapi.in/mf/154185,2026-09-26 06:40:05.366432+00:00
S6:154187,https://api.mfapi.in/mf/154187,2026-09-26 06:53:31.294766+00:00
S6:154189,https://api.mfapi.in/mf/154189,2026-10-04 12:29:12.495206+00:00
S6:154194,https://api.mfapi.in/mf/154194,2026-10-04 12:13:26.512596+00:00
S6:154195,https://api.mfapi.in/mf/154195,2026-09-26 06:37:35.296669+00:00
S6:154197,https://api.mfapi.in/mf/154197,2026-09-26 06:54:53.295789+00:00
S6:154198,https://api.mfapi.in/mf/154198,2026-10-04 12:30:34.588719+00:00
S6:154200,https://api.mfapi.in/mf/154200,2026-09-26 06:44:45.296458+00:00
S6:154203,https://api.mfapi.in/mf/154203,2026-10-04 11:44:30.462257+00:00
S6:154204,https://api.mfapi.in/mf/154204,2026-09-26 06:06:51.295189+00:00
S6:154205,https://api.mfapi.in/mf/154205,2026-09-26 06:22:29.309321+00:00
S6:154206,https://api.mfapi.in/mf/154206,2026-09-26 06:22:27.301543+00:00
S6:154207,https://api.mfapi.in/mf/154207,2026-10-04 11:59:08.503111+00:00
S6:154208,https://api.mfapi.in/mf/154208,2026-09-26 06:49:03.302496+00:00
S6:154209,https://api.mfapi.in/mf/154209,2026-10-04 12:24:42.499656+00:00
S6:154210,https://api.mfapi.in/mf/154210,2026-09-26 06:05:27.296169+00:00
S6:154211,https://api.mfapi.in/mf/154211,2026-10-04 11:43:06.465205+00:00
S6:154214,https://api.mfapi.in/mf/154214,2026-10-04 12:16:10.608472+00:00
S6:154215,https://api.mfapi.in/mf/154215,2026-09-26 06:40:17.295744+00:00
S6:154216,https://api.mfapi.in/mf/154216,2026-09-26 06:53:33.297604+00:00
S6:154218,https://api.mfapi.in/mf/154218,2026-10-04 12:29:14.501008+00:00
S6:154223,https://api.mfapi.in/mf/154223,2026-10-04 12:20:24.509348+00:00
S6:154225,https://api.mfapi.in/mf/154225,2026-09-26 06:07:57.295576+00:00
S6:154226,https://api.mfapi.in/mf/154226,2026-10-04 11:44:52.461418+00:00
S6:154231,https://api.mfapi.in/mf/154231,2026-10-04 12:10:34.503097+00:00
S6:154232,https://api.mfapi.in/mf/154232,2026-09-26 06:34:41.295235+00:00
S6:154233,https://api.mfapi.in/mf/154233,2026-10-04 12:10:36.496374+00:00
S6:154236,https://api.mfapi.in/mf/154236,2026-09-26 06:34:43.299633+00:00
S6:154240,https://api.mfapi.in/mf/154240,2026-09-26 06:59:13.295036+00:00
S6:154241,https://api.mfapi.in/mf/154241,2026-10-04 12:34:30.528947+00:00
S6:154244,https://api.mfapi.in/mf/154244,2026-09-26 06:51:45.296030+00:00
S6:154247,https://api.mfapi.in/mf/154247,2026-10-04 12:27:26.532990+00:00
S6:154248,https://api.mfapi.in/mf/154248,2026-10-04 12:25:42.495230+00:00
S6:154250,https://api.mfapi.in/mf/154250,2026-09-26 06:50:03.297744+00:00
S6:154252,https://api.mfapi.in/mf/154252,2026-09-26 06:30:11.304891+00:00
S6:154255,https://api.mfapi.in/mf/154255,2026-10-04 12:06:04.521902+00:00
S6:154257,https://api.mfapi.in/mf/154257,2026-09-26 06:07:07.295361+00:00
S6:154258,https://api.mfapi.in/mf/154258,2026-10-04 11:44:46.466515+00:00
S6:154261,https://api.mfapi.in/mf/154261,2026-10-04 11:55:52.513026+00:00
S6:154262,https://api.mfapi.in/mf/154262,2026-09-26 06:18:53.294827+00:00
S6:154265,https://api.mfapi.in/mf/154265,2026-10-04 11:46:32.597711+00:00
S6:154266,https://api.mfapi.in/mf/154266,2026-09-26 06:09:39.303083+00:00
S6:154268,https://api.mfapi.in/mf/154268,2026-10-04 12:15:58.506644+00:00
S6:154269,https://api.mfapi.in/mf/154269,2026-09-26 06:40:07.295950+00:00
S6:154271,https://api.mfapi.in/mf/154271,2026-09-26 06:30:13.302350+00:00
S6:154274,https://api.mfapi.in/mf/154274,2026-10-04 12:06:06.497821+00:00
S6:154275,https://api.mfapi.in/mf/154275,2026-09-26 06:15:01.296474+00:00
S6:154276,https://api.mfapi.in/mf/154276,2026-10-04 11:52:00.568294+00:00
S6:154278,https://api.mfapi.in/mf/154278,2026-09-26 06:44:47.293960+00:00
S6:154279,https://api.mfapi.in/mf/154279,2026-09-26 06:53:35.294846+00:00
S6:154281,https://api.mfapi.in/mf/154281,2026-10-04 12:29:16.589305+00:00
S6:154284,https://api.mfapi.in/mf/154284,2026-10-04 12:20:26.499779+00:00
S6:154286,https://api.mfapi.in/mf/154286,2026-10-04 11:52:02.541800+00:00
S6:154287,https://api.mfapi.in/mf/154287,2026-09-26 06:15:03.296308+00:00
S6:154290,https://api.mfapi.in/mf/154290,2026-10-04 12:34:32.494053+00:00
S6:154292,https://api.mfapi.in/mf/154292,2026-09-26 06:59:15.293512+00:00
S6:154294,https://api.mfapi.in/mf/154294,2026-09-26 06:41:17.295034+00:00
S6:154295,https://api.mfapi.in/mf/154295,2026-09-26 06:41:19.297486+00:00
S6:154298,https://api.mfapi.in/mf/154298,2026-10-04 12:17:08.527769+00:00
S6:154301,https://api.mfapi.in/mf/154301,2026-09-26 06:40:23.296601+00:00
S6:154302,https://api.mfapi.in/mf/154302,2026-10-04 12:16:14.537383+00:00
S6:154303,https://api.mfapi.in/mf/154303,2026-10-04 12:16:16.529124+00:00
S6:154304,https://api.mfapi.in/mf/154304,2026-09-26 06:40:25.295188+00:00
S6:154306,https://api.mfapi.in/mf/154306,2026-09-26 06:07:43.298079+00:00
S6:154307,https://api.mfapi.in/mf/154307,2026-09-26 06:35:11.303397+00:00
S6:154308,https://api.mfapi.in/mf/154308,2026-09-26 06:18:55.298264+00:00
S6:154309,https://api.mfapi.in/mf/154309,2026-10-04 11:55:54.496804+00:00
S6:154310,https://api.mfapi.in/mf/154310,2026-09-26 06:49:05.393048+00:00
S6:154312,https://api.mfapi.in/mf/154312,2026-10-04 12:24:44.493042+00:00
S6:154316,https://api.mfapi.in/mf/154316,2026-09-26 06:15:05.295628+00:00
S6:154319,https://api.mfapi.in/mf/154319,2026-10-04 11:52:04.510107+00:00
S6:154320,https://api.mfapi.in/mf/154320,2026-09-26 06:44:49.294594+00:00
S6:154321,https://api.mfapi.in/mf/154321,2026-09-26 06:07:45.299667+00:00
S6:154325,https://api.mfapi.in/mf/154325,2026-10-04 12:20:28.592606+00:00
S6:154326,https://api.mfapi.in/mf/154326,2026-09-26 06:59:17.299623+00:00
S6:154327,https://api.mfapi.in/mf/154327,2026-10-04 12:34:34.502024+00:00
S6:154328,https://api.mfapi.in/mf/154328,2026-10-04 12:02:24.493916+00:00
S6:154329,https://api.mfapi.in/mf/154329,2026-10-04 12:02:22.505032+00:00
S6:154331,https://api.mfapi.in/mf/154331,2026-09-26 06:25:43.294217+00:00
S6:154334,https://api.mfapi.in/mf/154334,2026-09-26 06:25:45.298939+00:00
S6:154337,https://api.mfapi.in/mf/154337,2026-09-26 06:36:27.295612+00:00
S6:154339,https://api.mfapi.in/mf/154339,2026-10-04 12:12:18.539335+00:00
S6:154340,https://api.mfapi.in/mf/154340,2026-09-26 06:31:37.294892+00:00
S6:154342,https://api.mfapi.in/mf/154342,2026-10-04 12:07:32.506859+00:00
S6:154343,https://api.mfapi.in/mf/154343,2026-09-26 06:31:39.308083+00:00
S6:154344,https://api.mfapi.in/mf/154344,2026-10-04 12:07:34.501942+00:00
S6:154346,https://api.mfapi.in/mf/154346,2026-09-26 06:44:51.294081+00:00
S6:154348,https://api.mfapi.in/mf/154348,2026-09-26 06:59:19.294901+00:00
S6:154349,https://api.mfapi.in/mf/154349,2026-10-04 12:34:36.494330+00:00
S6:154350,https://api.mfapi.in/mf/154350,2026-10-04 12:20:30.512802+00:00
S6:154355,https://api.mfapi.in/mf/154355,2026-09-26 06:18:57.293930+00:00
S6:154356,https://api.mfapi.in/mf/154356,2026-10-04 11:55:56.552033+00:00
S6:154362,https://api.mfapi.in/mf/154362,2026-10-04 12:02:26.491659+00:00
S6:154363,https://api.mfapi.in/mf/154363,2026-10-04 12:02:28.506706+00:00
S6:154364,https://api.mfapi.in/mf/154364,2026-09-26 06:36:29.355339+00:00
S6:154366,https://api.mfapi.in/mf/154366,2026-09-26 06:42:03.296709+00:00
S6:154370,https://api.mfapi.in/mf/154370,2026-09-26 06:25:49.295841+00:00
S6:154372,https://api.mfapi.in/mf/154372,2026-09-26 06:25:47.370970+00:00
S6:154381,https://api.mfapi.in/mf/154381,2026-09-26 06:40:09.295068+00:00
S6:154382,https://api.mfapi.in/mf/154382,2026-10-04 12:16:00.504567+00:00
S6:154383,https://api.mfapi.in/mf/154383,2026-09-26 06:44:53.359853+00:00
S6:154387,https://api.mfapi.in/mf/154387,2026-10-04 12:20:32.492756+00:00
S6:154388,https://api.mfapi.in/mf/154388,2026-09-26 06:12:49.510934+00:00
S6:154389,https://api.mfapi.in/mf/154389,2026-10-04 11:49:46.462272+00:00
S6:154392,https://api.mfapi.in/mf/154392,2026-09-26 06:02:43.295427+00:00
S6:154393,https://api.mfapi.in/mf/154393,2026-10-04 11:40:22.490348+00:00
S6:154394,https://api.mfapi.in/mf/154394,2026-09-26 06:45:13.338459+00:00
S6:154399,https://api.mfapi.in/mf/154399,2026-10-04 12:21:00.595315+00:00
S6:154405,https://api.mfapi.in/mf/154405,2026-10-04 12:15:42.507462+00:00
S6:154409,https://api.mfapi.in/mf/154409,2026-09-26 06:39:51.295939+00:00
S6:154413,https://api.mfapi.in/mf/154413,2026-09-26 06:40:27.296944+00:00
S6:154415,https://api.mfapi.in/mf/154415,2026-10-04 12:16:18.590373+00:00
S6:154417,https://api.mfapi.in/mf/154417,2026-09-26 06:09:41.293966+00:00
S6:154418,https://api.mfapi.in/mf/154418,2026-10-04 11:46:34.463210+00:00
S6:154423,https://api.mfapi.in/mf/154423,2026-09-26 06:19:37.294464+00:00
S6:154424,https://api.mfapi.in/mf/154424,2026-10-04 11:56:30.526245+00:00
S6:154427,https://api.mfapi.in/mf/154427,2026-09-26 06:18:59.296195+00:00
S6:154428,https://api.mfapi.in/mf/154428,2026-10-04 11:55:58.509773+00:00
S6:154433,https://api.mfapi.in/mf/154433,2026-09-26 06:05:29.296893+00:00
S6:154434,https://api.mfapi.in/mf/154434,2026-10-04 11:43:08.464167+00:00
S6:154436,https://api.mfapi.in/mf/154436,2026-09-26 06:07:49.294432+00:00
S6:154437,https://api.mfapi.in/mf/154437,2026-09-26 06:07:47.308198+00:00
S6:154438,https://api.mfapi.in/mf/154438,2026-09-26 06:40:29.306396+00:00
S6:154440,https://api.mfapi.in/mf/154440,2026-10-04 12:16:20.496208+00:00
S6:154449,https://api.mfapi.in/mf/154449,2026-09-26 06:09:43.296168+00:00
S6:154450,https://api.mfapi.in/mf/154450,2026-10-04 11:46:36.460688+00:00
S6:154451,https://api.mfapi.in/mf/154451,2026-09-26 06:05:41.295618+00:00
S6:154452,https://api.mfapi.in/mf/154452,2026-10-04 11:43:20.460806+00:00
S6:154456,https://api.mfapi.in/mf/154456,2026-09-26 06:05:43.299144+00:00
S6:154458,https://api.mfapi.in/mf/154458,2026-10-04 11:43:22.458478+00:00
S6:154459,https://api.mfapi.in/mf/154459,2026-10-04 12:34:38.495324+00:00
S6:154460,https://api.mfapi.in/mf/154460,2026-09-26 06:59:21.294442+00:00
S6:154466,https://api.mfapi.in/mf/154466,2026-09-26 06:54:57.295262+00:00
S6:154467,https://api.mfapi.in/mf/154467,2026-09-26 06:25:51.295132+00:00
S6:154468,https://api.mfapi.in/mf/154468,2026-10-04 12:02:30.494520+00:00
S6:154473,https://api.mfapi.in/mf/154473,2026-10-04 12:29:18.514476+00:00
S6:154474,https://api.mfapi.in/mf/154474,2026-09-26 06:53:37.295110+00:00
S6:154477,https://api.mfapi.in/mf/154477,2026-09-26 06:40:19.298200+00:00
S6:154478,https://api.mfapi.in/mf/154478,2026-10-04 12:16:12.510021+00:00
S6:154479,https://api.mfapi.in/mf/154479,2026-10-04 12:16:02.594810+00:00
S6:154481,https://api.mfapi.in/mf/154481,2026-09-26 06:40:11.293660+00:00
S6:154486,https://api.mfapi.in/mf/154486,2026-10-04 12:13:28.496656+00:00
S6:154490,https://api.mfapi.in/mf/154490,2026-09-26 06:37:37.325264+00:00
S6:154493,https://api.mfapi.in/mf/154493,2026-09-26 06:53:39.296289+00:00
S6:154495,https://api.mfapi.in/mf/154495,2026-10-04 12:29:20.501303+00:00
S6:154498,https://api.mfapi.in/mf/154498,2026-09-26 06:02:01.295651+00:00
S6:154500,https://api.mfapi.in/mf/154500,2026-10-04 11:39:40.460652+00:00
S6:154505,https://api.mfapi.in/mf/154505,2026-09-26 06:19:01.293542+00:00
S6:154506,https://api.mfapi.in/mf/154506,2026-10-04 11:56:00.554903+00:00
S6:154515,https://api.mfapi.in/mf/154515,2026-09-26 06:03:27.292551+00:00
S6:154516,https://api.mfapi.in/mf/154516,2026-10-04 11:41:06.461226+00:00
S6:154518,https://api.mfapi.in/mf/154518,2026-09-26 06:40:31.293627+00:00
S6:154519,https://api.mfapi.in/mf/154519,2026-10-04 12:16:22.507917+00:00
S6:154523,https://api.mfapi.in/mf/154523,2026-10-04 12:02:32.496433+00:00
S6:154526,https://api.mfapi.in/mf/154526,2026-09-26 06:25:53.301643+00:00
S6:154540,https://api.mfapi.in/mf/154540,2026-10-04 11:42:46.462524+00:00
S6:154541,https://api.mfapi.in/mf/154541,2026-09-26 06:05:09.333147+00:00
S6:154545,https://api.mfapi.in/mf/154545,2026-10-04 12:07:36.494456+00:00
S6:154547,https://api.mfapi.in/mf/154547,2026-09-26 06:31:41.293566+00:00
S6:154548,https://api.mfapi.in/mf/154548,2026-09-26 06:49:07.292677+00:00
S6:154553,https://api.mfapi.in/mf/154553,2026-10-04 11:40:24.462331+00:00
S6:154556,https://api.mfapi.in/mf/154556,2026-09-26 06:02:45.344372+00:00
S6:154561,https://api.mfapi.in/mf/154561,2026-10-04 12:24:46.492530+00:00
S6:154565,https://api.mfapi.in/mf/154565,2026-09-26 06:40:33.308221+00:00
S6:154567,https://api.mfapi.in/mf/154567,2026-10-04 12:16:24.559994+00:00
S6:154570,https://api.mfapi.in/mf/154570,2026-10-04 11:49:54.495707+00:00
S6:154571,https://api.mfapi.in/mf/154571,2026-09-26 06:12:53.331094+00:00
S6:154574,https://api.mfapi.in/mf/154574,2026-09-26 06:12:55.292760+00:00
S6:154576,https://api.mfapi.in/mf/154576,2026-10-04 11:49:55.154639+00:00
S6:154581,https://api.mfapi.in/mf/154581,2026-10-04 12:16:26.590832+00:00
S6:154589,https://api.mfapi.in/mf/154589,2026-09-26 06:40:35.293773+00:00
S6:154594,https://api.mfapi.in/mf/154594,2026-09-26 06:59:23.294308+00:00
S6:154597,https://api.mfapi.in/mf/154597,2026-10-04 12:34:40.497848+00:00
S6:154598,https://api.mfapi.in/mf/154598,2026-10-04 11:58:58.548950+00:00
S6:154600,https://api.mfapi.in/mf/154600,2026-09-26 06:22:07.293195+00:00
S6:154615,https://api.mfapi.in/mf/154615,2026-10-04 12:02:34.494930+00:00
S6:154618,https://api.mfapi.in/mf/154618,2026-09-26 06:25:55.296609+00:00
S6:154619,https://api.mfapi.in/mf/154619,2026-09-26 06:07:51.294186+00:00
S6:154621,https://api.mfapi.in/mf/154621,2026-09-26 06:49:09.454210+00:00
S6:154622,https://api.mfapi.in/mf/154622,2026-10-04 12:24:48.493101+00:00
S6:154625,https://api.mfapi.in/mf/154625,2026-09-26 06:01:19.344588+00:00
S6:154632,https://api.mfapi.in/mf/154632,2026-10-04 12:10:38.506005+00:00
S6:154633,https://api.mfapi.in/mf/154633,2026-10-04 12:10:40.494806+00:00
S6:154634,https://api.mfapi.in/mf/154634,2026-10-04 12:10:42.497517+00:00
S6:154635,https://api.mfapi.in/mf/154635,2026-10-04 12:10:44.503091+00:00
S6:154636,https://api.mfapi.in/mf/154636,2026-10-04 12:10:46.508872+00:00
S6:154637,https://api.mfapi.in/mf/154637,2026-10-04 12:10:48.498959+00:00
S6:154638,https://api.mfapi.in/mf/154638,2026-10-04 12:10:50.494184+00:00
S6:154639,https://api.mfapi.in/mf/154639,2026-10-04 12:10:54.505600+00:00
S6:154640,https://api.mfapi.in/mf/154640,2026-10-04 12:10:56.493534+00:00
S6:154641,https://api.mfapi.in/mf/154641,2026-10-04 12:10:58.493974+00:00
S6:154642,https://api.mfapi.in/mf/154642,2026-10-04 12:11:00.509320+00:00
S6:154643,https://api.mfapi.in/mf/154643,2026-10-04 12:11:02.505964+00:00
S6:154644,https://api.mfapi.in/mf/154644,2026-10-04 12:11:04.493435+00:00
S6:154645,https://api.mfapi.in/mf/154645,2026-10-04 12:10:52.502156+00:00
S6:154646,https://api.mfapi.in/mf/154646,2026-09-26 06:30:15.307550+00:00
S6:154649,https://api.mfapi.in/mf/154649,2026-10-04 12:06:08.494808+00:00
S6:154654,https://api.mfapi.in/mf/154654,2026-09-26 06:47:29.301281+00:00
S6:154655,https://api.mfapi.in/mf/154655,2026-10-04 12:23:08.495691+00:00
S6:154657,https://api.mfapi.in/mf/154657,2026-10-04 12:37:56.494761+00:00
S6:154658,https://api.mfapi.in/mf/154658,2026-09-26 07:02:45.293679+00:00
S6:154664,https://api.mfapi.in/mf/154664,2026-10-04 12:16:04.536158+00:00
S6:154667,https://api.mfapi.in/mf/154667,2026-10-04 12:12:20.498544+00:00
S6:154695,https://api.mfapi.in/mf/154695,2026-10-04 12:26:32.491878+00:00
