slug,isin,as_of,checked,benchmark
360-one-balanced-hybrid-fund-direct-growth,INF579M01AY9,2026-08-31,2026-09-26,
360-one-dynamic-term-fund-direct-growth,INF579M01266,2026-08-31,2026-09-26,
360-one-elss-tax-saver-nifty-50-index-fund-direct-growth,INF579M01AN2,2026-08-31,2026-09-26,
360-one-flexicap-fund-direct-growth,INF579M01AS1,2026-08-31,2026-09-26,
360-one-focused-fund-direct-growth,INF579M01902,2026-08-31,2026-09-26,
360-one-multi-asset-allocation-fund-direct-growth,INF579M01BM2,2026-08-31,2026-09-26,
360-one-overnight-fund-direct-growth,INF579M01BG4,2026-08-31,2026-09-26,
360-one-quant-fund-direct-growth,INF579M01AI2,2026-08-31,2026-09-26,
abakkus-flexi-cap-fund-direct-growth,INF2JJD01136,2026-08-31,2026-09-26,
abakkus-large-mid-cap-fund-direct-growth,INF2JJD01193,2026-08-31,2026-09-26,
abakkus-liquid-fund-direct-growth,INF2JJD01029,2026-08-31,2026-09-26,
abakkus-small-cap-fund-direct-growth,INF2JJD01177,2026-08-31,2026-09-26,
aditya-birla-sun-life-aggressive-hybrid-fund-direct-growth,INF209K01ZC0,2026-08-31,2026-09-26,
aditya-birla-sun-life-aggressive-hybrid-omni-fof-direct-growth,INF084M01ET2,2026-08-31,2026-09-26,
aditya-birla-sun-life-bal-bhavishya-yojna-direct-growth,INF209KB1E84,2026-08-31,2026-09-26,
aditya-birla-sun-life-banking-and-psu-debt-fund-direct-growth,INF209K01YN0,2026-08-31,2026-09-26,
aditya-birla-sun-life-bse-500-momentum-50-index-fund-direct-growth,INF209KC1589,2026-08-31,2026-09-26,
aditya-birla-sun-life-bse-500-quality-50-index-fund-direct-growth,INF209KC1613,2026-08-31,2026-09-26,
aditya-birla-sun-life-bse-india-infrastructure-index-fund-direct-growth,INF209KC1332,2026-08-31,2026-09-26,
aditya-birla-sun-life-bse-total-market-index-fund-direct-growth,,,2026-10-01,
aditya-birla-sun-life-business-cycle-fund-direct-growth,INF209KB14D2,2026-08-31,2026-09-26,
aditya-birla-sun-life-conglomerate-fund-direct-growth,INF209KC1373,2026-08-31,2026-09-26,
aditya-birla-sun-life-conservative-hybrid-active-fof-direct-growth,INF084M01EQ8,2026-08-31,2026-09-26,
aditya-birla-sun-life-conservative-hybrid-fund-direct-growth,INF209K01XH4,2026-08-31,2026-09-26,
aditya-birla-sun-life-crisil-ibx-aaa-financial-services-index-sep-2027-fund-direct-growth,INF209KC1290,2026-08-31,2026-09-26,
aditya-birla-sun-life-crisil-ibx-aaa-nbfc-hfc-index-sep-2026-fund-direct-growth,INF209KC1217,2026-08-31,2026-09-26,
aditya-birla-sun-life-crisil-ibx-financial-services-3-to-6-months-debt-index-fund-direct-growth,INF209KC1456,2026-08-31,2026-09-26,
aditya-birla-sun-life-crisil-ibx-financial-services-9-12-months-debt-index-fund-direct-growth,INF209KC1498,2026-08-31,2026-09-26,
aditya-birla-sun-life-crisil-ibx-gilt-apr-2028-index-fund-direct-growth,INF209KB11U2,2026-08-31,2026-09-26,
aditya-birla-sun-life-crisil-ibx-gilt-apr-2029-index-fund-direct-growth,INF209KB12O3,2026-08-31,2026-09-26,
aditya-birla-sun-life-crisil-ibx-gilt-april-2033-index-fund-direct-growth,INF209KB19Y7,2026-08-31,2026-09-26,
aditya-birla-sun-life-crisil-ibx-gilt-june-2027-index-fund-direct-growth,INF209KC1076,2026-08-31,2026-09-26,
aditya-birla-sun-life-crisil-ibx-sdl-jun-2032-index-fund-direct-growth,INF209KB14S0,2026-08-31,2026-09-26,
aditya-birla-sun-life-dynamic-asset-allocation-omni-fof-direct-growth,INF084M01EW6,2026-08-31,2026-09-26,
aditya-birla-sun-life-dynamic-term-retail-fund-direct-growth,INF209K01N82,2026-08-31,2026-09-26,
aditya-birla-sun-life-elss-tax-saver-direct-growth,INF209K01UN8,2026-08-31,2026-09-26,
aditya-birla-sun-life-esg-integration-strategy-fund-direct-growth,INF209KB1U76,2026-08-31,2026-09-26,
aditya-birla-sun-life-global-excellence-equity-fof-direct-growth,INF084M01EH7,2026-08-31,2026-09-26,MSCI ACWI
aditya-birla-sun-life-gold-fund-direct-growth,INF209K01YU5,2026-08-31,2026-09-26,
aditya-birla-sun-life-i-come-plus-arbitrage-active-fof-direct-growth,INF084M01DP2,2026-08-31,2026-09-26,
aditya-birla-sun-life-large-mid-cap-fund-direct-growth,INF209K01VH8,2026-08-31,2026-09-26,
aditya-birla-sun-life-long-term-fund-direct-growth,INF209KB17J2,2026-08-31,2026-09-26,
aditya-birla-sun-life-medium-term-fund-direct-growth,INF209K01XA9,2026-08-31,2026-09-26,
aditya-birla-sun-life-medium-to-long-term-fund-direct-growth,INF209K01WY1,2026-08-31,2026-09-26,
aditya-birla-sun-life-mnc-fund-direct-growth,INF209K01VT3,2026-08-31,2026-09-26,
aditya-birla-sun-life-money-market-fund-direct-growth,INF209K01UU3,2026-08-31,2026-09-26,
aditya-birla-sun-life-multi-asset-allocation-fund-direct-growth,INF209KB15R9,2026-08-31,2026-09-26,
aditya-birla-sun-life-multi-asset-omni-fof-direct-growth,INF084M01DM9,2026-08-31,2026-09-26,
aditya-birla-sun-life-multi-asset-passive-fof-direct-growth,INF209KB15M0,2026-08-31,2026-09-26,
aditya-birla-sun-life-multi-cap-fund-direct-growth,INF209KB1Y49,2026-08-31,2026-09-26,
aditya-birla-sun-life-nifty-50-equal-weight-index-fund-direct-growth,INF209KB1Z71,2026-08-31,2026-09-26,
aditya-birla-sun-life-nifty-india-defence-index-fund-direct-growth,INF209KC1183,2026-08-31,2026-09-26,
aditya-birla-sun-life-nifty-midcap-150-index-fund-direct-growth,INF209KB1W74,2026-08-31,2026-09-26,
aditya-birla-sun-life-nifty-next-50-index-fund-direct-growth,INF209KB10G3,2026-08-31,2026-09-26,
aditya-birla-sun-life-nifty-sdl-apr-2027-index-fund-direct-growth,INF209KB11F3,2026-08-31,2026-09-26,
aditya-birla-sun-life-nifty-sdl-sep-2025-index-fund-direct-growth,INF209KB10M1,2025-09-30,2026-09-26,
aditya-birla-sun-life-nifty-sdl-sep-2027-index-fund-direct-growth,INF209KB16T3,2026-08-31,2026-09-26,
aditya-birla-sun-life-nifty-smallcap-50-index-fund-direct-growth,INF209KB1W17,2026-08-31,2026-09-26,
aditya-birla-sun-life-overnight-fund-direct-growth,INF209KB1ZH2,2026-08-31,2026-09-26,
aditya-birla-sun-life-pharma-healthcare-fund-direct-growth,INF209KB1O25,2026-08-31,2026-09-26,
aditya-birla-sun-life-psu-equity-fund-direct-growth,INF209KB1O82,2026-08-31,2026-09-26,
aditya-birla-sun-life-quant-fund-direct-growth,INF209KC1118,2026-08-31,2026-09-26,
aditya-birla-sun-life-retirement-fund-the-30s-plan-direct-growth,INF209KB1I23,2026-08-31,2026-09-26,
aditya-birla-sun-life-retirement-fund-the-40s-plan-direct-growth,INF209KB1I80,2026-08-31,2026-09-26,
aditya-birla-sun-life-retirement-fund-the-50s-plan-direct-growth,INF209KB1J48,2026-08-31,2026-09-26,
aditya-birla-sun-life-retirement-fund-the-50s-plus-debt-plan-direct-growth,INF209KB1K03,2026-08-31,2026-09-26,
aditya-birla-sun-life-short-term-direct-fund-direct-growth,INF209K01XK8,2026-08-31,2026-09-26,
aditya-birla-sun-life-silver-etf-fof-direct-growth,INF209KB16F2,2026-08-31,2026-09-26,
aditya-birla-sun-life-special-opportunities-fund-direct-growth,INF209KB1T79,2026-08-31,2026-09-26,
aditya-birla-sun-life-transportation-and-logistics-fund-direct-growth,INF209KB15X7,2026-08-31,2026-09-26,
aditya-birla-sun-life-ultra-short-term-direct-growth,INF209K01UR9,2026-08-31,2026-09-26,
aditya-birla-sun-life-ultra-short-to-short-term-fund-direct-growth,INF209K01XU7,2026-08-31,2026-09-26,
alphagrep-flexi-cap-fund-direct-growth,INF2VOA01079,2026-08-31,2026-09-26,
alphagrep-liquid-omni-fof-direct-growth,INF2VOA01137,2026-08-31,2026-09-26,
alphagrep-multi-asset-allocation-fund-direct-growth,INF2VOA01012,2026-08-31,2026-09-26,
altiva-equity-ex-top-100-long-short-fund-direct-growth,,,2026-09-26,
angel-one-gold-etf-fof-direct-growth,INF1J2R01098,2026-08-31,2026-09-26,
angel-one-nifty-50-index-fund-direct-growth,INF1J2R01072,2026-08-31,2026-09-26,
angel-one-nifty-total-market-index-fund-direct-growth,INF1J2R01023,2026-08-31,2026-09-26,
angel-one-nifty-total-market-momentum-quality-50-index-fund-direct-growth,INF1J2R01122,2026-08-31,2026-09-26,
angel-one-silver-etf-fof-direct-growth,INF1J2R01155,2026-08-31,2026-09-26,
apex-equity-ex-top-100-long-short-fund-direct-growth,,,2026-09-26,
apex-equity-long-short-fund-direct-growth,,,2026-09-26,
apex-hybrid-long-short-fund-direct-growth,,,2026-09-26,
arthaya-equity-long-short-fund-direct-growth,,,2026-09-26,
arudha-equity-long-short-fund-direct-growth,,,2026-09-26,
arudha-hybrid-long-short-fund-direct-growth,,,2026-09-26,
ask-liquid-fund-direct-growth,,,2026-09-26,
axis-aggressive-hybrid-fund-direct-growth,INF846K01E25,2026-08-31,2026-09-26,
axis-balanced-advantage-fund-direct-growth,INF846K01A29,2026-08-31,2026-09-26,
axis-banking-and-psu-debt-direct-growth,INF846K01CR6,2026-08-31,2026-09-26,
axis-bse-india-sector-leaders-index-fund-direct-growth,INF846KA1424,2026-08-31,2026-09-26,
axis-bse-sensex-index-fund-direct-growth,INF846K012V6,2026-08-31,2026-09-26,
axis-business-cycles-fund-direct-growth,INF846K016N4,2026-08-31,2026-09-26,
axis-conservative-hybrid-fund-direct-growth,INF846K01EA8,2026-08-31,2026-09-26,
axis-consumption-fund-direct-growth,INF846K013X0,2026-08-31,2026-09-26,
axis-corporate-bond-fund-direct-growth,INF846K01ZM8,2026-08-31,2026-09-26,
axis-crisil-ibx-aaa-bond-nbfc-jun-2027-index-fund-direct-growth,INF846K017X1,2026-08-31,2026-09-26,
axis-crisil-ibx-financial-services-3-6-months-debt-index-fund-direct-growth,INF846KA1226,2026-08-31,2026-09-26,
axis-crisil-ibx-sdl-may-2027-index-fund-direct-growth,INF846K017G6,2026-08-31,2026-09-26,
axis-dynamic-term-fund-direct-growth,INF846K01DI3,2026-08-31,2026-09-26,
axis-elss-tax-saver-direct-growth,INF846K01EW2,2026-08-31,2026-09-26,
axis-enhanced-arbitrage-fund-direct-growth,INF846K01PZ1,2026-08-31,2026-09-26,NIFTY 50 Arbitrage Total Return Index
axis-equity-savings-fund-direct-growth,INF846K01VJ3,2026-08-31,2026-09-26,NIFTY Equity Savings Total Return Index
axis-esg-integration-strategy-fund-direct-growth,INF846K01W23,2026-08-31,2026-09-26,NIFTY 100 ESG Total Return Index
axis-fixed-i-come-opportunities-fund-direct-growth,INF846K01PJ5,2026-08-31,2026-09-26,CRISIL Credit Risk Debt B-II Index
axis-flexi-cap-fund-direct-growth,INF846K01B28,2026-08-31,2026-09-26,NIFTY 500 Total Return Index
axis-floating-interest-rates-fund-direct-growth,INF846K014A6,2026-08-31,2026-09-26,NIFTY Medium to Long Duration Debt Index A-III
axis-gold-and-silver-passive-fof-direct-growth,INF846KA1408,2026-08-31,2026-09-26,
axis-gold-fund-direct-growth,INF846K01DS2,2026-08-31,2026-09-26,Domestic Price of Gold
axis-i-come-plus-arbitrage-omni-fof-direct-growth,INF846K01U09,2026-08-31,2026-09-26,NIFTY Composite Debt Index
axis-i-come-plus-arbitrage-passive-fof-direct-growth,INF846KA1283,2026-08-31,2026-09-26,
axis-india-manufacturing-fund-direct-growth,INF846K016S3,2026-08-31,2026-09-26,Nifty India Manufacturing Total Return Index
axis-innovation-fund-direct-growth,INF846K01X71,2026-08-31,2026-09-26,NIFTY 500 Total Return Index
axis-large-cap-fund-direct-growth,INF846K01DP8,2026-08-31,2026-09-26,BSE 100 Total Return Index
axis-large-mid-cap-fund-direct-growth,INF846K01J46,2026-08-31,2026-09-26,NIFTY Large Midcap 250 Total Return Index
axis-long-term-fund-direct-growth,INF846K014L3,2026-08-31,2026-09-26,NIFTY Long Duration Debt Index A-III
axis-medium-term-fund-direct-growth,INF846K01DT0,2026-08-31,2026-09-26,NIFTY Medium Duration Debt Index A-III
axis-midcap-fund-direct-growth,INF846K01EH3,2026-08-31,2026-09-26,BSE 150 MidCap Total Return Index
axis-momentum-fund-direct-growth,INF846K011Z9,2026-08-31,2026-09-26,NIFTY 500 Total Return Index
axis-money-market-fund-direct-growth,INF846K01Q62,2026-08-31,2026-09-26,NIFTY Money Market Index A-I
axis-multi-asset-omni-fof-direct-growth,INF846KA1366,2026-08-31,2026-09-26,
axis-multi-factor-passive-fof-direct-growth,INF846K011G9,2026-08-31,2026-09-26,NIFTY 500 Total Return Index
axis-multicap-fund-direct-growth,INF846K013E0,2026-08-31,2026-09-26,Nifty 500 Multicap 50:25:25 Total Return Index
axis-nifty-100-index-fund-direct-growth,INF846K01S29,2026-08-31,2026-09-26,NIFTY 100 Total Return Index
axis-nifty-50-index-fund-direct-growth,INF846K013D2,2026-08-31,2026-09-26,NIFTY 50 Total Return Index
axis-nifty-500-index-fund-direct-growth,INF846K019W9,2026-08-31,2026-09-26,NIFTY 500 Total Return Index
axis-nifty-bank-index-fund-direct-growth,INF846K015W7,2026-08-31,2026-09-26,NIFTY Bank Total Return Index
axis-nifty-capital-markets-index-fund-direct-growth,INF846KA1549,2026-08-31,2026-09-26,Nifty Capital Markets Total Return Index
axis-nifty-energy-index-fund-direct-growth,INF846KA1580,2026-08-31,2026-09-26,NIFTY Energy Total Return Index
axis-nifty-india-defence-index-fund-direct-growth,INF846KA1523,2026-08-31,2026-09-26,Nifty India Defence Total Return Index
axis-nifty-it-index-fund-direct-growth,INF846K017R3,2026-08-31,2026-09-26,NIFTY IT Total Return Index
axis-nifty-midcap-50-index-fund-direct-growth,INF846K019H0,2026-08-31,2026-09-26,NIFTY Midcap 50 Total Return Index
axis-nifty-next-50-index-fund-direct-growth,INF846K019E7,2026-08-31,2026-09-26,NIFTY Next 50 Total Return Index
axis-nifty-sdl-september-2026-debt-index-fund-direct-growth,INF846K018K6,2026-08-31,2026-09-26,Nifty SDL Sep 2026 Index
axis-nifty-smallcap-50-index-fund-direct-growth,INF846K013H3,2026-08-31,2026-09-26,NIFTY Smallcap 50 Total Return Index
axis-nifty50-equal-weight-index-fund-direct-growth,INF846KA1564,2026-08-31,2026-09-26,NIFTY 50 Equal Weight Total Return Index
axis-nifty500-momentum-50-index-fund-direct-growth,INF846KA1044,2026-08-31,2026-09-26,Nifty 500 Momentum 50 Total Return Index
axis-nifty500-quality-50-index-fund-direct-growth,INF846KA1200,2026-08-31,2026-09-26,Nifty500 Quality 50 Total Return Index
axis-overnight-fund-direct-growth,INF846K01N65,2026-08-31,2026-09-26,NIFTY 1D Rate Index
axis-quant-fund-direct-growth,INF846K01Z87,2026-08-31,2026-09-26,BSE 200 Total Return Index
axis-retirement-fund-aggressive-plan-direct-growth,INF846K01S86,2026-08-31,2026-09-26,CRISIL Hybrid 25+75 Aggressive Index
axis-retirement-fund-conservative-plan-direct-growth,INF846K01T69,2026-08-31,2026-09-26,CRISIL Hybrid 75+25 Conservative Index
axis-retirement-fund-dynamic-plan-direct-growth,INF846K01T28,2026-08-31,2026-09-26,CRISIL Hybrid 35+65 Aggressive Index
axis-services-opportunities-fund-direct-growth,INF846KA1168,2026-08-31,2026-09-26,NIFTY Services Sector Total Return Index
axis-short-term-fund-direct-growth,INF846K01EI1,2026-08-31,2026-09-26,NIFTY Short Duration Debt Index A-II
axis-silver-fof-direct-growth,INF846K015J4,2026-08-31,2026-09-26,Domestic Price of Silver
axis-small-cap-fund-direct-growth,INF846K01K35,2026-08-31,2026-09-26,NIFTY Smallcap 250 Total Return Index
axis-ultra-short-term-fund-direct-growth,INF846K01F40,2026-08-31,2026-09-26,NIFTY Ultra Short Duration Debt Index A-I
axis-ultra-short-to-short-term-fund-direct-growth,INF846K01EN1,2026-08-31,2026-09-26,NIFTY Low Duration Debt Index A-I
axis-value-fund-direct-growth,INF846K010C0,2026-08-31,2026-09-26,NIFTY 500 Total Return Index
bajaj-finserv-arbitrage-fund-direct-growth,INF0QA701524,2026-08-31,2026-09-26,NIFTY 50 Arbitrage Total Return Index
bajaj-finserv-balanced-advantage-fund-direct-growth,INF0QA701656,2026-08-31,2026-09-26,NIFTY 50 Hybrid Composite Debt 50:50 Index
bajaj-finserv-banking-and-financial-services-fund-direct-growth,INF0QA701BZ6,2026-08-31,2026-09-26,NIFTY Financial Services Total Return Index
bajaj-finserv-banking-and-psu-debt-fund-direct-growth,INF0QA701607,2026-08-31,2026-09-26,Nifty Banking & PSU Debt Index A-II
bajaj-finserv-consumption-fund-direct-growth,INF0QA701946,2026-08-31,2026-09-26,NIFTY India Consumption Total Return Index
bajaj-finserv-elss-tax-saver-fund-direct-growth,INF0QA701AK0,2026-08-31,2026-09-26,BSE 500 Total Return Index
bajaj-finserv-equity-savings-fund-direct-growth,INF0QA701BT9,2026-08-31,2026-09-26,NIFTY Equity Savings Total Return Index
bajaj-finserv-flexi-cap-fund-direct-growth,INF0QA701342,2026-08-31,2026-09-26,BSE 500 Total Return Index
bajaj-finserv-gilt-fund-direct-growth,INF0QA701AP9,2026-08-31,2026-09-26,CRISIL Dynamic Gilt Index
bajaj-finserv-healthcare-fund-direct-growth,INF0QA701AB9,2026-08-31,2026-09-26,BSE Healthcare Total Return Index
bajaj-finserv-large-cap-fund-direct-growth,INF0QA701896,2026-08-31,2026-09-26,NIFTY 100 Total Return Index
bajaj-finserv-large-mid-cap-fund-direct-growth,INF0QA701763,2026-08-31,2026-09-26,NIFTY Large Midcap 250 Total Return Index
bajaj-finserv-liquid-fund-direct-growth,INF0QA701011,2026-08-31,2026-09-26,NIFTY Liquid Index A-I
bajaj-finserv-money-market-fund-direct-growth,INF0QA701334,2026-08-31,2026-09-26,NIFTY Money Market Index A-I
bajaj-finserv-multi-asset-allocation-fund-direct-growth,INF0QA701821,2026-08-31,2026-09-26,
bajaj-finserv-multi-cap-fund-direct-growth,INF0QA701AV7,2026-08-31,2026-09-26,Nifty 500 Multicap 50:25:25 Total Return Index
bajaj-finserv-nifty-50-index-fund-direct-growth,INF0QA701BA9,2026-08-31,2026-09-26,NIFTY 50 Total Return Index
bajaj-finserv-nifty-next-50-index-fund-direct-growth,INF0QA701BG6,2026-08-31,2026-09-26,NIFTY Next 50 Total Return Index
bajaj-finserv-overnight-fund-direct-growth,INF0QA701177,2026-08-31,2026-09-26,CRISIL Liquid Overnight Index
bajaj-finserv-small-cap-fund-direct-growth,INF0QA701BN2,2026-08-31,2026-09-26,BSE 250 SmallCap Total Return Index
bajaj-finserv-ultra-short-to-short-term-fund-direct-growth,INF0QA701CF6,2026-08-31,2026-09-26,NIFTY Low Duration Debt Index A-I
bandhan-10-year-constant-maturity-gilt-fund-direct-growth,INF194K01P38,2026-08-31,2026-09-26,CRISIL 10-Year Gilt
bandhan-aggressive-hybrid-fund-direct-growth,INF194KA1U56,2026-08-31,2026-09-26,CRISIL Hybrid 35+65 Aggressive Index
bandhan-banking-and-psu-debt-fund-direct-growth,INF194K015G8,2026-08-31,2026-09-26,Nifty Banking & PSU Debt Index A-II
bandhan-bse-healthcare-index-fund-direct-growth,INF194KB1IS2,2026-08-31,2026-09-26,BSE Healthcare Total Return Index
bandhan-bse-india-sector-leaders-index-fund-direct-growth,INF194KB1KB4,2026-08-31,2026-09-26,BSE India Sector Leaders Total Return Index
bandhan-business-cycle-fund-direct-growth,INF194KB1IQ6,2026-08-31,2026-09-26,NIFTY 500 Total Return Index
bandhan-conservative-hybrid-passive-fof-direct-growth,INF194K016A9,2026-08-31,2026-09-26,CRISIL Hybrid 85+15 Conservative Index
bandhan-contra-fund-direct-growth,,,2026-09-26,
bandhan-credit-risk-fund-direct-growth,INF194KA1X61,2026-08-31,2026-09-26,NIFTY Credit Risk Bond Index B-II
bandhan-crisil-ibx-financial-services-3-6-months-debt-index-fund-direct-growth,INF194KB1JR2,2026-08-31,2026-09-26,CRISIL-IBX Financial Services 3 to 6 Months Debt Index
bandhan-crisil-ibx-gilt-april-2028-index-fund-direct-growth,INF194KB1BV1,2026-08-31,2026-09-26,CRISIL IBX Gilt Index - April 2028
bandhan-crisil-ibx-gilt-april-2032-index-fund-direct-growth,INF194KB1FF5,2026-08-31,2026-09-26,CRISIL IBX Gilt Index - April 2032
bandhan-crisil-ibx-gilt-june-2027-index-fund-direct-growth,INF194KB1BP3,2026-08-31,2026-09-26,CRISIL IBX Gilt Index - June 2027
bandhan-dynamic-term-fund-direct-growth,INF194K01N63,2026-08-31,2026-09-26,NIFTY Composite Debt Index A-III
bandhan-equity-savings-fund-direct-growth,INF194K01Z02,2026-08-31,2026-09-26,CRISIL Equity Saving Index
bandhan-financial-services-fund-direct-growth,INF194KB1GB2,2026-08-31,2026-09-26,NIFTY Financial Services Total Return Index
bandhan-floating-interest-rates-fund-direct-growth,INF194KB1BA5,2026-08-31,2026-09-26,NIFTY Medium Duration Debt Index A-III
bandhan-focused-fund-direct-growth,INF194K01W21,2026-08-31,2026-09-26,BSE 500 Total Return Index
bandhan-gilt-fund-direct-growth,INF194K01Q29,2026-08-31,2026-09-26,CRISIL Dynamic Gilt Index
bandhan-gold-etf-fof-direct-growth,INF194KB1KL3,2026-08-31,2026-09-26,Domestic Price of Gold
bandhan-healthcare-fund-direct-growth,INF194KB1KF5,2026-08-31,2026-09-26,BSE Healthcare Total Return Index
bandhan-i-come-plus-arbitrage-active-fof-direct-growth,INF194K01U72,2026-08-31,2026-09-26,NIFTY Medium Duration Debt Index A-III
bandhan-innovation-fund-direct-growth,INF194KB1IE2,2026-08-31,2026-09-26,NIFTY 500 Total Return Index
bandhan-large-mid-cap-fund-direct-growth,INF194K01V89,2026-08-31,2026-09-26,NIFTY Large Midcap 250 Total Return Index
bandhan-long-term-fund-direct-growth,INF194KB1HY2,2026-08-31,2026-09-26,NIFTY Long Duration Debt Index A-III
bandhan-medium-term-fund-direct-growth,INF194K01S50,2026-08-31,2026-09-26,NIFTY Medium Duration Debt Index A-III
bandhan-medium-to-long-term-fund-direct-growth,INF194K01R51,2026-08-31,2026-09-26,NIFTY Medium to Long Duration Debt Index A-III
bandhan-mid-cap-fund-direct-growth,INF194KB1DJ2,2026-08-31,2026-09-26,BSE 150 MidCap Index
bandhan-money-market-fund-direct-growth,INF194K01M80,2026-08-31,2026-09-26,NIFTY Money Market Index A-I
bandhan-multi-asset-allocation-fund-direct-growth,INF194KB1HM7,2026-08-31,2026-09-26,
bandhan-multi-asset-passive-fof-direct-growth,INF194K019A3,2026-08-31,2026-09-26,NIFTY 50 Hybrid Composite Debt 50:50 Index
bandhan-multi-cap-fund-direct-growth,INF194KB1CL0,2026-08-31,2026-09-26,Nifty 500 Multicap 50:25:25 Total Return Index
bandhan-multi-factor-fund-direct-growth,INF194KB1JX0,2026-08-31,2026-09-26,BSE 200 Total Return Index
bandhan-nifty-100-index-fund-direct-growth,INF194KB1CR7,2026-08-31,2026-09-26,NIFTY 100 Total Return Index
bandhan-nifty-200-quality-30-index-fund-direct-growth,INF194KB1JA8,2026-08-31,2026-09-26,NIFTY 200 Quality 30 Total Return Index
bandhan-nifty-500-momentum-50-index-fund-direct-growth,INF194KB1IY0,2026-08-31,2026-09-26,Nifty 500 Momentum 50 Total Return Index
bandhan-nifty-500-value-50-index-fund-direct-growth,INF194KB1IW4,2026-08-31,2026-09-26,Nifty 500 Value 50 Total Return Index
bandhan-nifty-alpha-50-index-fund-direct-growth,INF194KB1HA2,2026-08-31,2026-09-26,Nifty Alpha 50 Total Return Index
bandhan-nifty-alpha-low-volatility-30-index-fund-direct-growth,INF194KB1JC4,2026-08-31,2026-09-26,Nifty Alpha Low Volatility 30 Total Return Index
bandhan-nifty-bank-index-fund-direct-growth,INF194KB1IO1,2026-08-31,2026-09-26,NIFTY Bank Total Return Index
bandhan-nifty-it-index-fund-direct-growth,INF194KB1GK3,2026-08-31,2026-09-26,NIFTY IT Total Return Index
bandhan-nifty-midcap-150-index-fund-direct-growth,INF194KB1IT0,2026-08-31,2026-09-26,NIFTY Midcap 150 Total Return Index
bandhan-nifty-next-50-index-fund-direct-growth,INF194KB1JK7,2026-08-31,2026-09-26,NIFTY Next 50 Total Return Index
bandhan-nifty-smallcap-250-index-fund-direct-growth,INF194KB1HG9,2026-08-31,2026-09-26,NIFTY Smallcap 250 Total Return Index
bandhan-nifty-total-market-index-fund-direct-growth,INF194KB1IK9,2026-08-31,2026-09-26,Nifty Total Market Total Return Index
bandhan-nifty100-low-volatility-30-index-fund-direct-growth,INF194KB1DV7,2026-08-31,2026-09-26,NIFTY 100 Low Volatility 30 Total Return Index
bandhan-nifty200-momentum-30-index-fund-direct-growth,INF194KB1DP9,2026-08-31,2026-09-26,Nifty 200 Momentum 30 Total Return Index
bandhan-overnight-fund-direct-growth,INF194KB1447,2026-08-31,2026-09-26,NIFTY 1D Rate Index
bandhan-retirement-fund-direct-growth,INF194KB1GU2,2026-08-31,2026-09-26,CRISIL Hybrid 50+50 Moderate Index
bandhan-short-term-fund-direct-growth,INF194K01U07,2026-08-31,2026-09-26,NIFTY Short Duration Debt Index A-II
bandhan-silver-etf-fof-direct-growth,INF194KB1KN9,2026-08-31,2026-09-26,Domestic Price of Silver
bandhan-small-cap-fund-direct-growth,INF194KB1AL4,2026-08-31,2026-09-26,BSE 250 SmallCap Total Return Index
bandhan-transportation-and-logistics-fund-direct-growth,INF194KB1EB7,2026-08-31,2026-09-26,Nifty Transportation & Logistics Total Return Index
bandhan-ultra-short-term-fund-direct-growth,INF194KA16R3,2026-08-31,2026-09-26,NIFTY Ultra Short Duration Debt Index A-I
bandhan-ultra-short-to-short-term-fund-direct-growth,INF194K01J77,2026-08-31,2026-09-26,NIFTY Low Duration Debt Index A-I
bandhan-value-fund-direct-growth,INF194K01Z85,2026-08-31,2026-09-26,BSE 500 Total Return Index
bank-of-india-aggressive-hybrid-fund-direct-growth,INF761K01DM6,2026-08-31,2026-09-26,Groww Equity Hybrid
bank-of-india-arbitrage-fund-direct-growth,INF761K01ED3,2026-08-31,2026-09-26,NIFTY 50 Arbitrage Total Return Index
bank-of-india-banking-financial-services-fund-direct-growth,INF761K01HE4,2026-08-31,2026-09-26,NIFTY Financial Services Total Return Index
bank-of-india-business-cycle-fund-direct-growth,INF761K01GF3,2026-08-31,2026-09-26,NIFTY 500 Total Return Index
bank-of-india-consumption-fund-direct-growth,INF761K01GI7,2026-08-31,2026-09-26,NIFTY India Consumption Total Return Index
bank-of-india-elss-tax-saver-direct-growth,INF761K01884,2026-08-31,2026-09-26,BSE 500 Total Return Index
bank-of-india-flexi-cap-fund-direct-growth,INF761K01FF5,2026-08-31,2026-09-26,BSE 500 Total Return Index
bank-of-india-large-cap-fund-direct-growth,INF761K01FL3,2026-08-31,2026-09-26,NIFTY 100 Total Return Index
bank-of-india-large-mid-cap-fund-direct-growth,INF761K01652,2026-08-31,2026-09-26,BSE 250 Large MidCap Total Return Index
bank-of-india-manufacturing-infrastructure-fund-direct-growth,INF761K01702,2026-08-31,2026-09-26,Nifty Infrastructure
bank-of-india-mid-cap-fund-direct-growth,INF761K01GY4,2026-08-31,2026-09-26,NIFTY Midcap 150 Total Return Index
bank-of-india-money-market-fund-direct-growth,INF761K01GO5,2026-08-31,2026-09-26,CRISIL Money Market A-I Index
bank-of-india-multi-asset-allocation-fund-direct-growth,INF761K01FZ3,2026-08-31,2026-09-26,
bank-of-india-multi-cap-fund-direct-growth,INF761K01FR0,2026-08-31,2026-09-26,Nifty 500 Multicap 50:25:25 Total Return Index
bank-of-india-overnight-fund-direct-growth,INF761K01EU7,2026-08-31,2026-09-26,CRISIL Liquid Overnight Index
bank-of-india-short-term-fund-direct-growth,INF761K01736,2026-08-31,2026-09-26,CRISIL Short Duration Debt A-II Index
bank-of-india-small-cap-fund-direct-growth,INF761K01EP7,2026-08-31,2026-09-26,NIFTY Smallcap 250 Total Return Index
bank-of-india-ultra-short-term-fund-direct-growth,INF761K01892,2026-08-31,2026-09-26,CRISIL Ultra Short Duration Debt A-I Index
bank-of-india-value-fund-direct-growth,,,2026-09-26,
baroda-bnp-paribas-aggressive-hybrid-fund-direct-growth,INF251K01OZ7,2026-08-31,2026-09-26,CRISIL Hybrid 35+65 Aggressive Index
baroda-bnp-paribas-aqua-fof-direct-growth,INF251K01QT5,2026-08-31,2026-09-26,MSCI ACWI
baroda-bnp-paribas-arbitrage-fund-direct-growth,INF251K01OT0,2026-08-31,2026-09-26,NIFTY 50 Arbitrage Total Return Index
baroda-bnp-paribas-balanced-advantage-fund-direct-growth,INF955L01HF7,2026-08-31,2026-09-26,NIFTY 50 Hybrid Composite Debt 50:50 Index
baroda-bnp-paribas-business-conglomerates-fund-direct-growth,INF251K01VJ6,2026-08-31,2026-09-26,Nifty Conglomerate 50 Total Return Index
baroda-bnp-paribas-business-cycle-fund-direct-growth,INF955L01KK1,2026-08-31,2026-09-26,BSE 500 Total Return Index
baroda-bnp-paribas-conservative-hybrid-fund-direct-growth,INF251K01HR8,2026-08-31,2026-09-26,CRISIL Hybrid 85+15 Conservative Index
baroda-bnp-paribas-corporate-bond-fund-direct-growth,INF251K01GP4,2026-08-31,2026-09-26,CRISIL Corporate Debt A-II Index
baroda-bnp-paribas-dividend-yield-fund-direct-growth,INF251K01TV5,2026-08-31,2026-09-26,NIFTY 500 Total Return Index
baroda-bnp-paribas-dynamic-term-fund-direct-growth,INF251K01GW0,2026-08-31,2026-09-26,CRISIL Dynamic Bond A-III Index
baroda-bnp-paribas-elss-tax-saver-fund-direct-growth,INF251K01HF3,2026-08-31,2026-09-26,NIFTY 500 Total Return Index
baroda-bnp-paribas-energy-opportunities-fund-direct-growth,INF251K01UJ8,2026-08-31,2026-09-26,NIFTY Energy Total Return Index
baroda-bnp-paribas-equity-savings-fund-direct-growth,INF955L01IL3,2026-08-31,2026-09-26,NIFTY Equity Savings Total Return Index
baroda-bnp-paribas-esg-best-in-class-strategy-fund-direct-growth,INF251K01VP3,2026-08-31,2026-09-26,NIFTY 100 ESG Total Return Index
baroda-bnp-paribas-flexi-cap-fund-direct-growth,INF251K01QZ2,2026-08-31,2026-09-26,NIFTY 500 Total Return Index
baroda-bnp-paribas-focused-fund-direct-growth,INF251K01PN0,2026-08-31,2026-09-26,NIFTY 500 Total Return Index
baroda-bnp-paribas-gilt-fund-direct-growth,INF955L01AD7,2026-08-31,2026-09-26,CRISIL Dynamic Gilt Index
baroda-bnp-paribas-gold-etf-fof-direct-growth,INF251K01VF4,2026-08-31,2026-09-26,Domestic Prices of Gold
baroda-bnp-paribas-health-and-wellness-fund-direct-growth,INF251K01VA5,2026-08-31,2026-09-26,BSE Healthcare Total Return Index
baroda-bnp-paribas-i-come-plus-arbitrage-active-fof-direct-growth,INF251K01UT7,2026-08-31,2026-09-26,
baroda-bnp-paribas-india-consumption-fund-direct-growth,INF251K01PT7,2026-08-31,2026-09-26,NIFTY India Consumption Total Return Index
baroda-bnp-paribas-innovation-fund-direct-growth,INF251K01TE1,2026-08-31,2026-09-26,NIFTY 500 Total Return Index
baroda-bnp-paribas-large-cap-fund-direct-growth,INF251K01HN7,2026-08-31,2026-09-26,NIFTY 100 Total Return Index
baroda-bnp-paribas-large-mid-cap-fund-direct-growth,INF955L01JU2,2026-08-31,2026-09-26,BSE 250 Large MidCap Total Return Index
baroda-bnp-paribas-manufacturing-fund-direct-growth,INF251K01TP7,2026-08-31,2026-09-26,Nifty India Manufacturing Total Return Index
baroda-bnp-paribas-midcap-fund-direct-growth,INF251K01HQ0,2026-08-31,2026-09-26,NIFTY Midcap 150 Total Return Index
baroda-bnp-paribas-money-market-fund-direct-growth,INF955L01ID0,2026-08-31,2026-09-26,CRISIL Money Market A-I Index
baroda-bnp-paribas-multi-asset-active-fof-direct-growth,INF251K01UO8,2026-08-31,2026-09-26,
baroda-bnp-paribas-multi-asset-fund-direct-growth,INF251K01RF2,2026-08-31,2026-09-26,
baroda-bnp-paribas-nifty-50-index-fund-direct-growth,INF251K01SY1,2026-08-31,2026-09-26,NIFTY 50 Total Return Index
baroda-bnp-paribas-nifty-midcap-150-index-fund-direct-growth,INF251K01UA7,2026-08-31,2026-09-26,NIFTY Midcap 150 Total Return Index
baroda-bnp-paribas-nifty-sdl-december-2028-index-fund-direct-growth,INF251K01RR7,2026-08-31,2026-09-26,Nifty SDL Dec 2028 Index
baroda-bnp-paribas-nifty200-momentum-30-index-fund-direct-growth,INF251K01TY9,2026-08-31,2026-09-26,Nifty 200 Momentum 30 Total Return Index
baroda-bnp-paribas-overnight-fund-direct-growth,INF955L01HV4,2026-08-31,2026-09-26,CRISIL Liquid Overnight Index
baroda-bnp-paribas-retirement-fund-direct-growth,INF251K01TJ0,2026-08-31,2026-09-26,CRISIL Hybrid 35+65 Aggressive Index
baroda-bnp-paribas-services-fund-direct-growth,INF251K01VY5,2026-08-31,2026-09-26,NIFTY Services Sector Total Return Index
baroda-bnp-paribas-short-term-fund-direct-growth,INF955L01BD5,2026-08-31,2026-09-26,CRISIL Short Duration Debt A-II Index
baroda-bnp-paribas-small-cap-fund-direct-growth,INF251K01SR5,2026-08-31,2026-09-26,NIFTY Smallcap 250 Total Return Index
baroda-bnp-paribas-ultra-short-term-fund-direct-growth,INF955L01HA8,2026-08-31,2026-09-26,CRISIL Ultra Short Duration Debt A-I Index
baroda-bnp-paribas-ultra-short-to-short-term-fund-direct-growth,INF251K01GJ7,2026-08-31,2026-09-26,CRISIL Low Duration Debt A-I Index
baroda-bnp-paribas-value-fund-direct-growth,INF251K01SD5,2026-08-31,2026-09-26,NIFTY 500 Total Return Index
baroda-pioneer-banking-and-financial-services-fund-direct-growth,INF955L01971,2026-08-31,2026-09-26,NIFTY Financial Services Total Return Index
baroda-pioneer-liquid-fund-plan-b-direct-growth,INF955L01AL0,2026-08-31,2026-09-26,CRISIL Liquid Debt A-I Index
bharat-bond-etf-fof-april-2032-direct-growth,INF754K01NY5,2026-08-31,2026-09-26,Nifty BHARAT Bond Index - April 2032
bharat-bond-etf-fof-april-2033-direct-growth,INF754K01RC2,2026-08-31,2026-09-26,Nifty BHARAT Bond Index - April 2033
bharat-bond-fof-april-2030-direct-growth,INF754K01KY1,2026-08-31,2026-09-26,NIFTY Bharat Bond Index Series - Apri 2030
bharat-bond-fof-april-2031-direct-growth,INF754K01LO0,2026-08-31,2026-09-26,NIFTY Bharat Bond Index Series - Apri 2031
birla-sun-life-balanced-advantage-fund-direct-growth,INF084M01DJ5,2026-08-31,2026-09-26,CRISIL Hybrid 50+50 Moderate Index
birla-sun-life-banking-and-financial-services-fund-direct-growth,INF209K014W1,2026-08-31,2026-09-26,NIFTY Financial Services Total Return Index
birla-sun-life-cash-plus-direct-growth,INF209K01VA3,2026-08-31,2026-09-26,NIFTY Liquid Index A-I
birla-sun-life-corporate-bond-fund-direct-growth,INF209KA1K88,2026-08-31,2026-09-26,CRISIL Credit Risk Debt B-II Index
birla-sun-life-dividend-yield-plus-direct-growth,INF209K01WA1,2026-08-31,2026-09-26,NIFTY 500 Total Return Index
birla-sun-life-enhanced-arbitrage-fund-direct-growth,INF209K01VP1,2026-08-31,2026-09-26,NIFTY 50 Arbitrage Total Return Index
birla-sun-life-equity-fund-direct-growth,INF209K01XX1,2026-08-31,2026-09-26,NIFTY 500 Total Return Index
birla-sun-life-equity-savings-fund-direct-growth,INF209KA1TP9,2026-08-31,2026-09-27,NIFTY Equity Savings Total Return Index
birla-sun-life-global-commodities-fund-direct-growth,INF084M01EB0,2026-08-31,2026-09-27,MSCI All Country World Total Return Index
birla-sun-life-index-fund-direct-growth,INF209K01VY3,2026-08-31,2026-09-27,NIFTY 50 Total Return Index
birla-sun-life-infrastructure-fund-plan-a-direct-growth,INF209K01WH6,2026-08-31,2026-09-27,NIFTY Infrastructure Total Return Index
birla-sun-life-international-equity-fund-plan-a-direct-growth,INF209K01WS3,2026-08-31,2026-09-27,S&P Global 1200 Total Return Index
birla-sun-life-manufacturing-equity-fund-direct-growth,INF209KA1YK0,2026-08-31,2026-09-27,Nifty India Manufacturing Total Return Index
birla-sun-life-mid-cap-fund-plan-a-direct-growth,INF209K01Q30,2026-08-31,2026-09-27,NIFTY Midcap 150 Total Return Index
birla-sun-life-new-millennium-direct-growth,INF209K01VF2,2026-08-31,2026-09-27,BSE Teck Total Return Index
birla-sun-life-short-term-fund-direct-growth,INF209K01S38,2026-08-31,2026-09-27,Nifty Corporate Bond Index A-II
birla-sun-life-small-midcap-fund-direct-growth,INF209K01WN4,2026-08-31,2026-09-27,BSE 250 SmallCap Total Return Index
birla-sun-life-top-100-fund-direct-growth,INF209K01WE3,2026-08-31,2026-09-27,NIFTY 500 Total Return Index
boi-axa-corporate-credit-spectrum-fund-direct-growth,INF761K01DG8,2026-08-31,2026-09-27,CRISIL Credit Risk Debt B-II Index
boi-axa-equity-debt-rebalancer-fund-direct-growth,INF761K01BO6,2026-08-31,2026-09-27,NIFTY 50 Hybrid Composite Debt 50:50 Index
boi-axa-liquid-fund-direct-growth,INF761K01785,2026-08-31,2026-09-27,CRISIL Liquid Debt A-I Index
boi-axa-regular-return-fund-direct-growth,INF761K01819,2026-08-31,2026-09-27,CRISIL Hybrid 85+15 Conservative Index
canara-robeco-aggressive-hybrid-fund-direct-growth,INF760K01EZ8,2026-08-31,2026-09-27,CRISIL Hybrid 35+65 Aggressive Index
canara-robeco-balanced-advantage-fund-direct-growth,INF760K01LD0,2026-08-31,2026-09-27,CRISIL Hybrid 50+50 Moderate Index
canara-robeco-banking-and-financial-services-fund-direct-growth,INF760K01LN9,2026-08-31,2026-09-27,NIFTY Financial Services Total Return Index
canara-robeco-banking-and-psu-debt-fund-direct-growth,INF760K01KC4,2026-08-31,2026-09-27,CRISIL Banking and PSU Debt A-II Index
canara-robeco-consumption-fund-direct-growth,INF760K01DU1,2026-08-31,2026-09-27,NIFTY India Consumption Total Return Index
canara-robeco-dynamic-term-fund-direct-growth,INF760K01EC7,2026-08-31,2026-09-27,CRISIL Dynamic Bond A-III Index
canara-robeco-elss-tax-saver-fund-direct-growth,INF760K01EL8,2026-08-31,2026-09-27,BSE 500 Total Return Index
canara-robeco-equity-diversified-direct-growth,INF760K01EF0,2026-08-31,2026-09-27,BSE 500 Total Return Index
canara-robeco-focused-fund-direct-growth,INF760K01JQ6,2026-08-31,2026-09-27,BSE 500 Total Return Index
canara-robeco-gilt-fund-direct-growth,INF760K01FC4,2026-08-31,2026-09-27,CRISIL Dynamic Gilt Index
canara-robeco-infrastructure-fund-direct-growth,INF760K01FO9,2026-08-31,2026-09-27,BSE India Infrastructure Total Return Index
canara-robeco-large-and-mid-cap-fund-direct-growth,INF760K01EI4,2026-08-31,2026-09-27,NIFTY Large Midcap 250 Total Return Index
canara-robeco-large-cap-fund-direct-growth,INF760K01FR2,2026-08-31,2026-09-27,BSE 100 Total Return Index
canara-robeco-liquid-direct-growth,INF760K01FU6,2026-08-31,2026-09-27,CRISIL Liquid Debt A-I Index
canara-robeco-manufacturing-fund-direct-growth,INF760K01KZ5,2026-08-31,2026-09-27,Nifty India Manufacturing Total Return Index
canara-robeco-medium-term-opportunities-fund-direct-growth,INF760K01HB2,2026-08-31,2026-09-27,CRISIL Corporate Debt A-II Index
canara-robeco-medium-to-long-term-direct-growth,INF760K01FI1,2026-08-31,2026-09-27,CRISIL Medium to Long Duration Debt A-III Index
canara-robeco-mid-cap-fund-direct-growth,INF760K01KI1,2026-08-31,2026-09-27,BSE 150 MidCap Total Return Index
canara-robeco-monthly-i-come-plan-direct-growth,INF760K01GB4,2026-08-31,2026-09-27,CRISIL Hybrid 85+15 Conservative Index
canara-robeco-multi-asset-allocation-fund-direct-growth,INF760K01LH1,2026-08-31,2026-09-27,
canara-robeco-multi-cap-fund-direct-growth,INF760K01KO9,2026-08-31,2026-09-27,Nifty 500 Multicap 50:25:25 Total Return Index
canara-robeco-overnight-fund-direct-growth,INF760K01JM5,2026-08-31,2026-09-27,CRISIL Liquid Overnight Index
canara-robeco-short-term-fund-direct-growth,INF760K01DX5,2026-08-31,2026-09-27,CRISIL Short Duration Debt A-II Index
canara-robeco-small-cap-fund-direct-growth,INF760K01JC6,2026-08-31,2026-09-27,NIFTY Smallcap 250 Total Return Index
canara-robeco-treasury-advantage-fund-direct-growth,INF760K01GM1,2026-08-31,2026-09-27,CRISIL Ultra Short Duration Debt A-I Index
canara-robeco-ultra-short-to-short-term-fund-direct-growth,INF760K01ET1,2026-08-31,2026-09-27,CRISIL Low Duration Debt A-I Index
canara-robeco-value-fund-direct-growth,INF760K01JW4,2026-08-31,2026-09-27,BSE 500 Total Return Index
capitalmind-arbitrage-fund-direct-growth,INF226401117,2026-08-31,2026-09-27,NIFTY 50 Arbitrage Total Return Index
capitalmind-flexi-cap-fund-direct-growth,INF226401018,2026-08-31,2026-09-27,NIFTY 500 Total Return Index
capitalmind-liquid-fund-direct-growth,INF226401034,2026-08-31,2026-09-27,NIFTY Liquid Index A-I
capitalmind-multi-asset-allocation-fund-direct-growth,INF226401059,2026-08-31,2026-09-27,
choice-nifty-50-index-fund-direct-growth,INF2KCX01020,2026-08-31,2026-09-27,NIFTY 50 Total Return Index
choice-nifty-next-50-index-fund-direct-growth,INF2KCX01046,2026-08-31,2026-09-27,NIFTY Next 50 Total Return Index
choice-overnight-fund-direct-growth,INF2KCX01087,2026-08-31,2026-09-27,CRISIL Liquid Overnight Index
diviniti-equity-long-short-fund-direct-growth,,,2026-09-27,
dsp-10-year-constant-maturity-gilt-fund-direct-growth,INF740K019I5,2026-08-31,2026-09-27,CRISIL 10-Year Gilt
dsp-aggressive-hybrid-fund-direct-growth,INF740K01NY4,2026-08-31,2026-09-27,CRISIL Hybrid 35+65 Aggressive Index
dsp-arbitrage-fund-direct-growth,INF740KA1DN4,2026-08-31,2026-09-27,NIFTY 50 Arbitrage Total Return Index
dsp-banking-and-psu-debt-fund-direct-growth,INF740K01ZW2,2026-08-31,2026-09-27,Nifty Banking & PSU Debt Index A-II
dsp-banking-financial-services-fund-direct-growth,INF740KA1TQ3,2026-08-31,2026-09-27,NIFTY Financial Services Total Return Index
dsp-blackrock-dynamic-asset-allocation-fund-direct-growth,INF740K01K81,2026-08-31,2026-09-27,CRISIL Hybrid 50+50 Moderate Index
dsp-blackrock-equity-fund-direct-growth,INF740K01PI2,2026-08-31,2026-09-27,NIFTY 500 Total Return Index
dsp-blackrock-equity-savings-fund-direct-growth,INF740KA1504,2026-08-31,2026-09-27,NIFTY Equity Savings Total Return Index
dsp-blackrock-micro-cap-fund-direct-growth,INF740K01QD1,2026-08-31,2026-09-27,BSE 250 SmallCap Total Return Index
dsp-blackrock-natural-resources-new-energy-fund-direct-growth,INF740K01QA7,2026-08-31,2026-09-27,S&P BSE METAL
dsp-blackrock-small-and-midcap-fund-direct-growth,INF740K01PX1,2026-08-31,2026-09-27,NIFTY Midcap 150 Total Return Index
dsp-bse-sensex-next-30-index-fund-direct-growth,INF740KA1VB1,2026-08-31,2026-09-27,BSE Sensex Next 30 Total Return Index
dsp-business-cycle-fund-direct-growth,INF740KA1UX7,2026-08-31,2026-09-27,NIFTY 500 Total Return Index
dsp-conservative-hybrid-fund-direct-growth,INF740K01NO5,2026-08-31,2026-09-27,CRISIL Hybrid 85+15 Conservative Index
dsp-corporate-bond-fund-direct-growth,INF740KA1KE8,2026-08-31,2026-09-27,CRISIL Corporate Debt A-II Index
dsp-dynamic-term-fund-direct-growth,INF740K01QG4,2026-08-31,2026-09-27,CRISIL Dynamic Bond A-III Index
dsp-financial-services-sectoral-debt-fund-direct-growth,INF740KA1ZM9,2026-08-31,2026-09-27,Crisil Financial Services Short Term Debt Index A-II
dsp-floating-interest-rates-fund-direct-growth,INF740KA1PV1,2026-08-31,2026-09-27,CRISIL Short Duration Debt A-II Index
dsp-gold-etf-fof-direct-growth,INF740KA1TK6,2026-08-31,2026-09-27,Domestic Price of Gold
dsp-healthcare-fund-direct-growth,INF740KA1LG1,2026-08-31,2026-09-27,BSE Healthcare Total Return Index
dsp-i-come-plus-arbitrage-omni-fof-direct-growth,INF740K01Z50,2026-08-31,2026-09-27,MSCI All Country World Total Return Index
dsp-large-cap-fund-direct-growth,INF740K01PR3,2026-08-31,2026-09-27,NIFTY 100 Total Return Index
dsp-liquid-fund-direct-growth,INF740K01QL4,2026-08-31,2026-09-27,CRISIL Liquid Debt A-I Index
dsp-medium-term-direct-growth,INF740K01MZ3,2026-08-31,2026-09-27,CRISIL Medium Duration Debt A-III Index
dsp-multi-asset-allocation-fund-direct-growth,INF740KA1TE9,2026-08-31,2026-09-27,
dsp-multi-asset-omni-fof-direct-growth,INF740KA1YE9,2026-08-31,2026-09-27,
dsp-multi-cap-fund-direct-growth,INF740KA1UC1,2026-08-31,2026-09-27,Nifty 500 Multicap 50:25:25 Total Return Index
dsp-nifty-50-equal-weight-index-fund-direct-growth,INF740KA1CR7,2026-08-31,2026-09-27,NIFTY 50 Equal Weight Total Return Index
dsp-nifty-50-index-fund-direct-growth,INF740KA1MM7,2026-08-31,2026-09-27,NIFTY 50 Total Return Index
dsp-nifty-500-index-fund-direct-growth,INF740KA1XY9,2026-08-31,2026-09-27,NIFTY 500 Total Return Index
dsp-nifty-bank-index-fund-direct-growth,INF740KA1UO6,2026-08-31,2026-09-27,NIFTY Bank Total Return Index
dsp-nifty-healthcare-index-fund-direct-growth,INF740KA1WF0,2026-08-31,2026-09-27,NIFTY Healthcare Total Return Index.
dsp-nifty-it-index-fund-direct-growth,INF740KA1WL8,2026-08-31,2026-09-27,NIFTY IT Total Return Index
dsp-nifty-midcap-150-index-fund-direct-growth,INF740KA1XB7,2026-08-31,2026-09-27,NIFTY Midcap 150 Total Return Index
dsp-nifty-midcap-150-quality-50-index-fund-direct-growth,INF740KA1RB9,2026-08-31,2026-09-27,NIFTY Midcap150 Quality 50 Total Return Index
dsp-nifty-next-50-index-fund-direct-growth,INF740KA1MG9,2026-08-31,2026-09-27,NIFTY Next 50 Total Return Index
dsp-nifty-private-bank-index-fund-direct-growth,INF740KA1VN6,2026-08-31,2026-09-27,Nifty Private Bank TRI
dsp-nifty-smallcap-250-index-fund-direct-growth,INF740KA1XH4,2026-08-31,2026-09-27,NIFTY Smallcap 250 Total Return Index
dsp-nifty-smallcap250-quality-50-index-fund-direct-growth,INF740KA1TW1,2026-08-31,2026-09-27,Nifty Smallcap250 Quality 50 Total Return Index
dsp-nifty-top-10-equal-weight-index-fund-direct-growth,INF740KA1UQ1,2026-08-31,2026-09-27,Nifty Top 10 Equal Weight Total Return Index
dsp-nifty500-flexicap-quality-30-index-fund-direct-growth,INF740KA1WR5,2026-08-31,2026-09-27,Nifty500 Flexicap Quality 30 Total Return Index
dsp-overnight-fund-direct-growth,INF740KA1MC8,2026-08-31,2026-09-27,CRISIL Liquid Overnight Index
dsp-quant-fund-direct-growth,INF740KA1NQ6,2026-08-31,2026-09-27,BSE 200 Total Return Index
dsp-silver-etf-fof-direct-growth,INF740KA1VZ0,2026-08-31,2026-09-27,Domestic Price of Silver
dsp-ultra-short-to-short-term-fund-direct-growth,INF740K013Q1,2026-08-31,2026-09-27,NIFTY Low Duration Debt Index A-I
dsp-value-fund-direct-growth,INF740KA1PP3,2026-08-31,2026-09-27,NIFTY 500 Total Return Index
dynasif-active-asset-allocator-long-short-fund-direct-growth,,,2026-09-27,
dynasif-equity-ex-top-100-long-short-fund-direct-growth,,,2026-09-27,
dynasif-equity-long-short-fund-direct-growth,,,2026-09-27,
edelweiss-absolute-return-fund-direct-growth,INF754K01BS2,2026-08-31,2026-09-27,NIFTY 50 Hybrid Composite Debt 50:50 Index
edelweiss-aggressive-hybrid-fund-direct-growth,INF754K01CE0,2026-08-31,2026-09-29,CRISIL Hybrid 35+65 Aggressive Index
edelweiss-arbitrage-fund-direct-growth,INF754K01EA4,2026-08-31,2026-09-29,NIFTY 50 Arbitrage Total Return Index
edelweiss-banking-psu-debt-fund-direct-growth,INF843K01FC8,2026-08-31,2026-09-29,CRISIL Banking and PSU Debt A-II Index
edelweiss-bond-fund-direct-growth,INF843K01CE1,2026-08-31,2026-09-29,CRISIL Money Market A-I Index
edelweiss-bse-internet-economy-index-fund-direct-growth,INF754K01UX2,2026-08-31,2026-09-29,BSE Internet Economy Total Return Index
edelweiss-business-cycle-fund-direct-growth,INF754K01TA2,2026-08-31,2026-09-29,NIFTY 500 Total Return Index
edelweiss-consumption-fund-direct-growth,INF754K01TY2,2026-08-31,2026-09-29,NIFTY India Consumption Total Return Index
edelweiss-crisil-ibx-aaa-bond-nbfc-hfc-jun-2027-index-fund-direct-growth,INF754K01UG7,2026-08-31,2026-09-29,CRISIL-IBX AAA NBFC-HFC Index - Jun 2027
edelweiss-crisil-ibx-aaa-financial-services-bond-jan-2028-index-fund-direct-growth,INF754K01TP0,2026-08-31,2026-09-29,CRISIL IBX AAA Financial Services - Jan 2028 Index
edelweiss-economic-resurgence-fund-direct-growth,INF843K01KK1,2026-08-31,2026-09-29,NIFTY 500 Total Return Index
edelweiss-elss-tax-saver-fund-direct-growth,INF754K01CA8,2026-08-31,2026-09-29,NIFTY 500 Total Return Index
edelweiss-equity-opportunities-fund-direct-growth,INF843K01AL0,2026-08-31,2026-09-29,NIFTY Large Midcap 250 Total Return Index
edelweiss-equity-savings-advantage-fund-direct-growth,INF843K01KC8,2026-08-31,2026-09-29,NIFTY Equity Savings Total Return Index
edelweiss-financial-services-fund-direct-growth,INF754K01WH1,2026-08-31,2026-09-29,NIFTY Financial Services Total Return Index
edelweiss-focused-fund-direct-growth,INF754K01OP1,2026-08-31,2026-09-29,NIFTY 500 Total Return Index
edelweiss-gilt-fund-direct-growth,INF843K01GS2,2026-08-31,2026-09-29,CRISIL Dynamic Gilt Index
edelweiss-gold-and-silver-etf-fof-direct-growth,INF754K01OX5,2026-08-31,2026-09-29,Domestic Gold and Silver Prices
edelweiss-gold-etf-fof-direct-growth,INF754K01WP4,2026-08-31,2026-09-29,Domestic Price of Gold
edelweiss-i-come-plus-arbitrage-omni-fof-direct-growth,INF754K01VF7,2026-08-31,2026-09-29,
edelweiss-large-cap-fund-direct-growth,INF754K01BW4,2026-08-31,2026-09-29,NIFTY 100 Total Return Index
edelweiss-liquid-fund-direct-growth,INF754K01GM4,2026-08-31,2026-09-29,CRISIL Liquid Debt A-I Index
edelweiss-mid-and-small-cap-fund-direct-growth,INF843K01AO4,2026-08-31,2026-09-29,NIFTY Midcap 150 Total Return Index
edelweiss-multi-asset-allocation-fund-direct-growth,INF754K01RS8,2026-08-31,2026-09-29,
edelweiss-multi-asset-omni-fof-direct-growth,INF754K01VN1,2026-08-31,2026-09-29,
edelweiss-multi-cap-fund-direct-growth,INF754K01SD8,2026-08-31,2026-09-29,Nifty 500 Multicap 50:25:25 Total Return Index
edelweiss-nifty-100-quality-30-index-fund-direct-growth,INF754K01NJ6,2026-08-31,2026-09-29,NIFTY 100 Quality 30 Total Return Index
edelweiss-nifty-50-index-fund-direct-growth,INF754K01NB3,2026-08-31,2026-09-29,NIFTY 50 Total Return Index
edelweiss-nifty-alpha-low-volatility-30-index-fund-direct-growth,INF754K01SS6,2026-08-31,2026-09-29,Nifty Alpha Low Volatility 30 Total Return Index
edelweiss-nifty-large-mid-cap-250-index-fund-direct-growth,INF754K01NR9,2026-08-31,2026-09-29,NIFTY Large Midcap 250 Total Return Index
edelweiss-nifty-midcap150-momentum-50-index-fund-direct-growth,INF754K01QD2,2026-08-31,2026-09-29,NIFTY Midcap 150 Momentum 50 Total Return Index
edelweiss-nifty-next-50-index-fund-direct-growth,INF754K01QL5,2026-08-31,2026-09-29,NIFTY Next 50 Total Return Index
edelweiss-nifty-reits-realty-index-fund-direct-growth,INF754K01XJ5,2026-08-31,2026-09-29,Nifty REITs & Realty Total Return Index
edelweiss-nifty-smallcap-250-index-fund-direct-growth,INF754K01QT8,2026-08-31,2026-09-29,NIFTY Smallcap 250 Total Return Index
edelweiss-nifty500-multicap-momentum-quality-50-index-fund-direct-growth,INF754K01TN5,2026-08-31,2026-09-29,Nifty500 Multicap Momentum Quality 50 Total Return Index
edelweiss-overnight-fund-direct-growth,INF754K01JV9,2026-08-31,2026-09-29,CRISIL Liquid Overnight Index
edelweiss-recently-listed-ipo-fund-direct-growth,INF754K01ML4,2026-08-31,2026-09-29,Nifty IPO Total Return Index
edelweiss-silver-etf-fof-direct-growth,INF754K01VZ5,2026-08-31,2026-09-29,Domestic Price of Silver
edelweiss-small-cap-fund-direct-growth,INF754K01JN6,2026-08-31,2026-09-29,NIFTY Smallcap 250 Total Return Index
edelweiss-technology-fund-direct-growth,INF754K01SK3,2026-08-31,2026-09-29,BSE Teck Total Return Index
edelweiss-ultra-short-term-fund-direct-growth,INF754K01XR8,2026-08-31,2026-09-29,CRISIL Ultra Short Duration Debt A-I Index
edelweiss-ultra-short-to-short-term-fund-direct-growth,INF754K01UP8,2026-08-31,2026-09-29,CRISIL Low Duration Debt A-I Index
franklin-build-india-fund-direct-growth,INF090I01JF5,2026-08-31,2026-09-29,BSE India Infrastructure Total Return Index
franklin-india-aggressive-hybrid-fund-direct-growth,INF090I01FZ1,2026-08-31,2026-09-29,CRISIL Hybrid 35+65 Aggressive Index
franklin-india-arbitrage-fund-direct-growth,INF090I01XS9,2026-08-31,2026-09-29,NIFTY 50 Arbitrage Total Return Index
franklin-india-balanced-advantage-fund-direct-growth,INF090I01WQ5,2026-08-31,2026-09-29,NIFTY 50 Hybrid Composite Debt 50:50 Index
franklin-india-banking-psu-debt-fund-direct-growth,INF090I01KR8,2026-08-31,2026-09-29,Nifty Banking & PSU Debt Index A-II
franklin-india-conservative-hybrid-fund-a-direct-growth,INF090I01GF1,2026-08-31,2026-09-29,CRISIL Hybrid 85+15 Conservative Index
franklin-india-corporate-bond-fund-direct-growth,INF090I01FW8,2026-08-31,2026-09-29,Nifty Corporate Bond Index A-II
franklin-india-dividend-yield-fund-direct-growth,INF090I01IT8,2026-08-31,2026-09-29,NIFTY 500 Total Return Index
franklin-india-dynamic-asset-allocation-active-fof-direct-growth,INF090I01HV6,2026-08-31,2026-09-29,CRISIL Hybrid 50+50 Moderate Index
franklin-india-elss-tax-saver-fund-direct-growth,INF090I01JS8,2026-08-31,2026-09-29,NIFTY 500 Total Return Index
franklin-india-equity-savings-fund-direct-growth,INF090I01PD7,2026-08-31,2026-09-29,NIFTY Equity Savings Total Return Index
franklin-india-floating-interest-rates-fund-direct-growth,INF090I01LK1,2026-08-31,2026-09-29,NIFTY Short Duration Debt Index A-II
franklin-india-gilt-fund-direct-growth,INF090I01HS2,2026-08-31,2026-09-29,NIFTY All Duration G-Sec Index
franklin-india-high-growth-companies-fund-direct-growth,INF090I01IW2,2026-08-31,2026-09-29,NIFTY 500 Total Return Index
franklin-india-i-come-plus-arbitrage-active-fof-direct-growth,INF090I01LH7,2026-08-31,2026-09-29,CRISIL Hybrid 35+65 Aggressive Index
franklin-india-index-fund-nse-nifty-plan-direct-growth,INF090I01GS4,2026-08-31,2026-09-29,NIFTY 50 Total Return Index
franklin-india-large-cap-fund-direct-growth,INF090I01FN7,2026-08-31,2026-09-29,NIFTY 100 Total Return Index
franklin-india-large-mid-cap-fund-direct-growth,INF090I01IN1,2026-08-31,2026-09-29,NIFTY Large Midcap 250 Total Return Index
franklin-india-liquid-fund-super-institutional-plan-direct-growth,INF090I01JV2,2026-08-31,2026-09-29,NIFTY Liquid Index A-I
franklin-india-long-term-fund-direct-growth,INF090I01XY7,2026-08-31,2026-09-29,CRISIL Long Duration Debt A-III Index
franklin-india-medium-to-long-term-fund-direct-growth,INF090I01XG4,2026-08-31,2026-09-29,CRISIL Medium to Long Duration Debt A-III Index
franklin-india-mid-cap-fund-direct-growth,INF090I01FH9,2026-08-31,2026-09-29,NIFTY Midcap 150 Total Return Index
franklin-india-multi-asset-allocation-fund-direct-growth,INF090I01YH0,2026-08-31,2026-09-29,
franklin-india-multi-cap-fund-direct-growth,INF090I01XA7,2026-08-31,2026-09-29,Nifty 500 Multicap 50:25:25 Total Return Index
franklin-india-multi-factor-fund-direct-growth,INF090I01YQ1,2026-08-31,2026-09-29,BSE 200 Total Return Index
franklin-india-opportunities-fund-direct-growth,INF090I01GC8,2026-08-31,2026-09-29,NIFTY 500 Total Return Index
franklin-india-overnight-fund-direct-growth,INF090I01SS9,2026-08-31,2026-09-29,NIFTY 1D Rate Index
franklin-india-prima-plus-direct-growth,INF090I01FK3,2026-08-31,2026-09-29,NIFTY 500 Total Return Index
franklin-india-savings-plus-fund-direct-growth,INF090I01GV8,2026-08-31,2026-09-29,NIFTY Money Market Index A-I
franklin-india-short-term-fund-direct-growth,INF090I01YW9,2026-08-31,2026-09-29,NIFTY Short Duration Debt Index A-II
franklin-india-small-cap-fund-direct-growth,INF090I01IQ4,2026-08-31,2026-09-29,NIFTY Smallcap 250 Total Return Index
franklin-india-technology-fund-direct-growth,INF090I01FE6,2026-08-31,2026-09-29,BSE Teck Total Return Index
franklin-india-ultra-short-term-fund-direct-growth,INF090I01XL4,2026-08-31,2026-09-29,NIFTY Ultra Short Duration Debt Index A-I
franklin-india-ultra-short-to-short-term-fund-direct-growth,INF090I01YE7,2026-08-31,2026-09-29,NIFTY Low Duration Debt Index A-I
groww-aggressive-hybrid-fund-direct-growth,INF666M01FA3,2026-08-31,2026-09-29,CRISIL Hybrid 35+65 Aggressive Index
groww-arbitrage-fund-direct-growth,INF666M01ON8,2026-08-31,2026-09-29,NIFTY 50 Arbitrage Total Return Index
groww-banking-financial-services-fund-direct-growth,INF666M01HS1,2026-08-31,2026-09-29,NIFTY Financial Services Total Return Index
groww-bse-hospitals-etf-fof-direct-growth,INF666M01NX9,2026-08-31,2026-09-29,BSE Hospitals Total Return Index
groww-bse-power-etf-fof-direct-growth,INF666M01LN4,2026-08-31,2026-09-29,BSE Power Total Return Index
groww-dynamic-term-fund-direct-growth,INF666M01EK5,2026-08-31,2026-09-29,CRISIL Dynamic Bond A-III Index
groww-elss-tax-saver-fund-direct-growth,INF666M01DK7,2026-08-31,2026-09-29,NIFTY 500 Total Return Index
groww-gilt-fund-direct-growth,INF666M01KK2,2026-08-31,2026-09-29,CRISIL Dynamic Gilt Index
groww-gold-etf-fof-direct-growth,INF666M01IX9,2026-08-31,2026-09-29,Domestic Price of Gold
groww-large-cap-fund-direct-growth,INF666M01600,2026-08-31,2026-09-29,NIFTY 100 Total Return Index
groww-liquid-fund-direct-growth,INF666M01451,2026-08-31,2026-09-29,CRISIL Liquid Debt A-I Index
groww-money-market-fund-direct-growth,INF666M01MW3,2026-08-31,2026-09-29,CRISIL Money Market A-I Index
groww-multi-asset-allocation-fund-direct-growth,INF666M01MA9,2026-08-31,2026-09-29,
groww-multi-asset-omni-fof-direct-growth,INF666M01NC3,2026-08-31,2026-09-29,
groww-multicap-fund-direct-growth,INF666M01JD9,2026-08-31,2026-09-29,Nifty 500 Multicap 50:25:25 Total Return Index
groww-nifty-200-etf-fof-direct-growth,INF666M01JQ1,2026-08-31,2026-09-29,NIFTY 200 Total Return Index
groww-nifty-50-index-fund-direct-growth,INF666M01KT3,2026-08-31,2026-09-29,NIFTY 50 Total Return Index
groww-nifty-500-momentum-50-etf-fof-direct-growth,INF666M01JX7,2026-08-31,2026-09-29,Nifty 500 Momentum 50 Total Return Index
groww-nifty-capital-markets-etf-fof-direct-growth,INF666M01MG6,2026-08-31,2026-09-29,Nifty Capital Markets Total Return Index
groww-nifty-ev-new-age-automotive-etf-fof-direct-growth,INF666M01IL4,2026-08-31,2026-09-29,Nifty EV and New Age Automotive Total Return Index
groww-nifty-india-defence-etf-fof-direct-growth,INF666M01IQ3,2026-08-31,2026-09-29,Nifty India Defence Total Return Index
groww-nifty-india-internet-etf-fof-direct-growth,INF666M01LC7,2026-08-31,2026-09-29,Nifty India Internet Total Return Index
groww-nifty-india-railways-psu-index-fund-direct-growth,INF666M01JK4,2026-08-31,2026-09-29,Nifty India Railways PSU Total Return Index
groww-nifty-midcap-150-index-fund-direct-growth,INF666M01MP7,2026-08-31,2026-09-29,NIFTY Midcap 150 Total Return Index
groww-nifty-next-50-index-fund-direct-growth,INF666M01LT1,2026-08-31,2026-09-29,NIFTY Next 50 Total Return Index
groww-nifty-non-cyclical-consumer-index-fund-direct-growth,INF666M01IE9,2026-08-31,2026-09-29,Nifty Non-Cyclical Consumer Total Return Index
groww-nifty-private-bank-index-fund-direct-growth,INF666M01OU3,2026-08-31,2026-09-29,Nifty Private Bank TRI
groww-nifty-pse-etf-fof-direct-growth,INF666M01NR1,2026-08-31,2026-09-29,NIFTY PSE Total Return Index
groww-nifty-psu-bank-index-fund-direct-growth,INF666M01OH0,2026-08-31,2026-09-29,NIFTY PSU Bank Total Return Index
groww-nifty-smallcap-250-index-fund-direct-growth,INF666M01HY9,2026-08-31,2026-09-29,NIFTY Smallcap 250 Total Return Index
groww-nifty-smallcap-250-momentum-quality-100-index-fund-direct-growth,INF666M01PA2,2026-08-31,2026-09-29,Nifty Smallcap 250 Momentum Quality 100 Total Return Index
groww-nifty-total-market-index-fund-direct-growth,INF666M01HM4,2026-08-31,2026-09-29,Nifty Total Market Total Return Index
groww-overnight-fund-direct-growth,INF666M01GL8,2026-08-31,2026-09-29,CRISIL Liquid Overnight Index
groww-short-term-fund-direct-growth,INF666M01AC0,2026-08-31,2026-09-29,CRISIL Short Duration Debt A-II Index
groww-silver-etf-fof-direct-growth,INF666M01KQ9,2026-08-31,2026-09-29,Domestic Prices of Silver
groww-small-cap-fund-direct-growth,INF666M01NJ8,2026-08-31,2026-09-29,NIFTY Smallcap 250 Total Return Index
groww-value-fund-direct-growth,INF666M01BE4,2026-08-31,2026-09-29,NIFTY 500 Total Return Index
hdfc-arbitrage-fund-direct-growth,INF179KA1KT6,2026-08-31,2026-09-29,NIFTY 50 Arbitrage Total Return Index
hdfc-balanced-advantage-fund-direct-growth,INF179K01WA6,2026-08-31,2026-09-29,NIFTY 50 Hybrid Composite Debt 50:50 Index
hdfc-banking-and-psu-debt-fund-direct-growth,INF179KA1IZ7,2026-08-31,2026-09-29,Nifty Banking & PSU Debt Index A-II
hdfc-banking-financial-services-fund-direct-growth,INF179KC1BG0,2026-08-31,2026-09-29,NIFTY Financial Services Total Return Index
hdfc-bse-500-index-fund-direct-growth,INF179KC1GG9,2026-08-31,2026-09-29,BSE 500 Total Return Index
hdfc-bse-india-sector-leaders-index-fund-direct-growth,INF179KC1JY6,2026-08-31,2026-09-29,BSE India Sector Leaders Total Return Index
hdfc-bse-reits-and-commercial-real-estate-index-fund-direct-growth,,,2026-09-29,
hdfc-bse-sensex-index-fund-direct-growth,INF179K01WN9,2026-08-31,2026-09-29,BSE Sensex Total Return Index
hdfc-business-cycle-fund-direct-growth,INF179KC1DY9,2026-08-31,2026-09-29,NIFTY 500 Total Return Index
hdfc-conservative-hybrid-fund-direct-growth,INF179K01XE6,2026-08-31,2026-09-29,NIFTY 50 Hybrid Composite Debt 15:85 Conservative Index
hdfc-consumption-fund-direct-growth,INF179KC1GO3,2026-08-31,2026-09-29,NIFTY India Consumption Total Return Index
hdfc-credit-risk-fund-direct-growth,INF179KA1FZ3,2026-08-31,2026-09-29,NIFTY Credit Risk Bond Index B-II
hdfc-crisil-ibx-financial-services-3-6-months-debt-index-fund-direct-growth,INF179KC1JK5,2026-08-31,2026-09-29,CRISIL-IBX Financial Services 3 to 6 Months Debt Index
hdfc-crisil-ibx-financial-services-9-12-months-debt-index-fund-direct-growth,INF179KC1KI7,2026-08-31,2026-09-29,CRISIL-IBX Financial Services 9-12 Months Debt Index
hdfc-defence-fund-direct-growth,INF179KC1GI5,2026-08-31,2026-09-29,Nifty India Defence Total Return Index
hdfc-diversified-equity-all-cap-active-fof-direct-growth,INF179KC1JU4,2026-08-31,2026-09-29,NIFTY 500 Total Return Index
hdfc-dividend-yield-fund-direct-growth,INF179KC1AO6,2026-08-31,2026-09-29,NIFTY 500 Total Return Index
hdfc-equity-fund-direct-growth,INF179K01UT0,2026-08-31,2026-09-29,NIFTY 500 Total Return Index
hdfc-equity-savings-fund-direct-growth,INF179K01XT4,2026-08-31,2026-09-29,NIFTY Equity Savings Total Return Index
hdfc-focused-fund-direct-growth,INF179K01VK7,2026-08-31,2026-09-29,NIFTY 500 Total Return Index
hdfc-gilt-fund-direct-growth,INF179K01VS0,2026-08-31,2026-09-29,NIFTY All Duration G-Sec Index
hdfc-gold-silver-passive-fof-direct-growth,,,2026-09-29,
hdfc-housing-opportunities-fund-direct-growth,INF179KC1AU3,2026-08-31,2026-09-29,Nifty Housing Total Return Index
hdfc-i-come-plus-arbitrage-active-fof-direct-growth,INF179KA1SC5,2026-08-31,2026-09-29,NIFTY 50 Hybrid Composite Debt 65:35 Index
hdfc-i-come-plus-arbitrage-omni-fof-direct-growth,INF179KC1KE6,2026-08-31,2026-09-29,
hdfc-infrastructure-fund-direct-growth,INF179K01WQ2,2026-08-31,2026-09-29,BSE India Infrastructure Total Return Index
hdfc-innovation-fund-direct-growth,INF179KC1JO7,2026-08-31,2026-09-29,NIFTY 500 Total Return Index
hdfc-large-cap-fund-direct-growth,INF179K01YV8,2026-08-31,2026-09-29,NIFTY 100 Total Return Index
hdfc-large-mid-cap-fund-direct-growth,INF179KA1RQ7,2026-08-31,2026-09-29,NIFTY Large Midcap 250 Total Return Index
hdfc-liquid-fund-direct-growth,INF179KB1HP9,2026-08-31,2026-09-29,CRISIL Liquid Debt A-I Index
hdfc-long-term-fund-direct-growth,INF179KC1ET7,2026-08-31,2026-09-29,NIFTY Long Duration Debt Index A-III
hdfc-manufacturing-fund-direct-growth,INF179KC1II1,2026-08-31,2026-09-29,Nifty India Manufacturing Total Return Index
hdfc-medium-term-fund-direct-growth,INF179K01WI9,2026-08-31,2026-09-29,NIFTY Medium Duration Debt Index A-III
hdfc-medium-term-opportunities-fund-direct-growth,INF179K01XD8,2026-08-31,2026-09-29,Nifty Corporate Bond Index A-II
hdfc-medium-to-long-term-fund-direct-growth,INF179K01WL3,2026-08-31,2026-09-29,CRISIL Medium to Long Duration Debt A-III Index
hdfc-mid-cap-fund-direct-growth,INF179K01XQ0,2026-08-31,2026-09-29,NIFTY Midcap 150 Total Return Index
hdfc-mnc-fund-direct-growth,INF179KC1FC0,2026-08-31,2026-09-29,NIFTY MNC Total Return Index
hdfc-money-market-fund-direct-growth,INF179KB1HU9,2026-08-31,2026-09-29,CRISIL Money Market A-I Index
hdfc-multi-asset-active-fof-direct-growth,INF179KC1BA3,2026-08-31,2026-09-29,
hdfc-multi-asset-allocation-fund-direct-growth,INF179K01XW8,2026-08-31,2026-09-29,Groww Equity Hybrid
hdfc-multi-cap-fund-direct-growth,INF179KC1BS5,2026-08-31,2026-09-29,Nifty 500 Multicap 50:25:25 Total Return Index
hdfc-nifty-100-equal-weight-index-fund-direct-growth,INF179KC1CA1,2026-08-31,2026-09-29,NIFTY 100 Equal Weight Total Return Index
hdfc-nifty-100-index-fund-direct-growth,INF179KC1BY3,2026-08-31,2026-09-29,NIFTY 100 Total Return Index
hdfc-nifty-50-index-fund-direct-growth,INF179K01WM1,2026-08-31,2026-09-29,NIFTY 50 Total Return Index
hdfc-nifty-auto-index-fund-direct-growth,INF179KC1KQ0,2026-08-31,2026-09-29,NIFTY Auto Total Return Index
hdfc-nifty-g-sec-apr-2029-index-fund-direct-growth,INF179KC1FQ0,2026-08-31,2026-09-29,NIFTY G-Sec Apr 2029 Index
hdfc-nifty-g-sec-dec-2026-index-direct-growth,INF179KC1EE9,2026-08-31,2026-09-29,Nifty G-sec Dec 2026 Index
hdfc-nifty-g-sec-july-2031-index-direct-growth,INF179KC1EH2,2026-08-31,2026-09-29,Nifty G-Sec July 2031 Index
hdfc-nifty-g-sec-jun-2027-index-direct-growth,INF179KC1EJ8,2026-08-31,2026-09-29,Nifty G-Sec Jun 2027 Index
hdfc-nifty-g-sec-jun-2036-index-fund-direct-growth,INF179KC1FS6,2026-08-31,2026-09-29,Nifty G-Sec Jun 2036 Index
hdfc-nifty-g-sec-sep-2032-index-direct-growth,INF179KC1EL4,2026-08-31,2026-09-29,Nifty G-Sec Sep 2032 Index
hdfc-nifty-india-consumption-index-fund-direct-growth,INF179KC1KA4,2026-08-31,2026-09-29,NIFTY India Consumption Total Return Index
hdfc-nifty-india-digital-index-fund-direct-growth,INF179KC1JB4,2026-08-31,2026-09-29,Nifty India Digital Total Return Index
hdfc-nifty-largemidcap-250-index-fund-direct-growth,INF179KC1IQ4,2026-08-31,2026-09-29,NIFTY Large Midcap 250 Total Return Index
hdfc-nifty-metal-etf-fof-direct-growth,INF179KC1KS6,2026-08-31,2026-09-29,NIFTY Metal Total Return Index
hdfc-nifty-midcap-150-index-fund-direct-growth,INF179KC1GC8,2026-08-31,2026-09-29,NIFTY Midcap 150 Total Return Index
hdfc-nifty-next-50-index-fund-direct-growth,INF179KC1BQ9,2026-08-31,2026-09-29,NIFTY Next 50 Total Return Index
hdfc-nifty-realty-index-fund-direct-growth,INF179KC1IE0,2026-08-31,2026-09-29,NIFTY Realty Total Return Index
hdfc-nifty-sdl-oct-2026-index-fund-direct-growth,INF179KC1FI7,2026-08-31,2026-09-29,Nifty SDL Oct 2026 Index
hdfc-nifty-smallcap-250-index-fund-direct-growth,INF179KC1GE4,2026-08-31,2026-09-29,NIFTY Smallcap 250 Total Return Index
hdfc-nifty-top-20-equal-weight-index-fund-direct-growth,INF179KC1JI9,2026-08-31,2026-09-29,Nifty Top 20 Equal Weight Total Return Index
hdfc-nifty100-low-volatility-30-index-fund-direct-growth,INF179KC1IM3,2026-08-31,2026-09-29,NIFTY 100 Low Volatility 30 Total Return Index
hdfc-nifty100-quality-30-index-fund-direct-growth,INF179KC1JF5,2026-08-31,2026-09-29,NIFTY 100 Quality 30 Total Return Index
hdfc-nifty200-momentum-30-index-fund-direct-growth,INF179KC1IC4,2026-08-31,2026-09-29,Nifty 200 Momentum 30 Total Return Index
hdfc-nifty50-equal-weight-index-fund-direct-growth,INF179KC1BM8,2026-08-31,2026-09-29,NIFTY 50 Equal Weight Total Return Index
hdfc-overnight-fund-direct-growth,INF179KB1HT1,2026-08-31,2026-09-29,CRISIL Liquid Overnight Index
hdfc-pharma-and-healthcare-fund-direct-growth,INF179KC1HO1,2026-08-31,2026-09-29,BSE Healthcare Total Return Index
hdfc-retirement-fund-equity-plan-direct-growth,INF179KB1MF0,2026-08-31,2026-09-29,NIFTY 500 Total Return Index
hdfc-retirement-fund-hybrid-debt-plan-direct-growth,INF179KB1MJ2,2026-08-31,2026-09-29,NIFTY 50 Hybrid Composite Debt 15:85 Conservative Index
hdfc-retirement-fund-hybrid-equity-plan-direct-growth,INF179KB1MH6,2026-08-31,2026-09-29,NIFTY 50 Hybrid Composite Debt 65:35 Index
hdfc-silver-etf-fof-direct-growth,INF179KC1DU7,2026-08-31,2026-09-29,Domestic Price of Silver
hdfc-small-cap-fund-direct-growth,INF179KA1RW5,2026-08-31,2026-09-29,BSE 250 SmallCap Total Return Index
hdfc-technology-fund-direct-growth,INF179KC1HI3,2026-08-31,2026-09-29,BSE Teck Total Return Index
hdfc-transportation-and-logistics-fund-direct-growth,INF179KC1GU0,2026-08-31,2026-09-29,Nifty Transportation & Logistics Total Return Index
hdfc-ultra-short-term-fund-direct-growth,INF179KB15Q6,2026-08-31,2026-09-29,CRISIL Ultra Short Duration Debt A-I Index
hdfc-ultra-short-to-short-term-fund-direct-growth,INF179K01VF7,2026-08-31,2026-09-29,NIFTY Low Duration Debt Index A-I
helios-arbitrage-fund-direct-growth,INF0R8701442,2026-08-31,2026-09-29,NIFTY 50 Arbitrage Total Return Index
helios-balanced-advantage-fund-direct-growth,INF0R8701145,2026-08-31,2026-09-29,CRISIL Hybrid 50+50 Moderate Index
helios-financial-services-fund-direct-growth,INF0R8701202,2026-08-31,2026-09-29,NIFTY Financial Services Total Return Index
helios-flexi-cap-fund-direct-growth,INF0R8701046,2026-08-31,2026-09-29,NIFTY 500 Total Return Index
helios-large-mid-cap-fund-direct-growth,INF0R8701269,2026-08-31,2026-09-29,NIFTY Large Midcap 250 Total Return Index
helios-mid-cap-fund-direct-growth,INF0R8701327,2026-08-31,2026-09-29,NIFTY Midcap 150 Total Return Index
helios-overnight-fund-direct-growth,INF0R8701079,2026-08-31,2026-09-29,CRISIL Liquid Overnight Index
helios-small-cap-fund-direct-growth,INF0R8701384,2026-08-31,2026-09-29,NIFTY Smallcap 250 Total Return Index
hsbc-aggressive-hybrid-active-fof-direct-growth,INF336L01ID3,2026-08-31,2026-09-29,CRISIL Hybrid 35+65 Aggressive Index
hsbc-aggressive-hybrid-fund-direct-growth,INF917K01LE4,2026-08-31,2026-09-29,NIFTY 50 Hybrid Composite Debt 65:35 Index
hsbc-arbitrage-fund-direct-growth,INF917K01QR5,2026-08-31,2026-09-29,NIFTY 50 Arbitrage Total Return Index
hsbc-balanced-advantage-fund-direct-growth,INF917K01IN1,2026-08-31,2026-09-29,NIFTY 50 Hybrid Composite Debt 50:50 Index
hsbc-banking-and-psu-debt-fund-direct-growth,INF917K01HH5,2026-08-31,2026-10-01,Nifty Banking & PSU Debt Index A-II
hsbc-business-cycles-fund-direct-growth,INF917K01RI2,2026-08-31,2026-10-01,NIFTY 500 Total Return Index
hsbc-cash-fund-direct-growth,INF336L01CC8,2026-08-31,2026-10-01,NIFTY Liquid Index A-I
hsbc-consumption-fund-direct-growth,INF336L01QZ9,2026-08-31,2026-10-01,NIFTY India Consumption Total Return Index
hsbc-corporate-bond-direct-growth,INF917K01HN3,2026-08-31,2026-10-01,Nifty Corporate Bond Index A-II
hsbc-credit-risk-fund-direct-growth,INF917K01UH8,2026-08-31,2026-10-01,NIFTY Credit Risk Bond Index B-II
hsbc-crisil-ibx-gilt-june-2027-index-fund-direct-growth,INF336L01QT2,2026-08-31,2026-10-01,CRISIL IBX Gilt Index - June 2027
hsbc-dynamic-term-fund-direct-growth,INF917K01HA0,2026-08-31,2026-10-01,NIFTY Composite Debt Index A-III
hsbc-elss-fund-direct-growth,INF917K01GP0,2026-08-31,2026-10-01,NIFTY 500 Total Return Index
hsbc-equity-fund-direct-growth,INF336L01CM7,2026-08-31,2026-10-01,NIFTY 100 Total Return Index
hsbc-equity-savings-fund-direct-growth,INF917K01GE4,2026-08-31,2026-10-01,NIFTY Equity Savings Total Return Index
hsbc-financial-services-fund-direct-growth,INF336L01RU8,2026-08-31,2026-10-01,BSE Financial Services Total Return Index
hsbc-focused-fund-direct-growth,INF336L01PB2,2026-08-31,2026-10-01,NIFTY 500 Total Return Index
hsbc-gilt-fund-direct-growth,INF917K01FI7,2026-08-31,2026-10-01,NIFTY All Duration G-Sec Index
hsbc-gold-etf-fof-direct-growth,INF336L01SB6,2026-08-31,2026-10-01,Domestic Price of Gold
hsbc-i-come-plus-arbitrage-active-fof-direct-growth,INF336L01IP7,2026-08-31,2026-10-01,Nifty 500
hsbc-india-export-opportunities-fund-direct-growth,INF336L01RO1,2026-08-31,2026-10-01,NIFTY 500 Total Return Index
hsbc-india-opportunities-fund-direct-growth,INF336L01DH5,2026-08-31,2026-10-01,NIFTY 500 Total Return Index
hsbc-infrastructure-fund-direct-growth,INF917K01FW8,2026-08-31,2026-10-01,NIFTY Infrastructure Total Return Index
hsbc-large-and-mid-cap-fund-direct-growth,INF336L01NV5,2026-08-31,2026-10-01,NIFTY Large Midcap 250 Total Return Index
hsbc-medium-term-fund-direct-growth,INF917K01TK4,2026-08-31,2026-10-01,NIFTY Medium Duration Debt Index A-III
hsbc-medium-to-long-term-fund-direct-growth,INF336L01DE2,2026-08-31,2026-10-01,NIFTY Medium to Long Duration Debt Index A-III
hsbc-midcap-fund-direct-growth,INF917K01FZ1,2026-08-31,2026-10-01,NIFTY Midcap 150 Total Return Index
hsbc-money-market-fund-direct-growth,INF917K01FE6,2026-08-31,2026-10-01,NIFTY Money Market Index A-I
hsbc-monthly-i-come-plan-direct-growth,INF336L01DW4,2026-08-31,2026-10-01,NIFTY 50 Hybrid Composite Debt 15:85 Conservative Index
hsbc-multi-asset-active-fof-direct-growth,INF336L01IJ0,2026-08-31,2026-10-01,CRISIL Hybrid 35+65 Aggressive Index
hsbc-multi-asset-allocation-fund-direct-growth,INF336L01RI3,2026-08-31,2026-10-01,
hsbc-multi-cap-fund-direct-growth,INF336L01QN5,2026-08-31,2026-10-01,Nifty 500 Multicap 50:25:25 Total Return Index
hsbc-nifty-50-index-fund-direct-growth,INF917K01D12,2026-08-31,2026-10-01,NIFTY 50 Total Return Index
hsbc-nifty-next-50-index-fund-direct-growth,INF917K01D79,2026-08-31,2026-10-01,NIFTY Next 50 Total Return Index
hsbc-overnight-fund-direct-growth,INF336L01OF6,2026-08-31,2026-10-01,NIFTY 1D Rate Index
hsbc-short-term-fund-direct-growth,INF917K01IQ4,2026-08-31,2026-10-01,NIFTY Short Duration Debt Index A-II
hsbc-small-cap-fund-direct-growth,INF917K01QA1,2026-08-31,2026-10-01,NIFTY Smallcap 250 Total Return Index
hsbc-ultra-short-term-fund-direct-growth,INF336L01OR1,2026-08-31,2026-10-01,NIFTY Ultra Short Duration Debt Index A-I
hsbc-ultra-short-to-short-term-fund-direct-growth,INF917K01GM7,2026-08-31,2026-10-01,NIFTY Low Duration Debt Index A-I
hsbc-value-fund-direct-growth,INF917K01HD4,2026-08-31,2026-10-01,NIFTY 500 Total Return Index
icici-prudential-10-year-constant-maturity-gilt-fund-direct-growth,INF109KA1O37,2026-08-31,2026-10-01,CRISIL 10-Year Gilt
icici-prudential-active-momentum-fund-direct-growth,INF109K1A385,2026-08-31,2026-10-01,NIFTY 500 Total Return Index
icici-prudential-aggressive-hybrid-active-fof-direct-growth,INF109K01X40,2026-08-31,2026-10-01,CRISIL Hybrid 35+65 Aggressive Index
icici-prudential-aggressive-hybrid-fund-direct-growth,INF109K01Y07,2026-08-31,2026-10-01,CRISIL Hybrid 35+65 Aggressive Index
icici-prudential-arbitrage-direct-growth,INF109K016O4,2026-08-31,2026-10-01,NIFTY 50 Arbitrage Total Return Index
icici-prudential-balanced-advantage-fund-direct-growth,INF109K012B0,2026-08-31,2026-10-01,CRISIL Hybrid 50+50 Moderate Index
icici-prudential-balanced-hybrid-fund-direct-growth,INF109K1A518,2026-08-31,2026-10-01,CRISIL Hybrid 50+50 Moderate Index
icici-prudential-banking-and-financial-services-fund-direct-growth,INF109K013J1,2026-08-31,2026-10-01,NIFTY Financial Services Total Return Index
icici-prudential-banking-and-psu-debt-fund-direct-growth,INF109K010A6,2026-08-31,2026-10-01,Nifty Banking & PSU Debt Index A-II
icici-prudential-bharat-22-fof-direct-growth,INF109KC1FX1,2026-08-31,2026-10-01,BSE Bharat 22 Total Return Index
icici-prudential-bharat-consumption-fund-direct-growth,INF109KC1YD4,2026-08-31,2026-10-01,NIFTY India Consumption Total Return Index
icici-prudential-bse-500-etf-fof-direct-growth,INF109KC1V91,2026-08-31,2026-10-01,BSE 500 Total Return Index
icici-prudential-bse-sensex-index-fund-direct-growth,INF109KB10X0,2026-08-31,2026-10-01,BSE Sensex Total Return Index
icici-prudential-business-cycle-fund-direct-growth,INF109KC1P24,2026-08-31,2026-10-01,NIFTY 500 Total Return Index
icici-prudential-commodities-fund-direct-growth,INF109KC1F91,2026-08-31,2026-10-01,NIFTY Commodities Total Return Index
icici-prudential-conglomerate-fund-direct-growth,INF109K1A427,2026-08-31,2026-10-01,BSE Select Business Groups Index
icici-prudential-conservative-hybrid-fund-direct-growth,INF109K01S39,2026-08-31,2026-10-01,NIFTY 50 Hybrid Composite Debt 15:85 Conservative Index
icici-prudential-contra-fund-direct-growth,,,2026-10-01,
icici-prudential-credit-risk-fund-direct-growth,INF109K01V00,2026-08-31,2026-10-01,CRISIL Credit Risk Debt B-II Index
icici-prudential-crisil-ibx-financial-services-3-6-months-debt-index-fund-direct-growth,INF109K1A062,2026-08-31,2026-10-01,CRISIL-IBX Financial Services 3 to 6 Months Debt Index
icici-prudential-diversified-debt-strategy-active-fof-direct-growth,INF109K01X73,2026-08-31,2026-10-01,NIFTY Composite Debt Index A-III
icici-prudential-diversified-equity-all-cap-active-fof-direct-growth,INF109K1A468,2026-08-31,2026-10-01,NIFTY 500 Total Return Index
icici-prudential-diversified-equity-all-cap-omni-fof-direct-growth,INF109KC1I49,2026-08-31,2026-10-01,BSE 500 Total Return Index
icici-prudential-dividend-yield-fund-direct-growth,INF109KA1UA0,2026-08-31,2026-10-01,NIFTY 500 Total Return Index
icici-prudential-dynamic-asset-allocation-active-fof-direct-growth,INF109K01X16,2026-08-31,2026-10-01,CRISIL Hybrid 50+50 Moderate Index
icici-prudential-dynamic-asset-allocation-passive-fof-direct-growth,,,2026-10-01,
icici-prudential-dynamic-term-fund-direct-growth,INF109K016E5,2026-08-31,2026-10-01,NIFTY Composite Debt Index A-III
icici-prudential-elss-tax-saver-fund-direct-growth,INF109K01Y31,2026-08-31,2026-10-01,NIFTY 500 Total Return Index
icici-prudential-energy-opportunities-fund-direct-growth,INF109KC12W6,2026-08-31,2026-10-01,NIFTY Energy Total Return Index
icici-prudential-equity-i-come-fund-direct-growth,INF109KA11J9,2026-08-31,2026-10-01,NIFTY Equity Savings Total Return Index
icici-prudential-equity-minimum-variance-fund-direct-growth,INF109KC10Y6,2026-08-31,2026-10-01,NIFTY 50 Total Return Index
icici-prudential-esg-exclusionary-strategy-fund-direct-growth,INF109KC1O09,2026-08-31,2026-10-01,NIFTY 100 ESG Total Return Index
icici-prudential-exports-and-other-services-fund-direct-growth,INF109K01W25,2026-08-31,2026-10-01,BSE 500 Total Return Index
icici-prudential-flexi-cap-fund-direct-growth,INF109KC1R14,2026-08-31,2026-10-01,BSE 500 Total Return Index
icici-prudential-floating-interest-rates-fund-direct-growth,INF109K01P57,2026-08-31,2026-10-01,NIFTY Short Duration Debt Index A-II
icici-prudential-fmcg-direct-growth,INF109K01Z14,2026-08-31,2026-10-01,NIFTY FMCG Total Return Index
icici-prudential-focused-fund-direct-growth,INF109K018N2,2026-08-31,2026-10-01,BSE 500 Total Return Index
icici-prudential-gold-etf-fof-direct-growth,INF109K01U92,2026-08-31,2026-10-01,Domestic Price of Gold
icici-prudential-healthcare-fund-direct-growth,INF109KC1GH2,2026-08-31,2026-10-01,BSE Healthcare Total Return Index
icici-prudential-housing-opportunities-fund-direct-growth,INF109KC10C2,2026-08-31,2026-10-01,Nifty Housing Total Return Index
icici-prudential-i-come-plus-arbitrage-omni-fof-direct-growth,INF109K01W82,2026-08-31,2026-10-01,Nifty 500
icici-prudential-india-opportunities-fund-direct-growth,INF109KC1RH9,2026-08-31,2026-10-01,NIFTY 500 Total Return Index
icici-prudential-infrastructure-fund-direct-growth,INF109K018M4,2026-08-31,2026-10-01,BSE India Infrastructure Total Return Index
icici-prudential-innovation-fund-direct-growth,INF109KC12T2,2026-08-31,2026-10-01,NIFTY 500 Total Return Index
icici-prudential-large-cap-fund-direct-growth,INF109K016L0,2026-08-31,2026-10-01,NIFTY 100 Total Return Index
icici-prudential-life-cycle-fund-2031-direct-growth,,,2026-10-01,
icici-prudential-life-cycle-fund-2036-direct-growth,,,2026-10-01,
icici-prudential-life-cycle-fund-2041-direct-growth,,,2026-10-01,
icici-prudential-long-term-fund-direct-growth,INF109K017L8,2026-08-31,2026-10-01,CRISIL Long Duration Debt A-III Index
icici-prudential-long-term-gilt-fund-direct-growth,INF109K018C5,2026-08-31,2026-10-01,NIFTY All Duration G-Sec Index
icici-prudential-manufacturing-fund-direct-growth,INF109KC1LJ8,2026-08-31,2026-10-01,Nifty India Manufacturing Total Return Index
icici-prudential-medium-term-fund-direct-growth,INF109K015A5,2026-08-31,2026-10-01,NIFTY Medium Duration Debt Index A-III
icici-prudential-medium-to-long-term-fund-direct-growth,INF109K01V83,2026-08-31,2026-10-01,CRISIL Medium to Long Duration Debt A-III Index
icici-prudential-mnc-fund-direct-growth,INF109KC1D93,2026-08-31,2026-10-01,NIFTY MNC Total Return Index
icici-prudential-money-market-fund-direct-growth,INF109K01R14,2026-08-31,2026-10-01,NIFTY Money Market Index A-I
icici-prudential-multi-asset-active-fof-direct-growth,INF109K1A559,2026-08-31,2026-10-01,
icici-prudential-multi-asset-allocation-fund-direct-growth,INF109K015K4,2026-08-31,2026-10-01,Groww Equity Hybrid
icici-prudential-multi-cap-fund-direct-growth,INF109K014O9,2026-08-31,2026-10-01,Nifty 500 Multicap 50:25:25 Total Return Index
icici-prudential-multi-sector-passive-fof-direct-growth,INF109K01W58,2026-08-31,2026-10-01,NIFTY 500 Total Return Index
icici-prudential-nifty-100-low-volatility-30-etf-fof-direct-growth,INF109KC1P81,2026-08-31,2026-10-01,NIFTY 100 Low Volatility 30 Total Return Index
icici-prudential-nifty-200-momentum-30-index-fund-direct-growth,INF109KC11D8,2026-08-31,2026-10-01,Nifty 200 Momentum 30 Total Return Index
icici-prudential-nifty-500-index-fund-direct-growth,INF109KC16Y3,2026-08-31,2026-10-01,NIFTY 500 Total Return Index
icici-prudential-nifty-alpha-low-volatility-30-etf-fof-direct-growth,INF109KC1R89,2026-08-31,2026-10-01,Nifty Alpha Low Volatility 30 Total Return Index
icici-prudential-nifty-auto-index-fund-direct-growth,INF109KC16J4,2026-08-31,2026-10-02,NIFTY Auto Total Return Index
icici-prudential-nifty-bank-index-fund-direct-growth,INF109KC11A4,2026-08-31,2026-10-02,NIFTY Bank Total Return Index
icici-prudential-nifty-ev-new-age-automotive-etf-fof-direct-growth,INF109K1A120,2026-08-31,2026-10-02,Nifty EV and New Age Automotive Total Return Index
icici-prudential-nifty-g-sec-dec-2030-index-fund-direct-growth,INF109KC18K8,2026-08-31,2026-10-02,Nifty G-sec Dec 2030 Index
icici-prudential-nifty-index-fund-direct-growth,INF109K012M7,2026-08-31,2026-10-02,NIFTY 50 Total Return Index
icici-prudential-nifty-it-index-fund-direct-growth,INF109KC13E2,2026-08-31,2026-10-02,NIFTY IT Total Return Index
icici-prudential-nifty-largemidcap-250-index-fund-direct-growth,INF109KC12U0,2026-08-31,2026-10-02,NIFTY Large Midcap 250 Total Return Index
icici-prudential-nifty-midcap-150-index-fund-direct-growth,INF109KC1W58,2026-08-31,2026-10-02,NIFTY Midcap 150 Total Return Index
icici-prudential-nifty-next-50-index-fund-direct-growth,INF109K01Y80,2026-08-31,2026-10-02,NIFTY Next 50 Total Return Index
icici-prudential-nifty-pharma-index-fund-direct-growth,INF109KC11M9,2026-08-31,2026-10-02,NIFTY Pharma Total Return Index
icici-prudential-nifty-private-bank-index-fund-direct-growth,INF109K1A369,2026-08-31,2026-10-02,Nifty Private Bank TRI
icici-prudential-nifty-sdl-dec-2028-index-fund-direct-growth,INF109KC14L5,2026-08-31,2026-10-02,Nifty SDL Dec 2028 Index
icici-prudential-nifty-sdl-sep-2027-index-fund-direct-growth,INF109KC14B6,2026-08-31,2026-10-02,Nifty SDL Sep 2027 Index
icici-prudential-nifty-smallcap-250-index-fund-direct-growth,INF109KC1V18,2026-08-31,2026-10-02,NIFTY Smallcap 250 Total Return Index
icici-prudential-nifty-top-15-equal-weight-index-fund-direct-growth,INF109K1A310,2026-08-31,2026-10-02,Nifty Top 15 Equal Weight Total Return Index
icici-prudential-nifty200-quality-30-index-fund-direct-growth,INF109K1A252,2026-08-31,2026-10-02,NIFTY 200 Quality 30 Total Return Index
icici-prudential-nifty200-value-30-index-fund-direct-growth,INF109KC13X2,2026-08-31,2026-10-02,Nifty200 Value 30 Total Return Index
icici-prudential-nifty50-equal-weight-index-fund-direct-growth,INF109KC10J7,2026-08-31,2026-10-02,NIFTY 50 Equal Weight Total Return Index
icici-prudential-nifty50-value-20-index-fund-direct-growth,INF109KC16T3,2026-08-31,2026-10-02,NIFTY 50 Value 20 Total Return Index
icici-prudential-overnight-fund-direct-growth,INF109KC11G1,2026-08-31,2026-10-02,CRISIL Liquid Overnight Index
icici-prudential-psu-equity-fund-direct-growth,INF109KC12I5,2026-08-31,2026-10-02,BSE PSU Total Return Index
icici-prudential-quality-fund-direct-growth,INF109K1A187,2026-08-31,2026-10-02,NIFTY 200 Quality 30 Total Return Index
icici-prudential-quant-fund-direct-growth,INF109KC1O66,2026-08-31,2026-10-02,BSE 200 Total Return Index
icici-prudential-regular-i-come-fund-direct-growth,INF109K01T04,2026-08-31,2026-10-02,NIFTY Ultra Short Duration Debt Index A-I
icici-prudential-retirement-fund-hybrid-aggressive-plan-direct-growth,INF109KC1TW4,2026-08-31,2026-10-02,CRISIL Hybrid 35+65 Aggressive Index
icici-prudential-retirement-fund-hybrid-conservative-plan-direct-growth,INF109KC1UA8,2026-08-31,2026-10-02,NIFTY 50 Hybrid Composite Debt 15:85 Conservative Index
icici-prudential-retirement-fund-pure-debt-plan-direct-growth,INF109KC1UE0,2026-08-31,2026-10-02,NIFTY Composite Debt Index
icici-prudential-retirement-fund-pure-equity-plan-direct-growth,INF109KC1TS2,2026-08-31,2026-10-02,NIFTY 500 Total Return Index
icici-prudential-rural-opportunities-fund-direct-growth,INF109KC12Z9,2026-08-31,2026-10-02,Nifty Rural Total Return Index
icici-prudential-short-term-plan-direct-growth,INF109K013N3,2026-08-31,2026-10-02,NIFTY Short Duration Debt Index A-II
icici-prudential-silver-etf-fof-direct-growth,INF109KC1Y98,2026-08-31,2026-10-02,Domestic Price of Silver
icici-prudential-small-cap-fund-direct-growth,INF109K015M0,2026-08-31,2026-10-02,NIFTY Smallcap 250 Total Return Index
icici-prudential-technology-fund-direct-growth,INF109K01Z48,2026-08-31,2026-10-02,BSE Teck Total Return Index
icici-prudential-top-100-fund-direct-growth,INF109K011O5,2026-08-31,2026-10-02,NIFTY Large Midcap 250 Total Return Index
icici-prudential-transportation-and-logistics-fund-direct-growth,INF109KC12K1,2026-08-31,2026-10-02,Nifty Transportation & Logistics Total Return Index
icici-prudential-ultra-short-to-short-term-fund-direct-growth,INF109K01O82,2026-08-31,2026-10-02,NIFTY Low Duration Debt Index A-I
icici-prudential-value-direct-growth,INF109K012K1,2026-08-31,2026-10-02,NIFTY 500 Total Return Index
idfc-arbitrage-fund-direct-growth,INF194K01Y60,2026-08-31,2026-10-02,NIFTY 50 Arbitrage Total Return Index
idfc-cash-fund-direct-growth,INF194K01I60,2026-08-31,2026-10-02,NIFTY Liquid Index A-I
idfc-corporate-bond-fund-direct-growth,INF194KA1M23,2026-08-31,2026-10-02,Nifty Corporate Bond Index A-II
idfc-dynamic-equity-fund-direct-growth,INF194KA1UH1,2026-08-31,2026-10-02,NIFTY 50 Hybrid Composite Debt 50:50 Index
idfc-equity-fund-direct-growth,INF194K01Z44,2026-08-31,2026-10-02,BSE 100 Total Return Index
idfc-infrastructure-fund-direct-growth,INF194K01X46,2026-08-31,2026-10-02,BSE India Infrastructure Total Return Index
idfc-nifty-fund-direct-growth,INF194K012A8,2026-08-31,2026-10-02,NIFTY 50 Total Return Index
idfc-premier-equity-fund-direct-growth,INF194K01W62,2026-08-31,2026-10-02,BSE 500 Total Return Index
iifl-liquid-fund-direct-growth,INF579M01621,2026-08-31,2026-10-02,CRISIL Liquid Debt A-I Index
infinity-hybrid-long-short-fund-direct-growth,,,2026-10-02,
invesco-india-active-i-come-fund-direct-growth,INF205K01RF8,2026-08-31,2026-10-02,Nifty Corporate Bond Index A-II
invesco-india-aggressive-hybrid-fund-direct-growth,INF205K014Q7,2026-08-31,2026-10-02,CRISIL Hybrid 35+65 Aggressive Index
invesco-india-arbitrage-fund-direct-growth,INF205K01KR8,2026-08-31,2026-10-02,NIFTY 50 Arbitrage Total Return Index
invesco-india-banking-and-psu-debt-fund-direct-growth,INF205K01KT4,2026-08-31,2026-10-02,Nifty Banking & PSU Debt Index A-II
invesco-india-banking-fund-direct-growth,INF205K01KY4,2026-08-31,2026-10-02,NIFTY Financial Services Total Return Index
invesco-india-bse-sensex-index-fund-direct-growth,INF205KA1BM8,2026-08-31,2026-10-02,BSE Sensex Total Return Index
invesco-india-business-cycle-fund-direct-growth,INF205KA1AI8,2026-08-31,2026-10-02,NIFTY 500 Total Return Index
invesco-india-consumption-fund-direct-growth,INF205KA1BI6,2026-08-31,2026-10-02,NIFTY India Consumption Total Return Index
invesco-india-contra-fund-direct-growth,INF205K01LE4,2026-08-31,2026-10-02,BSE 500 Total Return Index
invesco-india-corporate-bond-opportunities-fund-direct-growth,INF205K01I83,2026-08-31,2026-10-02,NIFTY Credit Risk Bond Index B-II
invesco-india-credit-opportunities-fund-direct-growth,INF205K01RY9,2026-08-31,2026-10-02,NIFTY Money Market Index A-I
invesco-india-dynamic-equity-fund-direct-growth,INF205K01LN5,2026-08-31,2026-10-02,NIFTY 50 Hybrid Composite Debt 50:50 Index
invesco-india-elss-tax-saver-fund-direct-growth,INF205K01NT8,2026-08-31,2026-10-02,BSE 500 Total Return Index
invesco-india-equity-savings-fund-direct-growth,INF205KA1049,2026-08-31,2026-10-02,NIFTY Equity Savings Total Return Index
invesco-india-esg-integration-strategy-fund-direct-growth,INF205KA1338,2026-08-31,2026-10-02,NIFTY 100 ESG Total Return Index
invesco-india-flexi-cap-fund-direct-growth,INF205KA1494,2026-08-31,2026-10-02,BSE 500 Total Return Index
invesco-india-focused-fund-direct-growth,INF205KA1213,2026-08-31,2026-10-02,BSE 500 Total Return Index
invesco-india-gilt-fund-direct-growth,INF205K01SN0,2026-08-31,2026-10-02,NIFTY All Duration G-Sec Index
invesco-india-gold-etf-fof-direct-growth,INF205K01NJ9,2026-08-31,2026-10-02,Domestic Price of Gold
invesco-india-i-come-plus-arbitrage-active-fof-direct-growth,INF205KA1BA3,2026-08-31,2026-10-02,
invesco-india-infrastructure-fund-direct-growth,INF205K01MD4,2026-08-31,2026-10-02,BSE India Infrastructure Total Return Index
invesco-india-invesco-global-consumer-trends-fof-direct-growth,INF205KA1270,2026-08-31,2026-10-02,MSCI World Consumer Discretionary Index - Net Dividend TRI
invesco-india-invesco-global-equity-i-come-fof-direct-growth,INF205K01B49,2026-08-31,2026-10-02,MSCI World Net Dividend Index
invesco-india-invesco-pan-european-equity-fof-direct-growth,INF205K01A24,2026-08-31,2026-10-02,MSCI Europe Total Return Index
invesco-india-large-cap-fund-direct-growth,INF205K01LB0,2026-08-31,2026-10-02,NIFTY 100 Total Return Index
invesco-india-large-mid-cap-fund-direct-growth,INF205K01MA0,2026-08-31,2026-10-02,NIFTY Large Midcap 250 Total Return Index
invesco-india-liquid-fund-direct-growth,INF205K01MF9,2026-08-31,2026-10-02,NIFTY Liquid Index A-I
invesco-india-manufacturing-fund-direct-growth,INF205KA1908,2026-08-31,2026-10-02,Nifty India Manufacturing Total Return Index
invesco-india-medium-term-fund-direct-growth,INF205KA1429,2026-08-31,2026-10-02,NIFTY Medium Duration Debt Index A-III
invesco-india-mid-cap-fund-direct-growth,INF205K01MV6,2026-08-31,2026-10-02,BSE 150 MidCap Total Return Index
invesco-india-multi-asset-allocation-fund-direct-growth,INF205KA1AC1,2026-08-31,2026-10-02,
invesco-india-multi-cap-fund-direct-growth,INF205K01MS2,2026-08-31,2026-10-02,Nifty 500 Multicap 50:25:25 Total Return Index
invesco-india-nifty-bank-index-fund-direct-growth,INF205KA1BO4,2026-08-31,2026-10-02,NIFTY Bank Total Return Index
invesco-india-nifty-g-sec-jul-2027-index-fund-direct-growth,INF205KA1775,2026-08-31,2026-10-02,Nifty G-sec Jul 2027 Index
invesco-india-nifty-g-sec-sep-2032-index-fund-direct-growth,INF205KA1817,2026-08-31,2026-10-02,Nifty G-Sec Sep 2032 Index
invesco-india-overnight-fund-direct-growth,INF205KA1163,2026-08-31,2026-10-02,NIFTY 1D Rate Index
invesco-india-pharma-and-healthcare-fund-direct-growth,,,2026-10-02,
invesco-india-psu-equity-fund-direct-growth,INF205K01NG5,2026-08-31,2026-10-02,BSE PSU Total Return Index
invesco-india-short-term-fund-direct-growth,INF205K01UH8,2026-08-31,2026-10-02,NIFTY Short Duration Debt Index A-II
invesco-india-small-cap-fund-direct-growth,INF205K013T3,2026-08-31,2026-10-02,BSE 250 SmallCap Total Return Index
invesco-india-technology-fund-direct-growth,INF205KA1965,2026-08-31,2026-10-02,NIFTY IT Total Return Index
invesco-india-ultra-short-term-fund-direct-growth,INF205K01TH0,2026-08-31,2026-10-02,NIFTY Ultra Short Duration Debt Index A-I
invesco-india-ultra-short-to-short-term-fund-direct-growth,INF205K01NY8,2026-08-31,2026-10-02,NIFTY Low Duration Debt Index A-I
isif-active-asset-allocator-long-short-fund-direct-growth,,,2026-10-02,
isif-equity-ex-top-100-long-short-fund-direct-growth,,,2026-10-02,
isif-equity-long-short-fund-direct-growth,,,2026-10-02,
isif-hybrid-long-short-fund-direct-growth,,,2026-10-02,
iti-arbitrage-fund-direct-growth,INF00XX01440,2026-08-31,2026-10-02,NIFTY 50 Arbitrage Total Return Index
iti-balanced-advantage-fund-direct-growth,INF00XX01689,2026-08-31,2026-10-02,NIFTY 50 Hybrid Composite Debt 50:50 Index
iti-banking-and-financial-services-fund-direct-growth,INF00XX01BU6,2026-08-31,2026-10-02,NIFTY Financial Services Total Return Index
iti-banking-psu-debt-fund-direct-growth,INF00XX01861,2026-08-31,2026-10-02,CRISIL Banking and PSU Debt A-II Index
iti-bharat-consumption-fund-direct-growth,INF00XX01DG1,2026-08-31,2026-10-02,NIFTY India Consumption Total Return Index
iti-business-cycle-fund-direct-growth,INF00XX01DM9,2026-08-31,2026-10-02,NIFTY 500 Total Return Index
iti-dynamic-term-fund-direct-growth,INF00XX01BC4,2026-08-31,2026-10-02,CRISIL Dynamic Bond A-III Index
iti-elss-tax-saver-fund-direct-growth,INF00XX01390,2026-08-31,2026-10-02,NIFTY 500 Total Return Index
iti-flexi-cap-fund-direct-growth,INF00XX01CO7,2026-08-31,2026-10-02,NIFTY 500 Total Return Index
iti-focused-fund-direct-growth,INF00XX01CS8,2026-08-31,2026-10-02,NIFTY 500 Total Return Index
iti-large-cap-fund-direct-growth,INF00XX01804,2026-08-31,2026-10-02,NIFTY 100 Total Return Index
iti-large-mid-cap-fund-direct-growth,INF00XX01DA4,2026-08-31,2026-10-02,NIFTY Large Midcap 250 Total Return Index
iti-liquid-fund-direct-growth,INF00XX01283,2026-08-31,2026-10-02,CRISIL Liquid Debt A-I Index
iti-mid-cap-fund-direct-growth,INF00XX01929,2026-08-31,2026-10-02,NIFTY Midcap 150 Total Return Index
iti-multi-asset-allocation-fund-direct-growth,,,2026-10-02,
iti-multi-cap-fund-direct-growth,INF00XX01168,2026-08-31,2026-10-02,Nifty 500 Multicap 50:25:25 Total Return Index
iti-overnight-fund-direct-growth,INF00XX01564,2026-08-31,2026-10-02,CRISIL Liquid Overnight Index
iti-pharma-and-healthcare-fund-direct-growth,INF00XX01BO9,2026-08-31,2026-10-02,NIFTY Healthcare Total Return Index.
iti-small-cap-fund-direct-growth,INF00XX01747,2026-08-31,2026-10-02,NIFTY Smallcap 250 Total Return Index
iti-ultra-short-term-fund-direct-growth,INF00XX01AE2,2026-08-31,2026-10-02,CRISIL Ultra Short Duration Debt A-I Index
iti-value-fund-direct-growth,INF00XX01AQ6,2026-08-31,2026-10-02,NIFTY 500 Total Return Index
jioblackrock-arbitrage-fund-direct-growth,INF22M001101,2026-08-31,2026-10-02,NIFTY 50 Arbitrage Total Return Index
jioblackrock-flexi-cap-fund-direct-growth,INF22M001093,2026-08-31,2026-10-02,NIFTY 500 Total Return Index
jioblackrock-large-cap-fund-direct-growth,INF22M001176,2026-08-31,2026-10-02,BSE 100 Total Return Index
jioblackrock-liquid-fund-direct-growth,INF22M001010,2026-08-31,2026-10-02,NIFTY Liquid Index A-I
jioblackrock-money-market-fund-direct-growth,INF22M001028,2026-08-31,2026-10-02,NIFTY Money Market Index A-I
jioblackrock-nifty-50-index-fund-direct-growth,INF22M001044,2026-08-31,2026-10-02,NIFTY 50 Total Return Index
jioblackrock-nifty-8-13-yr-g-sec-index-fund-direct-growth,INF22M001069,2026-08-31,2026-10-02,NIFTY 8-13 yr G-Sec Index
jioblackrock-nifty-midcap-150-index-fund-direct-growth,INF22M001077,2026-08-31,2026-10-02,NIFTY Midcap 150 Total Return Index
jioblackrock-nifty-next-50-index-fund-direct-growth,INF22M001085,2026-08-31,2026-10-02,NIFTY Next 50 Total Return Index
jioblackrock-nifty-smallcap-250-index-fund-direct-growth,INF22M001051,2026-08-31,2026-10-02,NIFTY Smallcap 250 Total Return Index
jioblackrock-overnight-fund-direct-growth,INF22M001036,2026-08-31,2026-10-02,NIFTY 1D Rate Index
jioblackrock-sector-rotation-fund-direct-growth,INF22M001168,2026-08-31,2026-10-02,NIFTY 500 Total Return Index
jioblackrock-short-term-fund-direct-growth,INF22M001143,2026-08-31,2026-10-02,NIFTY Short Duration Debt Index A-II
jioblackrock-ultra-short-to-short-term-fund-direct-growth,INF22M001150,2026-08-31,2026-10-02,NIFTY Low Duration Debt Index A-I
jm-aggressive-hybrid-fund-direct-growth,INF192K01BQ9,2026-08-31,2026-10-02,CRISIL Hybrid 35+65 Aggressive Index
jm-arbitrage-advantage-fund-direct-growth,INF192K01BN6,2026-08-31,2026-10-02,NIFTY 50 Arbitrage Total Return Index
jm-basic-fund-direct-growth,INF192K01BT3,2026-08-31,2026-10-02,BSE 500 Total Return Index
jm-core-11-fund-direct-growth,INF192K01BW7,2026-08-31,2026-10-02,BSE 500 Total Return Index
jm-dynamic-term-fund-direct-growth,INF192K01DD3,2026-08-31,2026-10-02,CRISIL Dynamic Bond A-III Index
jm-equity-direct-growth,INF192K01BZ0,2026-08-31,2026-10-02,BSE 100 Total Return Index
jm-flexi-cap-fund-direct-growth,INF192K01CC7,2026-08-31,2026-10-02,BSE 500 Total Return Index
jm-high-liquidity-direct-growth,INF192K01CM6,2026-08-31,2026-10-02,CRISIL Liquid Debt A-I Index
jm-large-mid-cap-fund-direct-growth,INF192K01NK7,2026-08-31,2026-10-02,NIFTY Large Midcap 250 Total Return Index
jm-medium-to-long-term-fund-direct-growth,INF192K01CW5,2026-08-31,2026-10-02,CRISIL Medium to Long Duration Debt A-III Index
jm-mid-cap-fund-direct-growth,INF192K01MV6,2026-08-31,2026-10-02,NIFTY Midcap 150 Total Return Index
jm-multi-asset-allocation-fund-direct-growth,INF192K01NQ4,2026-08-31,2026-10-02,
jm-overnight-fund-direct-growth,INF192K01MB8,2026-08-31,2026-10-02,CRISIL Liquid Overnight Index
jm-short-term-fund-direct-growth,INF192K01MP8,2026-08-31,2026-10-02,CRISIL Short Duration Debt A-II Index
jm-small-cap-fund-direct-growth,INF192K01NH3,2026-08-31,2026-10-02,NIFTY Smallcap 250 Total Return Index
kotak-active-momentum-fund-direct-growth,INF174KA1XA4,2026-08-31,2026-10-02,NIFTY 500 Total Return Index
kotak-aggressive-hybrid-fund-direct-growth,INF174K01F00,2026-08-31,2026-10-02,NIFTY 50 Hybrid Composite Debt 65:35 Index
kotak-arbitrage-fund-direct-growth,INF174K01LC6,2026-08-31,2026-10-02,NIFTY 50 Arbitrage Total Return Index
kotak-balanced-advantage-fund-direct-growth,INF174KA1210,2026-08-31,2026-10-02,NIFTY 50 Hybrid Composite Debt 50:50 Index
kotak-banking-and-psu-debt-fund-direct-growth,INF174K01KH7,2026-08-31,2026-10-02,CRISIL Banking and PSU Debt A-II Index
kotak-banking-financial-services-fund-direct-growth,INF174KA1MD1,2026-08-31,2026-10-02,NIFTY Financial Services Total Return Index
kotak-bse-housing-index-fund-direct-growth,INF174KA1OX5,2026-08-31,2026-10-02,BSE Housing Total Return Index
kotak-bse-psu-index-fund-direct-growth,INF174KA1SL1,2026-08-31,2026-10-02,BSE PSU Total Return Index
kotak-bse-sensex-index-fund-direct-growth,INF174KA1UV6,2026-08-31,2026-10-02,BSE Sensex Total Return Index
kotak-business-cycle-fund-direct-growth,INF174KA1JN6,2026-08-31,2026-10-02,NIFTY 500 Total Return Index
kotak-conservative-hybrid-fund-direct-growth,INF174K01JZ1,2026-08-31,2026-10-02,CRISIL Hybrid 85+15 Conservative Index
kotak-consumption-fund-direct-growth,INF174KA1PP8,2026-08-31,2026-10-02,NIFTY India Consumption Total Return Index
kotak-contra-fund-direct-growth,INF174K01KZ9,2026-08-31,2026-10-02,NIFTY 500 Total Return Index
kotak-corporate-bond-fund-direct-growth,INF178L01BY0,2026-08-31,2026-10-02,Nifty Corporate Bond Index A-II
kotak-crisil-ibx-aaa-bond-financial-services-index-dec-2026-fund-direct-growth,INF174KA1UX2,2026-08-31,2026-10-02,CRISIL IBX AAA Financial Services Index - Dec 2026
kotak-crisil-ibx-aaa-financial-services-index-sep-2027-fund-direct-growth,INF174KA1TF1,2026-08-31,2026-10-02,CRISIL IBX AAA Financial Services Index - Sep 2027
kotak-crisil-ibx-financial-services-3-6-months-debt-index-fund-direct-growth,INF174KA1VK7,2026-08-31,2026-10-02,CRISIL-IBX Financial Services 3 to 6 Months Debt Index
kotak-crisil-ibx-financial-services-9-to-12-months-debt-index-fund-direct-growth,INF174KA1XM9,2026-08-31,2026-10-02,CRISIL-IBX Financial Services 9-12 Months Debt Index
kotak-diversified-equity-all-cap-omni-fof-direct-growth,INF174KA1D26,2026-08-31,2026-10-02,NIFTY 500 Total Return Index
kotak-dividend-yield-fund-direct-growth,INF174KA1YI5,2026-08-31,2026-10-02,NIFTY 500 Total Return Index
kotak-dynamic-term-fund-direct-growth,INF174K01JU2,2026-08-31,2026-10-02,NIFTY Composite Debt Index A-III
kotak-energy-opportunities-fund-direct-growth,INF174KA1VX0,2026-08-31,2026-10-02,NIFTY Energy Total Return Index
kotak-equity-savings-fund-direct-growth,INF174K01D28,2026-08-31,2026-10-02,NIFTY Equity Savings Total Return Index
kotak-esg-exclusionary-strategy-fund-direct-growth,INF174KA1FI4,2026-08-31,2026-10-02,NIFTY 100 ESG Total Return Index
kotak-flexi-cap-fund-direct-growth,INF174K01LS2,2026-08-31,2026-10-02,NIFTY 500 Total Return Index
kotak-floater-short-term-direct-growth,INF174K01MW2,2026-08-31,2026-10-02,CRISIL Money Market A-I Index
kotak-floating-interest-rates-fund-direct-growth,INF174KA1EC0,2026-08-31,2026-10-02,NIFTY Short Duration Debt Index A-II
kotak-focused-fund-direct-growth,INF174KA1EN7,2026-08-31,2026-10-02,NIFTY 500 Total Return Index
kotak-gilt-investment-pf-trust-plan-direct-growth,INF174K01KM7,2026-08-31,2026-10-02,NIFTY All Duration G-Sec Index
kotak-gold-fund-direct-growth,INF174K01MP6,2026-08-31,2026-10-02,Domestic Price of Gold
kotak-gold-silver-passive-fof-direct-growth,INF174KA1XT4,2026-08-31,2026-10-02,Domestic Gold and Silver Prices
kotak-healthcare-fund-direct-growth,INF174KA1PZ7,2026-08-31,2026-10-02,NIFTY Healthcare Total Return Index.
kotak-i-come-opportunities-fund-direct-growth,INF174K01LZ7,2026-08-31,2026-10-02,CRISIL Credit Risk Debt B-II Index
kotak-i-come-plus-arbitrage-omni-fof-direct-growth,INF174KA1KJ2,2026-08-31,2026-10-02,NIFTY Composite Debt Index
kotak-infrastructure-economic-reform-fund-direct-growth,INF178L01AL9,2026-08-31,2026-10-02,NIFTY Infrastructure Total Return Index
kotak-large-cap-fund-direct-growth,INF174K01KW6,2026-08-31,2026-10-02,NIFTY 100 Total Return Index
kotak-large-mid-cap-fund-direct-growth,INF174K01LF9,2026-08-31,2026-10-02,NIFTY Large Midcap 250 Total Return Index
kotak-liquid-direct-growth,INF174K01NE8,2026-08-31,2026-10-02,NIFTY Liquid Index A-I
kotak-long-term-fund-direct-growth,INF174KA1RF5,2026-08-31,2026-10-02,CRISIL Long Duration Debt A-III Index
kotak-manufacture-in-india-fund-direct-growth,INF174KA1IF4,2026-08-31,2026-10-02,Nifty India Manufacturing Total Return Index
kotak-medium-term-fund-direct-growth,INF174K01VQ5,2026-08-31,2026-10-02,CRISIL Medium Duration Debt A-III Index
kotak-medium-to-long-term-fund-direct-growth,INF174K01JC0,2026-08-31,2026-10-02,CRISIL Medium to Long Duration Debt A-III Index
kotak-mid-cap-fund-direct-growth,INF174K01LT0,2026-08-31,2026-10-02,NIFTY Midcap 150 Total Return Index
kotak-midcap-fund-direct-growth,INF174K01KT2,2026-08-31,2026-10-02,NIFTY Smallcap 250 Total Return Index
kotak-mnc-fund-direct-growth,INF174KA1TG9,2026-08-31,2026-10-02,NIFTY MNC Total Return Index
kotak-multi-asset-active-fof-direct-growth,INF174KA1ZO0,2026-08-31,2026-10-02,
kotak-multi-asset-allocation-fund-direct-growth,INF174KA1PD4,2026-08-31,2026-10-02,
kotak-multi-asset-omni-fof-direct-growth,INF174K01LN3,2026-08-31,2026-10-02,NIFTY 50 Hybrid Composite debt 50:50 Index
kotak-multi-cap-fund-direct-growth,INF174KA1HV3,2026-08-31,2026-10-02,Nifty 500 Multicap 50:25:25 Total Return Index
kotak-multi-factor-passive-fof-direct-growth,INF174KA1ZG6,2026-08-31,2026-10-02,NIFTY 500 Total Return Index
kotak-multi-sector-omni-fof-direct-growth,,,2026-10-02,
kotak-nifty-100-equal-weight-index-fund-direct-growth,INF174KA1TY2,2026-08-31,2026-10-02,NIFTY 100 Equal Weight Total Return Index
kotak-nifty-100-low-volatility-30-index-fund-direct-growth,INF174KA1RZ3,2026-08-31,2026-10-02,NIFTY 100 Low Volatility 30 Total Return Index
kotak-nifty-200-momentum-30-index-fund-direct-growth,INF174KA1OB1,2026-08-31,2026-10-02,Nifty 200 Momentum 30 Total Return Index
kotak-nifty-200-quality-30-index-fund-direct-growth,INF174KA1WN9,2026-08-31,2026-10-02,NIFTY 200 Quality 30 Total Return Index
kotak-nifty-50-equal-weight-index-fund-direct-growth,INF174KA1UE2,2026-08-31,2026-10-02,NIFTY 50 Equal Weight Total Return Index
kotak-nifty-50-index-fund-direct-growth,INF174KA1HA7,2026-08-31,2026-10-02,NIFTY 50 Total Return Index
kotak-nifty-aaa-bond-financial-services-mar-2028-index-fund-direct-growth,INF174KA1WY6,2026-08-31,2026-10-02,Nifty AAA Financial Services Bond Mar 2028 Index
kotak-nifty-alpha-50-index-fund-direct-growth,INF174KA1XG1,2026-08-31,2026-10-02,Nifty Alpha 50 Total Return Index
kotak-nifty-alpha-low-volatility-30-index-fund-direct-growth,INF174KA1A29,2026-08-31,2026-10-02,Nifty Alpha Low Volatility 30 Total Return Index
kotak-nifty-bank-index-fund-direct-growth,INF174KA1C68,2026-08-31,2026-10-02,NIFTY Bank Total Return Index
kotak-nifty-commodities-index-fund-direct-growth,INF174KA1VE0,2026-08-31,2026-10-02,NIFTY Commodities Total Return Index
kotak-nifty-financial-services-ex-bank-index-fund-direct-growth,INF174KA1OR7,2026-08-31,2026-10-02,Nifty Financial Services Ex-Bank Total Return Index
kotak-nifty-g-sec-july-2033-index-fund-direct-growth,INF174KA1PJ1,2026-08-31,2026-10-02,Nifty G-Sec July 2033 Index
kotak-nifty-india-tourism-index-fund-direct-growth,INF174KA1SZ1,2026-08-31,2026-10-02,Nifty India Tourism Total Return Index
kotak-nifty-midcap-150-index-fund-direct-growth,INF174KA1VQ4,2026-08-31,2026-10-02,NIFTY Midcap 150 Total Return Index
kotak-nifty-midcap-150-momentum-50-index-fund-direct-growth,INF174KA1TM7,2026-08-31,2026-10-02,NIFTY Midcap 150 Momentum 50 Total Return Index
kotak-nifty-midcap-50-index-fund-direct-growth,INF174KA1SR8,2026-08-31,2026-10-02,NIFTY Midcap 50 Total Return Index
kotak-nifty-next-50-index-fund-direct-growth,INF174KA1GA9,2026-08-31,2026-10-02,NIFTY Next 50 Total Return Index
kotak-nifty-sdl-apr-2027-top-12-equal-weight-index-fund-direct-growth,INF174KA1IL2,2026-08-31,2026-10-02,Nifty SDL Apr 2027 Top 12 Equal Weight Index
kotak-nifty-sdl-apr-2032-top-12-equal-weight-index-fund-direct-growth,INF174KA1IR9,2026-08-31,2026-10-02,Nifty SDL Apr 2032 Top 12 Equal Weight Index
kotak-nifty-sdl-jul-2033-index-fund-direct-growth,INF174KA1MJ8,2026-08-31,2026-10-02,Nifty SDL Jul 2033 Index
kotak-nifty-smallcap-250-index-fund-direct-growth,INF174KA1UK9,2026-08-31,2026-10-02,NIFTY Smallcap 250 Total Return Index
kotak-nifty-smallcap-50-index-fund-direct-growth,INF174KA1NB3,2026-08-31,2026-10-02,NIFTY Smallcap 50 Total Return Index
kotak-nifty-top-10-equal-weight-index-fund-direct-growth,INF174KA1WD0,2026-08-31,2026-10-02,Nifty Top 10 Equal Weight Total Return Index
kotak-nifty200-value-30-index-fund-direct-growth,INF174KA1YP0,2026-08-31,2026-10-02,Nifty200 Value 30 Total Return Index
kotak-nifty500-momentum-50-index-fund-direct-growth,INF174KA1YC8,2026-08-31,2026-10-02,Nifty 500 Momentum 50 Total Return Index
kotak-overnight-fund-direct-growth,INF174KA1BF9,2026-08-31,2026-10-02,NIFTY 1D Rate Index
kotak-pioneer-fund-direct-growth,INF174KA1EZ1,2026-08-31,2026-10-02,
kotak-quant-fund-direct-growth,INF174KA1OL0,2026-08-31,2026-10-02,NIFTY 200 Total Return Index
kotak-rural-opportunities-fund-direct-growth,INF174KA1XW8,2026-08-31,2026-10-02,Nifty Rural Total Return Index
kotak-services-fund-direct-growth,INF174KA1YV8,2026-08-31,2026-10-02,NIFTY Services Sector Total Return Index
kotak-short-term-fund-direct-growth,INF174K01JI7,2026-08-31,2026-10-02,NIFTY Short Duration Debt Index A-II
kotak-silver-etf-fof-direct-growth,INF174KA1MQ3,2026-08-31,2026-10-02,Domestic Price of Silver
kotak-special-opportunities-fund-direct-growth,INF174KA1SF3,2026-08-31,2026-10-02,NIFTY 500 Total Return Index
kotak-taxsaver-direct-growth,INF174K01LI3,2026-08-31,2026-10-02,NIFTY 500 Total Return Index
kotak-technology-fund-direct-growth,INF174KA1QZ5,2026-08-31,2026-10-02,BSE Teck Total Return Index
kotak-transportation-logistics-fund-direct-growth,INF174KA1TS4,2026-08-31,2026-10-02,Nifty Transportation & Logistics Total Return Index
kotak-ultra-short-term-fund-direct-growth,INF174K01JP2,2026-08-31,2026-10-02,NIFTY Ultra Short Duration Debt Index A-I
kotak-ultra-short-to-short-term-fund-direct-growth,INF178L01AX4,2026-08-31,2026-10-02,NIFTY Low Duration Debt Index A-I
kotak-us-specific-equity-passive-fof-direct-growth,INF174KA1FQ7,2026-08-31,2026-10-02,Nasdaq 100 Total Return Index
lakshya-overnight-fund-direct-growth,,,2026-10-02,
lic-mf-arbitrage-fund-direct-growth,INF767K01PP0,2026-08-31,2026-10-02,NIFTY 50 Arbitrage Total Return Index
lic-mf-balanced-direct-growth,INF767K01ED0,2026-08-31,2026-10-02,CRISIL Hybrid 35+65 Aggressive Index
lic-mf-banking-financial-services-fund-direct-growth,INF767K01NK6,2026-08-31,2026-10-02,NIFTY Financial Services Total Return Index
lic-mf-banking-psu-debt-fund-direct-growth,INF767K01GI4,2026-08-31,2026-10-02,Nifty Banking & PSU Debt Index A-II
lic-mf-bse-sensex-index-fund-direct-growth,INF767K01FJ4,2026-08-31,2026-10-02,BSE Sensex Total Return Index
lic-mf-consumption-fund-direct-growth,INF767K01SD0,2026-08-31,2026-10-02,NIFTY India Consumption Total Return Index
lic-mf-dividend-yield-fund-direct-growth,INF397L01LC1,2026-08-31,2026-10-02,NIFTY 500 Total Return Index
lic-mf-elss-tax-saver-fund-direct-growth,INF767K01EM1,2026-08-31,2026-10-02,NIFTY 500 Total Return Index
lic-mf-equity-fund-direct-growth,INF767K01EG3,2026-08-31,2026-10-02,NIFTY 500 Total Return Index
lic-mf-equity-savings-fund-direct-growth,INF397L01AZ5,2026-08-31,2026-10-02,NIFTY Equity Savings Total Return Index
lic-mf-focused-fund-direct-growth,INF397L01KA7,2026-08-31,2026-10-02,NIFTY 500 Total Return Index
lic-mf-g-sec-fund-direct-growth,INF767K01EZ3,2026-08-31,2026-10-02,NIFTY All Duration G-Sec Index
lic-mf-gold-etf-fof-direct-growth,INF397L01BU4,2026-08-31,2026-10-02,Domestic Price of Gold
lic-mf-growth-fund-direct-growth,INF767K01EJ7,2026-08-31,2026-10-02,NIFTY 100 Total Return Index
lic-mf-healthcare-fund-direct-growth,INF397L01LK4,2026-08-31,2026-10-02,BSE Healthcare Total Return Index
lic-mf-index-fund-nifty-direct-growth,INF767K01FF2,2026-08-31,2026-10-02,NIFTY 50 Total Return Index
lic-mf-infrastructure-fund-direct-growth,INF767K01GW5,2026-08-31,2026-10-02,NIFTY Infrastructure Total Return Index
lic-mf-large-midcap-fund-direct-growth,INF767K01NE9,2026-08-31,2026-10-02,NIFTY Large Midcap 250 Total Return Index
lic-mf-liquid-fund-direct-growth,INF767K01DN1,2026-08-31,2026-10-02,CRISIL Liquid Debt A-I Index
lic-mf-manufacturing-fund-direct-growth,INF767K01RR2,2026-08-31,2026-10-02,Nifty India Manufacturing Total Return Index
lic-mf-medium-to-long-term-fund-direct-growth,INF767K01EW0,2026-08-31,2026-10-02,CRISIL Medium to Long Duration Debt A-III Index
lic-mf-midcap-fund-direct-growth,INF397L01JK8,2026-08-31,2026-10-02,NIFTY Midcap 150 Total Return Index
lic-mf-money-market-fund-direct-growth,INF767K01RE0,2026-08-31,2026-10-02,NIFTY Money Market Index A-I
lic-mf-multi-asset-allocation-fund-direct-growth,INF767K01RZ5,2026-08-31,2026-10-02,
lic-mf-multi-cap-fund-direct-growth,INF767K01RK7,2026-08-31,2026-10-02,Nifty 500 Multicap 50:25:25 Total Return Index
lic-mf-nifty-next-50-index-fund-direct-growth,INF397L01AW2,2026-08-31,2026-10-02,NIFTY Next 50 Total Return Index
lic-mf-overnight-fund-direct-growth,INF767K01QI3,2026-08-31,2026-10-02,NIFTY 1D Rate Index
lic-mf-short-term-fund-direct-growth,INF767K01PW6,2026-08-31,2026-10-02,CRISIL Short Duration Debt A-II Index
lic-mf-small-cap-fund-direct-growth,INF397L01JS1,2026-08-31,2026-10-02,NIFTY Smallcap 250 Total Return Index
lic-mf-technology-fund-direct-growth,INF767K01SJ7,2026-08-31,2026-10-02,BSE Teck Total Return Index
lic-mf-ultra-short-term-fund-direct-growth,INF767K01QU8,2026-08-31,2026-10-02,CRISIL Ultra Short Duration Debt A-I Index
lic-mf-ultra-short-to-short-term-fund-direct-growth,INF767K01FM8,2026-08-31,2026-10-02,CRISIL Low Duration Debt A-I Index
lic-mf-value-fund-direct-growth,INF397L01KU5,2026-08-31,2026-10-02,NIFTY 500 Total Return Index
magnum-equity-ex-top-100-long-short-fund-direct-growth,,,2026-10-02,
mahindra-manulife-aggressive-hybrid-fund-direct-growth,INF174V01788,2026-08-31,2026-10-02,CRISIL Hybrid 35+65 Aggressive Index
mahindra-manulife-arbitrage-fund-direct-growth,INF174V01AA0,2026-08-31,2026-10-02,NIFTY 50 Arbitrage Total Return Index
mahindra-manulife-balanced-advantage-fund-direct-growth,INF174V01BE0,2026-08-31,2026-10-02,NIFTY 50 Hybrid Composite Debt 50:50 Index
mahindra-manulife-banking-financial-services-fund-direct-growth,INF174V01CO7,2026-08-31,2026-10-02,NIFTY Financial Services Total Return Index
mahindra-manulife-business-cycle-fund-direct-growth,INF174V01BQ4,2026-08-31,2026-10-02,NIFTY 500 Total Return Index
mahindra-manulife-consumption-fund-direct-growth,INF174V01663,2026-08-31,2026-10-02,NIFTY India Consumption Total Return Index
mahindra-manulife-dynamic-term-fund-direct-growth,INF174V01580,2026-08-31,2026-10-02,CRISIL Dynamic Bond A-III Index
mahindra-manulife-elss-tax-saver-fund-direct-growth,INF174V01093,2026-08-31,2026-10-02,NIFTY 500 Total Return Index
mahindra-manulife-equity-savings-fund-direct-growth,INF174V01184,2026-08-31,2026-10-02,NIFTY Equity Savings Total Return Index
mahindra-manulife-flexi-cap-fund-direct-growth,INF174V01AS2,2026-08-31,2026-10-02,NIFTY 500 Total Return Index
mahindra-manulife-focused-fund-direct-growth,INF174V01AG7,2026-08-31,2026-10-02,NIFTY 500 Total Return Index
mahindra-manulife-i-come-plus-arbitrage-active-fof-direct-growth,INF174V01CU4,2026-08-31,2026-10-02,
mahindra-manulife-innovation-opportunities-fund-direct-growth,INF174V01DA4,2026-08-31,2026-10-02,NIFTY 500 Total Return Index
mahindra-manulife-large-cap-fund-direct-growth,INF174V01721,2026-08-31,2026-10-02,NIFTY 100 Total Return Index
mahindra-manulife-large-mid-cap-fund-direct-growth,INF174V01945,2026-08-31,2026-10-02,NIFTY Large Midcap 250 Total Return Index
mahindra-manulife-liquid-fund-direct-growth,INF174V01044,2026-08-31,2026-10-02,CRISIL Liquid Debt A-I Index
mahindra-manulife-manufacturing-fund-direct-growth,INF174V01CC2,2026-08-31,2026-10-02,Nifty India Manufacturing Total Return Index
mahindra-manulife-mid-cap-fund-direct-growth,INF174V01507,2026-08-31,2026-10-02,NIFTY Midcap 150 Total Return Index
mahindra-manulife-multi-asset-allocation-fund-direct-growth,INF174V01BW2,2026-08-31,2026-10-02,
mahindra-manulife-multi-cap-fund-direct-growth,INF174V01341,2026-08-31,2026-10-02,Nifty 500 Multicap 50:25:25 Total Return Index
mahindra-manulife-overnight-fund-direct-growth,INF174V01838,2026-08-31,2026-10-02,CRISIL Liquid Overnight Index
mahindra-manulife-short-term-fund-direct-growth,INF174V01AM5,2026-08-31,2026-10-02,CRISIL Short Duration Debt A-II Index
mahindra-manulife-small-cap-fund-direct-growth,INF174V01BK7,2026-08-31,2026-10-02,BSE 250 SmallCap Total Return Index
mahindra-manulife-ultra-short-term-fund-direct-growth,INF174V01887,2026-08-31,2026-10-02,CRISIL Ultra Short Duration Debt A-I Index
mahindra-manulife-ultra-short-to-short-term-fund-direct-growth,INF174V01267,2026-08-31,2026-10-02,CRISIL Low Duration Debt A-I Index
mahindra-manulife-value-fund-direct-growth,INF174V01CI9,2026-08-31,2026-10-02,NIFTY 500 Total Return Index
mirae-asset-aggressive-hybrid-fund-direct-growth,INF769K01DH9,2026-08-31,2026-10-02,CRISIL Hybrid 35+65 Aggressive Index
mirae-asset-arbitrage-fund-direct-growth,INF769K01FS1,2026-08-31,2026-10-02,NIFTY 50 Arbitrage Total Return Index
mirae-asset-balanced-advantage-fund-direct-growth,INF769K01IN6,2026-08-31,2026-10-02,NIFTY 50 Hybrid Composite Debt 50:50 Index
mirae-asset-banking-and-financial-services-fund-direct-growth,INF769K01GX9,2026-08-31,2026-10-02,NIFTY Financial Services Total Return Index
mirae-asset-banking-and-psu-debt-fund-direct-growth,INF769K01FY9,2026-08-31,2026-10-02,CRISIL Banking and PSU Debt A-II Index
mirae-asset-bse-200-equal-weight-etf-fof-direct-growth,INF769K01OE3,2026-08-31,2026-10-02,BSE 200 Equal Weight Total Return Index
mirae-asset-bse-india-defence-etf-fof-direct-growth,INF769K01QG3,2026-08-31,2026-10-02,BSE India Defence Total Return Index
mirae-asset-bse-information-technology-index-fund-direct-growth,,,2026-10-02,
mirae-asset-bse-midcap-150-momentum-30-etf-fof-direct-growth,INF769K01QX8,2026-08-31,2026-10-02,BSE Midcap 150 Momentum 30 Total Return Index
mirae-asset-bse-select-ipo-etf-fof-direct-growth,INF769K01OK0,2026-08-31,2026-10-02,BSE Select IPO Total Return Index
mirae-asset-corporate-bond-fund-direct-growth,INF769K01HD9,2026-08-31,2026-10-02,CRISIL Corporate Debt A-II Index
mirae-asset-crisil-ibx-financial-services-9-12-months-debt-index-fund-direct-growth,INF769K01OS3,2026-08-31,2026-10-02,CRISIL-IBX Financial Services 9-12 Months Debt Index
mirae-asset-crisil-ibx-gilt-index-april-2033-index-fund-direct-growth,INF769K01IX5,2026-08-31,2026-10-02,CRISIL IBX Gilt Index - April 2033
mirae-asset-diversified-equity-allocator-passive-fof-direct-growth,INF769K01GE9,2026-08-31,2026-10-02,NIFTY 200 Total Return Index
mirae-asset-dynamic-term-fund-direct-growth,INF769K01DR8,2026-08-31,2026-10-02,CRISIL Dynamic Bond A-III Index
mirae-asset-elss-tax-saver-fund-direct-growth,INF769K01DM9,2026-08-31,2026-10-02,NIFTY 500 Total Return Index
mirae-asset-equity-savings-fund-direct-growth,INF769K01EK1,2026-08-31,2026-10-02,NIFTY Equity Savings Total Return Index
mirae-asset-flexi-cap-fund-direct-growth,INF769K01JJ2,2026-08-31,2026-10-02,NIFTY 500 Total Return Index
mirae-asset-focused-fund-direct-growth,INF769K01EU0,2026-08-31,2026-10-02,NIFTY 500 Total Return Index
mirae-asset-gold-etf-fof-direct-growth,INF769K01MV1,2026-08-31,2026-10-02,Domestic Price of Gold
mirae-asset-gold-silver-passive-fof-direct-growth,INF769K01PM3,2026-08-31,2026-10-02,
mirae-asset-great-consumer-fund-direct-growth,INF769K01BL5,2026-08-31,2026-10-02,NIFTY India Consumption Total Return Index
mirae-asset-healthcare-fund-direct-growth,INF769K01ED6,2026-08-31,2026-10-02,BSE Healthcare Total Return Index
mirae-asset-i-come-plus-arbitrage-active-fof-direct-growth,INF769K01OY1,2026-08-31,2026-10-02,
mirae-asset-infrastructure-fund-direct-growth,INF769K01PV4,2026-08-31,2026-10-02,BSE India Infrastructure Total Return Index
mirae-asset-large-cap-fund-direct-growth,INF769K01AX2,2026-08-31,2026-10-02,NIFTY 100 Total Return Index
mirae-asset-large-midcap-fund-direct-growth,INF769K01BI1,2026-08-31,2026-10-02,NIFTY Large Midcap 250 Total Return Index
mirae-asset-life-cycle-fund-2056-direct-growth,,,2026-10-02,
mirae-asset-liquid-fund-direct-growth,INF769K01CM1,2026-08-31,2026-10-02,NIFTY Liquid Index A-I
mirae-asset-long-term-fund-direct-growth,INF769K01NC9,2026-08-31,2026-10-02,CRISIL Long Duration Debt A-III Index
mirae-asset-midcap-fund-direct-growth,INF769K01FA9,2026-08-31,2026-10-02,NIFTY Midcap 150 Total Return Index
mirae-asset-money-market-fund-direct-growth,INF769K01HN8,2026-08-31,2026-10-02,NIFTY Money Market Index A-I
mirae-asset-multi-asset-allocation-fund-direct-growth,INF769K01KZ6,2026-08-31,2026-10-02,
mirae-asset-multi-factor-passive-fof-direct-growth,INF769K01PH3,2026-08-31,2026-10-02,NIFTY 500 Total Return Index
mirae-asset-multicap-fund-direct-growth,INF769K01KK8,2026-08-31,2026-10-02,Nifty 500 Multicap 50:25:25 Total Return Index
mirae-asset-nifty-100-esg-sector-leaders-fof-direct-growth,INF769K01GQ3,2026-08-31,2026-10-02,Nifty 100 ESG Sector Leaders Total Return Index
mirae-asset-nifty-200-alpha-30-etf-fof-direct-growth,INF769K01LU5,2026-08-31,2026-10-02,Nifty 200 Alpha 30 Total Return Index
mirae-asset-nifty-50-index-fund-direct-growth,INF769K01MQ1,2026-08-31,2026-10-02,NIFTY 50 Total Return Index
mirae-asset-nifty-india-manufacturing-etf-fof-direct-growth,INF769K01HZ2,2026-08-31,2026-10-02,Nifty India Manufacturing Total Return Index
mirae-asset-nifty-india-new-age-consumption-etf-fof-direct-growth,INF769K01NP1,2026-08-31,2026-10-02,Nifty India New Age Consumption Total Return Index
mirae-asset-nifty-largemidcap-250-index-fund-direct-growth,INF769K01MJ6,2026-08-31,2026-10-02,NIFTY Large Midcap 250 Total Return Index
mirae-asset-nifty-metal-etf-fof-direct-growth,INF769K01QM1,2026-08-31,2026-10-02,NIFTY Metal Total Return Index
mirae-asset-nifty-midsmallcap400-momentum-quality-100-etf-fof-direct-growth,INF769K01LN0,2026-08-31,2026-10-02,Nifty MidSmallcap400 Momentum Quality 100 Total Return Index
mirae-asset-nifty-sdl-jun-2027-index-fund-direct-growth,INF769K01IH8,2026-08-31,2026-10-02,Nifty SDL Jun 2027 Index
mirae-asset-nifty-sdl-june-2028-index-fund-direct-growth,INF769K01JZ8,2026-08-31,2026-10-02,Nifty SDL June 2028 Index
mirae-asset-nifty-smallcap-250-momentum-quality-100-etf-fof-direct-growth,INF769K01LG4,2026-08-31,2026-10-02,Nifty Smallcap 250 Momentum Quality 100 Total Return Index
mirae-asset-nifty-total-market-index-fund-direct-growth,INF769K01MD9,2026-08-31,2026-10-02,Nifty Total Market Total Return Index
mirae-asset-overnight-fund-direct-growth,INF769K01FG6,2026-08-31,2026-10-02,NIFTY 1D Rate Index
mirae-asset-short-term-fund-direct-growth,INF769K01DX6,2026-08-31,2026-10-02,CRISIL Short Duration Debt A-II Index
mirae-asset-silver-etf-fof-direct-growth,INF769K01QS8,2026-08-31,2026-10-02,Domestic Price of Silver
mirae-asset-small-cap-fund-direct-growth,INF769K01NJ4,2026-08-31,2026-10-02,NIFTY Smallcap 250 Total Return Index
mirae-asset-ultra-short-term-fund-direct-growth,INF769K01GK6,2026-08-31,2026-10-02,NIFTY Ultra Short Duration Debt Index A-I
mirae-asset-ultra-short-to-short-term-fund-direct-growth,INF769K01BO9,2026-08-31,2026-10-02,NIFTY Low Duration Debt Index A-I
monarch-overnight-fund-direct-growth,,,2026-10-02,
motilal-oswal-5-year-g-sec-fof-direct-growth,INF247L01AQ1,2026-08-31,2026-10-02,Nifty 5yr Benchmark G-Sec Index
motilal-oswal-active-momentum-fund-direct-growth,INF247L01EP5,2026-08-31,2026-10-02,NIFTY 500 Total Return Index
motilal-oswal-arbitrage-fund-direct-growth,INF247L01ED1,2026-08-31,2026-10-02,NIFTY 50 Arbitrage Total Return Index
motilal-oswal-asset-allocation-passive-fof-conservative-direct-growth,INF247L01AN8,2026-08-31,2026-10-02,
motilal-oswal-balanced-advantage-fund-direct-growth,INF247L01635,2026-08-31,2026-10-02,CRISIL Hybrid 50+50 Moderate Index
motilal-oswal-bse-1000-index-fund-direct-growth,INF247L01FM9,2026-08-31,2026-10-02,BSE 1000 Total Return Index
motilal-oswal-bse-clean-environment-index-fund-direct-growth,INF247L01HC6,2026-08-31,2026-10-02,BSE Clean Environment Total Return Index
motilal-oswal-bse-enhanced-value-index-fund-direct-growth,INF247L01BF2,2026-08-31,2026-10-02,BSE Enhanced Value Total Return Index
motilal-oswal-bse-financials-ex-bank-30-index-fund-direct-growth,INF247L01BC9,2026-08-31,2026-10-02,BSE Financials ex Bank 30 Total Return Index
motilal-oswal-bse-low-volatility-index-fund-direct-growth,INF247L01AY5,2026-08-31,2026-10-02,BSE Low Volatility Total Return Index
motilal-oswal-bse-midcap-150-momentum-30-index-fund-direct-growth,INF247L01HE2,2026-08-31,2026-10-02,BSE Midcap 150 Momentum 30 Total Return Index
motilal-oswal-bse-quality-index-fund-direct-growth,INF247L01BI6,2026-08-31,2026-10-02,BSE Quality Total Return Index
motilal-oswal-business-cycle-fund-direct-growth,INF247L01DG6,2026-08-31,2026-10-02,NIFTY 500 Total Return Index
motilal-oswal-consumption-fund-direct-growth,INF247L01GA2,2026-08-31,2026-10-02,NIFTY India Consumption Total Return Index
motilal-oswal-contra-fund-direct-growth,INF247L01GW6,2026-08-31,2026-10-02,NIFTY 500 Total Return Index
motilal-oswal-digital-india-fund-direct-growth,INF247L01DN2,2026-08-31,2026-10-02,BSE Teck Total Return Index
motilal-oswal-diversified-equity-flexicap-passive-fof-direct-growth,INF247L01GL9,2026-08-31,2026-10-02,NIFTY 500 Total Return Index
motilal-oswal-financial-services-fund-direct-growth,INF247L01GN5,2026-08-31,2026-10-02,NIFTY Financial Services Total Return Index
motilal-oswal-gold-and-silver-passive-fof-direct-growth,INF247L01BM8,2026-08-31,2026-10-02,Domestic Gold and Silver Prices
motilal-oswal-infrastructure-fund-direct-growth,INF247L01EW1,2026-08-31,2026-10-02,NIFTY Infrastructure Total Return Index
motilal-oswal-innovation-opportunities-fund-direct-growth,INF247L01EJ8,2026-08-31,2026-10-02,NIFTY 500 Total Return Index
motilal-oswal-large-and-midcap-fund-direct-growth,INF247L01999,2026-08-31,2026-10-02,NIFTY Large Midcap 250 Total Return Index
motilal-oswal-large-cap-fund-direct-growth,INF247L01CE3,2026-08-31,2026-10-02,NIFTY 100 Total Return Index
motilal-oswal-liquid-fund-direct-growth,INF247L01734,2026-08-31,2026-10-02,CRISIL Liquid Debt A-I Index
motilal-oswal-manufacturing-fund-direct-growth,INF247L01DA9,2026-08-31,2026-10-02,Nifty India Manufacturing Total Return Index
motilal-oswal-most-focused-25-fund-direct-growth,INF247L01189,2026-08-31,2026-10-02,NIFTY 500 Total Return Index
motilal-oswal-most-focused-long-term-fund-direct-growth,INF247L01569,2026-08-31,2026-10-02,NIFTY 500 Total Return Index
motilal-oswal-most-focused-midcap-30-fund-direct-growth,INF247L01445,2026-08-31,2026-10-02,NIFTY Midcap 150 Total Return Index
motilal-oswal-most-focused-multicap-35-fund-direct-growth,INF247L01502,2026-08-31,2026-10-02,NIFTY 500 Total Return Index
motilal-oswal-most-ultra-short-term-bond-fund-direct-growth,INF247L01247,2026-08-31,2026-10-02,CRISIL Ultra Short Duration Debt A-I Index
motilal-oswal-multi-asset-passive-fof-direct-growth,INF247L01AL2,2026-08-31,2026-10-02,
motilal-oswal-multi-cap-fund-direct-growth,INF247L01CL8,2026-08-31,2026-10-02,Nifty 500 Multicap 50:25:25 Total Return Index
motilal-oswal-multi-factor-passive-fof-direct-growth,INF247L01GT2,2026-08-31,2026-10-02,NIFTY 500 Total Return Index
motilal-oswal-nifty-200-momentum-30-index-fund-direct-growth,INF247L01AV1,2026-08-31,2026-10-02,Nifty 200 Momentum 30 Total Return Index
motilal-oswal-nifty-50-index-fund-direct-growth,INF247L01AE7,2026-08-31,2026-10-02,NIFTY 50 Total Return Index
motilal-oswal-nifty-500-index-fund-direct-growth,INF247L01957,2026-08-31,2026-10-02,NIFTY 500 Total Return Index
motilal-oswal-nifty-500-momentum-50-index-fund-direct-growth,INF247L01DL6,2026-08-31,2026-10-02,Nifty 500 Momentum 50 Total Return Index
motilal-oswal-nifty-bank-index-fund-direct-growth,INF247L01890,2026-08-31,2026-10-02,NIFTY Bank Total Return Index
motilal-oswal-nifty-capital-market-index-fund-direct-growth,INF247L01EB5,2026-08-31,2026-10-02,Nifty Capital Markets Total Return Index
motilal-oswal-nifty-india-defence-index-fund-direct-growth,INF247L01CW5,2026-08-31,2026-10-02,Nifty India Defence Total Return Index
motilal-oswal-nifty-midcap-150-index-fund-direct-growth,INF247L01916,2026-08-31,2026-10-02,NIFTY Midcap 150 Total Return Index
motilal-oswal-nifty-midsmall-financial-services-index-fund-direct-growth,INF247L01DW3,2026-08-31,2026-10-02,Nifty MidSmall Financial Services Total Return Index
motilal-oswal-nifty-midsmall-healthcare-index-fund-direct-growth,INF247L01EA7,2026-08-31,2026-10-02,Nifty MidSmall Healthcare Total Return Index
motilal-oswal-nifty-midsmall-india-consumption-index-fund-direct-growth,INF247L01DU7,2026-08-31,2026-10-02,Nifty MidSmall India Consumption Total Return Index
motilal-oswal-nifty-midsmall-it-and-tel-com-index-fund-direct-growth,INF247L01DY9,2026-08-31,2026-10-02,Nifty MidSmall IT and Telecom Total Return Index
motilal-oswal-nifty-next-50-index-fund-direct-growth,INF247L01AC1,2026-08-31,2026-10-02,NIFTY Next 50 Total Return Index
motilal-oswal-nifty-reits-realty-index-fund-direct-growth,,,2026-10-02,
motilal-oswal-nifty-smallcap-250-index-fund-direct-growth,INF247L01932,2026-08-31,2026-10-02,NIFTY Smallcap 250 Total Return Index
motilal-oswal-quality-fund-direct-growth,,,2026-10-02,
motilal-oswal-quant-fund-direct-growth,INF247L01CS3,2026-08-31,2026-10-02,NIFTY 200 Total Return Index
motilal-oswal-services-fund-direct-growth,INF247L01FE6,2026-08-31,2026-10-02,NIFTY Services Sector Total Return Index
motilal-oswal-small-cap-fund-direct-growth,INF247L01BY3,2026-08-31,2026-10-02,NIFTY Smallcap 250 Total Return Index
motilal-oswal-special-opportunities-fund-direct-growth,INF247L01FS6,2026-08-31,2026-10-02,NIFTY 500 Total Return Index
msif-equity-long-short-fund-direct-growth,,,2026-10-02,
navi-aggressive-hybrid-fund-direct-growth,INF959L01CX3,2026-08-31,2026-10-02,CRISIL Hybrid 35+65 Aggressive Index
navi-bse-sensex-index-fund-direct-growth,INF959L01HK9,2026-08-31,2026-10-02,BSE Sensex Total Return Index
navi-elss-tax-saver-nifty-50-index-fund-direct-growth,INF959L01GR6,2026-08-31,2026-10-02,NIFTY 50 Total Return Index
navi-flexi-cap-fund-direct-growth,INF959L01DT9,2026-08-31,2026-10-02,NIFTY 500 Total Return Index
navi-large-midcap-fund-direct-growth,INF959L01CH6,2026-08-31,2026-10-02,NIFTY Large Midcap 250 Total Return Index
navi-liquid-fund-direct-growth,INF959L01GF1,2026-08-31,2026-10-02,CRISIL Liquid Debt A-I Index
navi-nifty-50-index-fund-direct-growth,INF959L01FP2,2026-08-31,2026-10-02,NIFTY 50 Total Return Index
navi-nifty-bank-index-fund-direct-growth,INF959L01FT4,2026-08-31,2026-10-02,NIFTY Bank Total Return Index
navi-nifty-india-manufacturing-index-fund-direct-growth,INF959L01GD6,2026-08-31,2026-10-02,Nifty India Manufacturing Total Return Index
navi-nifty-it-index-fund-direct-growth,INF959L01HM5,2026-08-31,2026-10-02,NIFTY IT Total Return Index
navi-nifty-midcap-150-index-fund-direct-growth,INF959L01FX6,2026-08-31,2026-10-02,NIFTY Midcap 150 Total Return Index
navi-nifty-midsmallcap-400-index-fund-direct-growth,INF959L01HR4,2026-08-31,2026-10-02,NIFTY Mid Small Cap 400 Total Return Index
navi-nifty-next-50-index-fund-direct-growth,INF959L01FR8,2026-08-31,2026-10-02,NIFTY Next 50 Total Return Index
navi-nifty-reits-realty-index-fund-direct-growth,,,2026-10-02,
navi-nifty-smallcap250-momentum-quality-100-index-fund-direct-growth,INF959L01HQ6,2026-08-31,2026-10-02,Nifty Smallcap 250 Momentum Quality 100 Total Return Index
nippon-india-active-momentum-fund-direct-growth,INF204KC1EK5,2026-08-31,2026-10-02,NIFTY 500 Total Return Index
nippon-india-aggressive-hybrid-fund-direct-growth,INF204K01B08,2026-08-31,2026-10-02,CRISIL Hybrid 35+65 Aggressive Index
nippon-india-arbitrage-fund-direct-growth,INF204K01XZ7,2026-08-31,2026-10-02,NIFTY 50 Arbitrage Total Return Index
nippon-india-balanced-advantage-fund-direct-growth,INF204K01G94,2026-08-31,2026-10-02,CRISIL Hybrid 50+50 Moderate Index
nippon-india-banking-and-psu-debt-fund-direct-growth,INF204KA1U53,2026-08-31,2026-10-02,CRISIL Banking and PSU Debt A-II Index
nippon-india-banking-financial-services-fund-direct-growth,INF204K01XO1,2026-08-31,2026-10-02,NIFTY Financial Services Total Return Index
nippon-india-bse-sensex-next-30-index-fund-direct-growth,INF204KC1FD7,2026-08-31,2026-10-02,BSE Sensex Next 30 Total Return Index
nippon-india-conservative-hybrid-fund-direct-growth,INF204K01YV4,2026-08-31,2026-10-02,CRISIL Hybrid 85+15 Conservative Index
nippon-india-consumption-fund-direct-growth,INF204K01G52,2026-08-31,2026-10-02,NIFTY India Consumption Total Return Index
nippon-india-corporate-bond-fund-direct-growth,INF204K01C15,2026-08-31,2026-10-02,Nifty Corporate Bond Index A-II
nippon-india-credit-risk-fund-direct-growth,INF204K01A74,2026-08-31,2026-10-02,CRISIL Credit Risk Debt B-II Index
nippon-india-crisil-ibx-aaa-financial-services-dec-2026-index-fund-direct-growth,INF204KC1DM3,2026-08-31,2026-10-02,CRISIL IBX AAA Financial Services Index - Dec 2026
nippon-india-crisil-ibx-aaa-financial-services-jan-2028-index-fund-direct-growth,INF204KC1DS0,2026-08-31,2026-10-02,CRISIL-IBX AAA Financial Services Index - Jan 2028
nippon-india-crisil-ibx-financial-services-3-6-months-debt-index-fund-direct-growth,INF204KC1GX3,2026-08-31,2026-10-02,CRISIL-IBX Financial Services 3 to 6 Months Debt Index
nippon-india-crisil-ibx-financial-services-9-12-months-debt-index-fund-direct-growth,INF204KC1GR5,2026-08-31,2026-10-02,CRISIL-IBX Financial Services 9-12 Months Debt Index
nippon-india-diversified-equity-flexicap-passive-fof-direct-growth,INF204KB16X6,2026-08-31,2026-10-02,NIFTY 500 Total Return Index
nippon-india-dynamic-term-fund-direct-growth,INF204K01A25,2026-08-31,2026-10-02,NIFTY Composite Debt Index A-III
nippon-india-elss-tax-saver-fund-direct-growth,INF204K01L55,2026-08-31,2026-10-02,NIFTY 500 Total Return Index
nippon-india-equity-savings-fund-direct-growth,INF204KA1W77,2026-08-31,2026-10-02,NIFTY Equity Savings Total Return Index
nippon-india-flexi-cap-fund-direct-growth,INF204KC1121,2026-08-31,2026-10-02,NIFTY 500 Total Return Index
nippon-india-floating-interest-rates-fund-direct-growth,INF204K01E05,2026-08-31,2026-10-02,NIFTY Short Duration Debt Index A-II
nippon-india-focused-fund-direct-growth,INF204K01F95,2026-08-31,2026-10-02,BSE 500 Total Return Index
nippon-india-gilt-fund-direct-growth,INF204K01XP8,2026-08-31,2026-10-02,NIFTY All Duration G-Sec Index
nippon-india-gold-savings-fund-direct-growth,INF204K01YC4,2026-08-31,2026-10-02,Domestic Price of Gold Index
nippon-india-growth-mid-cap-fund-direct-growth,INF204K01E54,2026-08-31,2026-10-02,NIFTY Midcap 150 Total Return Index
nippon-india-i-come-plus-arbitrage-active-fof-direct-growth,INF204KC1FJ4,2026-08-31,2026-10-02,
nippon-india-i-come-plus-arbitrage-omni-fof-direct-growth,,,2026-10-02,
nippon-india-index-fund-bse-sensex-plan-direct-growth,INF204K01K80,2026-08-31,2026-10-02,BSE Sensex Total Return Index
nippon-india-index-fund-nifty-50-plan-direct-growth,INF204K01H36,2026-08-31,2026-10-02,NIFTY 50 Total Return Index
nippon-india-innovation-fund-direct-growth,INF204KC1BO3,2026-08-31,2026-10-02,NIFTY 500 Total Return Index
nippon-india-large-cap-fund-direct-growth,INF204K01XI3,2026-08-31,2026-10-02,BSE 100 Total Return Index
nippon-india-liquid-fund-direct-growth,INF204K01ZH0,2026-08-31,2026-10-02,NIFTY Liquid Index A-I
nippon-india-medium-term-fund-direct-growth,INF204KA1QF1,2026-08-31,2026-10-02,CRISIL Medium Duration Debt A-III Index
nippon-india-medium-to-long-term-fund-direct-growth,INF204K01XS2,2026-08-31,2026-10-02,NIFTY Medium to Long Duration Debt Index A-III
nippon-india-mnc-fund-direct-growth,INF204KC1FR7,2026-08-31,2026-10-02,NIFTY MNC Total Return Index
nippon-india-money-market-fund-direct-growth,INF204K01ZP3,2026-08-31,2026-10-02,NIFTY Money Market Index A-I
nippon-india-multi-asset-allocation-fund-direct-growth,INF204KB19V4,2026-08-31,2026-10-02,
nippon-india-multi-asset-omni-fof-direct-growth,INF204KB16Y4,2026-08-31,2026-10-02,CRISIL Hybrid 50+50 Moderate Index
nippon-india-multi-cap-fund-direct-growth,INF204K01XF9,2026-08-31,2026-10-02,Nifty 500 Multicap 50:25:25 Total Return Index
nippon-india-nifty-50-value-20-index-fund-direct-growth,INF204KB12Z0,2026-08-31,2026-10-02,NIFTY 50 Value 20 Total Return Index
nippon-india-nifty-500-equal-weight-index-fund-direct-growth,INF204KC1DA8,2026-08-31,2026-10-02,Nifty 500 Equal Weight Total Return Index
nippon-india-nifty-500-low-volatility-50-index-fund-direct-growth,INF204KC1EQ2,2026-08-31,2026-10-02,Nifty 500 Low Volatility 50 Total Return Index
nippon-india-nifty-500-momentum-50-index-fund-direct-growth,INF204KC1DG5,2026-08-31,2026-10-02,Nifty 500 Momentum 50 Total Return Index
nippon-india-nifty-500-quality-50-index-fund-direct-growth,INF204KC1EW0,2026-08-31,2026-10-02,Nifty500 Quality 50 Total Return Index
nippon-india-nifty-alpha-low-volatility-30-index-fund-direct-growth,INF204KC1584,2026-08-31,2026-10-02,Nifty Alpha Low Volatility 30 Total Return Index
nippon-india-nifty-auto-index-fund-direct-growth,INF204KC1EE8,2026-08-31,2026-10-02,NIFTY Auto Total Return Index
nippon-india-nifty-bank-index-fund-direct-growth,INF204KC1BY2,2026-08-31,2026-10-02,NIFTY Bank Total Return Index
nippon-india-nifty-g-sec-jun-2036-maturity-index-fund-direct-growth,INF204KC1AC0,2026-08-31,2026-10-02,Nifty G-Sec Jun 2036 Index
nippon-india-nifty-g-sec-oct-2028-maturity-index-fund-direct-growth,INF204KC1AO5,2026-08-31,2026-10-02,Nifty G-Sec Oct 2028 Index
nippon-india-nifty-g-sec-sep-2027-maturity-index-fund-direct-growth,INF204KC1881,2026-08-31,2026-10-02,Nifty G-Sec Sep 2027 Index
nippon-india-nifty-india-manufacturing-index-fund-direct-growth,INF204KC1GL8,2026-08-31,2026-10-02,Nifty India Manufacturing Total Return Index
nippon-india-nifty-it-index-fund-direct-growth,INF204KC1CE2,2026-08-31,2026-10-02,NIFTY IT Total Return Index
nippon-india-nifty-midcap-150-index-fund-direct-growth,INF204KB18Z7,2026-08-31,2026-10-02,NIFTY Midcap 150 Total Return Index
nippon-india-nifty-next-50-junior-bees-fof-direct-growth,INF204KB1X25,2026-08-31,2026-10-02,NIFTY Next 50 Total Return Index
nippon-india-nifty-realty-index-fund-direct-growth,INF204KC1DY8,2026-08-31,2026-10-02,NIFTY Realty Total Return Index
nippon-india-nifty-smallcap-250-index-fund-direct-growth,INF204KB15W0,2026-08-31,2026-10-02,NIFTY Smallcap 250 Total Return Index
nippon-india-nivesh-lakshya-long-term-fund-direct-growth,INF204KB1YQ1,2026-08-31,2026-10-02,CRISIL Long Duration Debt A-III Index
nippon-india-overnight-fund-direct-growth,INF204KB1R31,2026-08-31,2026-10-02,CRISIL Liquid Overnight Index
nippon-india-pharma-fund-direct-growth,INF204K01I50,2026-08-31,2026-10-02,BSE Healthcare Total Return Index
nippon-india-power-infra-fund-direct-growth,INF204K01I92,2026-08-31,2026-10-02,NIFTY Infrastructure Total Return Index
nippon-india-quant-fund-retail-direct-growth,INF204K01J34,2026-08-31,2026-10-02,BSE 200 Total Return Index
nippon-india-retirement-fund-wealth-creation-scheme-direct-growth,INF204KA1B72,2026-08-31,2026-10-02,BSE 500 Total Return Index
nippon-india-short-term-fund-direct-growth,INF204K01B32,2026-08-31,2026-10-02,CRISIL Short Duration Debt A-II Index
nippon-india-silver-etf-fof-direct-growth,INF204KC1378,2026-08-31,2026-10-02,Domestic Price of Silver Index
nippon-india-small-cap-fund-direct-growth,INF204K01K15,2026-08-31,2026-10-02,NIFTY Smallcap 250 Total Return Index
nippon-india-ultra-short-term-fund-direct-growth,INF204K01YH3,2026-08-31,2026-10-02,CRISIL Ultra Short Duration Debt A-I Index
nippon-india-ultra-short-to-short-term-fund-direct-growth,INF204K01ZU3,2026-08-31,2026-10-02,CRISIL Low Duration Debt A-I Index
nippon-india-value-fund-direct-growth,INF204K01K49,2026-08-31,2026-10-02,NIFTY 500 Total Return Index
nippon-india-vision-large-mid-cap-direct-growth,INF204K01F20,2026-08-31,2026-10-02,NIFTY Large Midcap 250 Total Return Index
nippon-indiaretirement-fund-i-come-generation-scheme-direct-growth,INF204KA1C30,2026-08-31,2026-10-02,CRISIL Hybrid 85+15 Conservative Index
nj-arbitrage-fund-direct-growth,INF0J8L01065,2026-08-31,2026-10-02,NIFTY 50 Arbitrage Total Return Index
nj-balanced-advantage-fund-direct-growth,INF0J8L01040,2026-08-31,2026-10-02,NIFTY 50 Hybrid Composite Debt 50:50 Index
nj-elss-tax-saver-fund-direct-growth,INF0J8L01115,2026-08-31,2026-10-02,NIFTY 500 Total Return Index
nj-flexi-cap-fund-direct-growth,INF0J8L01156,2026-08-31,2026-10-02,NIFTY 500 Total Return Index
nj-momentum-fund-direct-growth,INF0J8L01172,2026-08-31,2026-10-02,NIFTY 500 Total Return Index
nj-overnight-fund-direct-growth,INF0J8L01081,2026-08-31,2026-10-02,NIFTY 1D Rate Index
nj-value-fund-direct-growth,INF0J8L01214,2026-08-31,2026-10-02,NIFTY 500 Total Return Index
old-bridge-arbitrage-fund-direct-growth,INF0S5R01125,2026-08-31,2026-10-02,NIFTY 50 Arbitrage Total Return Index
old-bridge-flexi-cap-fund-direct-growth,INF0S5R01133,2026-08-31,2026-10-02,BSE 500 Total Return Index
old-bridge-focused-fund-direct-growth,INF0S5R01042,2026-08-31,2026-10-02,BSE 500 Total Return Index
parag-parikh-arbitrage-fund-direct-growth,INF879O01225,2026-08-31,2026-10-02,NIFTY 50 Arbitrage Total Return Index
parag-parikh-conservative-hybrid-fund-direct-growth,INF879O01175,2026-08-31,2026-10-03,CRISIL Hybrid 85+15 Conservative Index
parag-parikh-dynamic-asset-allocation-fund-direct-growth,INF879O01266,2026-08-31,2026-10-03,CRISIL Hybrid 50+50 Moderate Index
parag-parikh-elss-tax-saver-fund-direct-growth,INF879O01100,2026-08-31,2026-10-03,NIFTY 500 Total Return Index
parag-parikh-large-cap-fund-direct-growth,INF879O01332,2026-08-31,2026-10-03,NIFTY 100 Total Return Index
parag-parikh-liquid-fund-direct-growth,INF879O01068,2026-08-31,2026-10-03,CRISIL Liquid Debt A-I Index
parag-parikh-long-term-value-fund-direct-growth,INF879O01027,2026-08-31,2026-10-03,NIFTY 500 Total Return Index
pgim-india-aggressive-hybrid-equity-fund-direct-growth,INF663L01GX2,2026-08-31,2026-10-03,CRISIL Hybrid 35+65 Aggressive Index
pgim-india-arbitrage-fund-direct-growth,INF223J013N7,2026-08-31,2026-10-03,NIFTY 50 Arbitrage Total Return Index
pgim-india-balanced-advantage-fund-direct-growth,INF663L01V49,2026-08-31,2026-10-03,CRISIL Hybrid 50+50 Moderate Index
pgim-india-crisil-ibx-gilt-index-apr-2028-fund-direct-growth,INF663L01X21,2026-08-31,2026-10-03,CRISIL IBX Gilt Index - April 2028
pgim-india-dynamic-term-fund-direct-growth,INF663L01AD7,2026-08-31,2026-10-03,CRISIL Dynamic Bond A-III Index
pgim-india-elss-tax-saver-fund-direct-growth,INF663L01FN5,2026-08-31,2026-10-03,NIFTY 500 Total Return Index
pgim-india-equity-savings-fund-direct-growth,INF223J01QD0,2026-08-31,2026-10-03,NIFTY Equity Savings Total Return Index
pgim-india-flexi-cap-fund-direct-growth,INF663L01FF1,2026-08-31,2026-10-03,NIFTY 500 Total Return Index
pgim-india-healthcare-fund-direct-growth,INF663L01Z45,2026-08-31,2026-10-03,BSE Healthcare Total Return Index
pgim-india-large-and-mid-cap-fund-direct-growth,INF663L01Y12,2026-08-31,2026-10-03,NIFTY Large Midcap 250 Total Return Index
pgim-india-large-cap-fund-direct-growth,INF663L01GR4,2026-08-31,2026-10-03,NIFTY 100 Total Return Index
pgim-india-midcap-fund-direct-growth,INF663L01DV3,2026-08-31,2026-10-03,NIFTY Midcap 150 Total Return Index
pgim-india-money-market-fund-direct-growth,INF663L01T84,2026-08-31,2026-10-03,CRISIL Money Market A-I Index
pgim-india-multi-asset-allocation-fund-direct-growth,INF663L010A3,2026-08-31,2026-10-03,
pgim-india-multi-cap-fund-direct-growth,INF663L01Z03,2026-08-31,2026-10-03,Nifty 500 Multicap 50:25:25 Total Return Index
pgim-india-overnight-fund-direct-growth,INF663L01T01,2026-08-31,2026-10-03,NIFTY 1D Rate Index
pgim-india-retirement-fund-direct-growth,INF663L01Y61,2026-08-31,2026-10-03,BSE 500 Total Return Index
pgim-india-small-cap-fund-direct-growth,INF663L01W06,2026-08-31,2026-10-03,NIFTY Smallcap 250 Total Return Index
pgim-india-ultra-short-term-direct-growth,INF223J01QO7,2026-08-31,2026-10-03,CRISIL Ultra Short Duration Debt A-I Index
platinum-hybrid-long-short-fund-direct-growth,,,2026-10-03,
prism-hybrid-long-short-fund-direct-growth,,,2026-10-03,
qsif-active-asset-allocator-long-short-fund-direct-growth,,,2026-10-03,
qsif-sector-rotation-long-short-fund-direct-growth,,,2026-10-03,
quant-aggressive-hybrid-fund-direct-growth,INF966L01556,2026-08-31,2026-10-03,NIFTY 50 Hybrid Composite Debt 65:35 Index
quant-arbitrage-fund-direct-growth,INF966L01DW8,2026-08-31,2026-10-03,NIFTY 50 Arbitrage Total Return Index
quant-bfsi-fund-direct-growth,INF966L01BX0,2026-08-31,2026-10-03,NIFTY Financial Services Total Return Index
quant-business-cycle-fund-direct-growth,INF966L01BR2,2026-08-31,2026-10-03,NIFTY 500 Total Return Index
quant-commodities-fund-direct-growth,INF966L01DF3,2026-08-31,2026-10-03,NIFTY Commodities Total Return Index
quant-consumption-fund-direct-growth,INF966L01DN7,2026-08-31,2026-10-03,NIFTY India Consumption Total Return Index
quant-dynamic-asset-allocation-fund-direct-growth,INF966L01BL5,2026-08-31,2026-10-03,NIFTY 50 Hybrid Composite Debt 50:50 Index
quant-elss-tax-saver-fund-direct-growth,INF966L01986,2026-08-31,2026-10-03,NIFTY 500 Total Return Index
quant-equity-savings-fund-direct-growth,INF966L01EC8,2026-08-31,2026-10-03,NIFTY Equity Savings Total Return Index
quant-esg-integration-strategy-fund-direct-growth,INF966L01AD4,2026-08-31,2026-10-03,NIFTY 100 ESG Total Return Index
quant-flexi-cap-fund-direct-growth,INF966L01911,2026-08-31,2026-10-03,NIFTY 500 Total Return Index
quant-focused-fund-direct-growth,INF966L01853,2026-08-31,2026-10-03,NIFTY 500 Total Return Index
quant-gilt-fund-direct-growth,INF966L01BF7,2026-08-31,2026-10-03,CRISIL Dynamic Gilt Index
quant-healthcare-fund-direct-growth,INF966L01CD0,2026-08-31,2026-10-03,NIFTY Healthcare Total Return Index.
quant-i-come-plus-arbitrage-active-fof-direct-growth,,,2026-10-03,
quant-infrastructure-fund-direct-growth,INF966L01721,2026-08-31,2026-10-03,NIFTY Infrastructure Total Return Index
quant-large-and-mid-cap-fund-direct-growth,INF966L01648,2026-08-31,2026-10-03,NIFTY Large Midcap 250 Total Return Index
quant-large-cap-fund-direct-growth,INF966L01AT0,2026-08-31,2026-10-03,NIFTY 100 Total Return Index
quant-manufacturing-fund-direct-growth,INF966L01CJ7,2026-08-31,2026-10-03,Nifty India Manufacturing Total Return Index
quant-mid-cap-fund-direct-growth,INF966L01887,2026-08-31,2026-10-03,NIFTY Midcap 150 Total Return Index
quant-momentum-fund-direct-growth,INF966L01CZ3,2026-08-31,2026-10-03,NIFTY 500 Total Return Index
quant-multi-asset-allocation-fund-direct-growth,INF966L01580,2026-08-31,2026-10-03,Groww Debt Benchmark
quant-multi-cap-fund-direct-growth,INF966L01614,2026-08-31,2026-10-03,Nifty 500 Multicap 50:25:25 Total Return Index
quant-overnight-fund-direct-growth,INF966L01AZ7,2026-08-31,2026-10-03,CRISIL Liquid Overnight Index
quant-psu-fund-direct-growth,INF966L01DT4,2026-08-31,2026-10-03,NIFTY PSE Total Return Index
quant-quantamental-fund-direct-growth,INF966L01AK9,2026-08-31,2026-10-03,NIFTY 200 Total Return Index
quant-teck-fund-direct-growth,INF966L01CT6,2026-08-31,2026-10-03,NIFTY IT Total Return Index
quant-value-fund-direct-growth,INF966L01AN3,2026-08-31,2026-10-03,NIFTY 500 Total Return Index
quantum-diversified-equity-all-cap-active-fof-direct-growth,INF082J01093,2026-08-31,2026-10-03,BSE 500 Total Return Index
quantum-dynamic-term-fund-direct-growth,INF082J01176,2026-08-31,2026-10-03,CRISIL Dynamic Bond A-III Index
quantum-elss-tax-saver-fund-direct-growth,INF082J01069,2026-08-31,2026-10-03,BSE 500 Total Return Index
quantum-esg-best-in-class-strategy-fund-direct-growth,INF082J01382,2026-08-31,2026-10-03,NIFTY 100 ESG Total Return Index
quantum-ethical-fund-direct-growth,INF082J01473,2026-08-31,2026-10-03,NIFTY 500 Shariah Total Return Index
quantum-flexi-cap-fund-direct-growth,,,2026-10-03,
quantum-gold-etf-fof-direct-growth,INF082J01150,2026-08-31,2026-10-03,Domestic Price of Gold
quantum-liquid-fund-direct-growth,INF082J01127,2026-08-31,2026-10-03,CRISIL Liquid Debt A-I Index
quantum-multi-asset-active-fof-direct-growth,INF082J01168,2026-08-31,2026-10-03,Nifty 500
quantum-multi-asset-allocation-fund-direct-growth,INF082J01457,2026-08-31,2026-10-03,
quantum-nifty-50-etf-fof-direct-growth,INF082J01416,2026-08-31,2026-10-03,NIFTY 50 Total Return Index
quantum-small-cap-fund-direct-growth,INF082J01432,2026-08-31,2026-10-03,BSE 250 SmallCap Total Return Index
quantum-value-fund-direct-growth,INF082J01036,2026-08-31,2026-10-03,BSE 500 Total Return Index
redhex-hybrid-long-short-fund-direct-growth,,,2026-10-03,
samco-active-momentum-fund-direct-growth,INF0K1H01081,2026-08-31,2026-10-03,NIFTY 500 Total Return Index
samco-arbitrage-fund-direct-growth,INF0K1H01214,2026-08-31,2026-10-03,NIFTY 50 Arbitrage Total Return Index
samco-dynamic-asset-allocation-fund-direct-growth,INF0K1H01131,2026-08-31,2026-10-03,NIFTY 50 Hybrid Composite Debt 50:50 Index
samco-elss-tax-saver-fund-direct-growth,INF0K1H01065,2026-08-31,2026-10-03,NIFTY 500 Total Return Index
samco-flexi-cap-fund-direct-growth,INF0K1H01024,2026-08-31,2026-10-03,NIFTY 500 Total Return Index
samco-large-cap-fund-direct-growth,INF0K1H01255,2026-08-31,2026-10-03,NIFTY 100 Total Return Index
samco-large-mid-cap-fund-direct-growth,INF0K1H01271,2026-08-31,2026-10-03,NIFTY Large Midcap 250 Total Return Index
samco-mid-cap-fund-direct-growth,INF0K1H01313,2026-08-31,2026-10-03,NIFTY Midcap 150 Total Return Index
samco-multi-asset-allocation-fund-direct-growth,INF0K1H01230,2026-08-31,2026-10-03,
samco-multi-cap-fund-direct-growth,INF0K1H01198,2026-08-31,2026-10-03,Nifty 500 Multicap 50:25:25 Total Return Index
samco-overnight-fund-direct-growth,INF0K1H01040,2026-08-31,2026-10-03,CRISIL Liquid Overnight Index
samco-small-cap-fund-direct-growth,INF0K1H01297,2026-08-31,2026-10-03,NIFTY Smallcap 250 Total Return Index
samco-special-opportunities-fund-direct-growth,INF0K1H01180,2026-08-31,2026-10-03,NIFTY 500 Total Return Index
sapphire-equity-long-short-sif-direct-growth,,,2026-10-03,
sbi-10-year-constant-maturity-gilt-fund-direct-growth,INF200K01SK7,2026-08-31,2026-10-03,NIFTY 10 yr Benchmark G-Sec Index
sbi-arbitrage-fund-direct-growth,INF200K01QU0,2026-08-31,2026-10-03,NIFTY 50 Arbitrage Total Return Index
sbi-automotive-opportunities-fund-direct-growth,INF200KB1183,2026-08-31,2026-10-03,NIFTY Auto Total Return Index
sbi-balanced-advantage-fund-direct-growth,INF200KA1Y73,2026-08-31,2026-10-03,NIFTY 50 Hybrid Composite Debt 50:50 Index
sbi-balanced-hybrid-fund-direct-growth,INF200KB1CA5,2026-08-31,2026-10-03,NIFTY 50 Hybrid Composite Debt 50:50 Index
sbi-banking-and-psu-debt-fund-direct-growth,INF200K01V08,2026-08-31,2026-10-03,Nifty Banking & PSU Debt Index A-II
sbi-banking-financial-services-fund-direct-growth,INF200KA1507,2026-08-31,2026-10-03,NIFTY Financial Services Total Return Index
sbi-bse-psu-bank-index-fund-direct-growth,INF200KB1688,2026-08-31,2026-10-03,BSE PSU Bank Total Return Index
sbi-bse-sensex-index-fund-direct-growth,INF200KA16Y4,2026-08-31,2026-10-03,BSE Sensex Total Return Index
sbi-comma-fund-direct-growth,INF200K01SB6,2026-08-31,2026-10-03,NIFTY Commodities Total Return Index
sbi-contra-fund-direct-growth,INF200K01RA0,2026-08-31,2026-10-03,BSE 500 Total Return Index
sbi-corporate-bond-fund-direct-growth,INF200KA1YR4,2026-08-31,2026-10-03,Nifty Corporate Bond Index A-II
sbi-corporate-credit-risk-bond-fund-direct-growth,INF200K01SV4,2026-08-31,2026-10-03,NIFTY Credit Risk Bond Index B-II
sbi-crisil-ibx-financial-services-3-6-months-debt-index-fund-direct-growth,INF200KB1AO0,2026-08-31,2026-10-03,CRISIL-IBX Financial Services 3 to 6 Months Debt Index
sbi-crisil-ibx-financial-services-9-12-months-debt-index-fund-direct-growth,INF200KB1AU7,2026-08-31,2026-10-03,CRISIL-IBX Financial Services 9-12 Months Debt Index
sbi-crisil-ibx-gilt-index-april-2029-fund-direct-growth,INF200KA18Q6,2026-08-31,2026-10-03,CRISIL IBX Gilt Index - April 2029
sbi-crisil-ibx-gilt-index-june-2036-fund-direct-growth,INF200KA12Q9,2026-08-31,2026-10-03,CRISIL IBX Gilt Index - June 2036
sbi-crisil-ibx-sdl-index-september-2027-fund-direct-growth,INF200KA14R3,2026-08-31,2026-10-03,CRISIL IBX SDL Index - Sep 2027
sbi-crisil-ibx-sdl-june-2034-index-fund-direct-growth,INF200KB1BO8,2026-08-31,2026-10-03,CRISIL IBX SDL Index - June 2034
sbi-dividend-yield-fund-direct-growth,INF200KA14W3,2026-08-31,2026-10-03,NIFTY 500 Total Return Index
sbi-dynamic-asset-allocation-active-fof-direct-growth,INF200KB1AA9,2026-08-31,2026-10-03,NIFTY 50 Hybrid Composite Debt 50:50 Index
sbi-dynamic-term-fund-direct-growth,INF200K01RD4,2026-08-31,2026-10-03,CRISIL Dynamic Bond A-III Index
sbi-elss-tax-saver-fund-direct-growth,INF200K01UM9,2026-08-31,2026-10-03,BSE 500 Total Return Index
sbi-energy-opportunities-fund-direct-growth,INF200KB1126,2026-08-31,2026-10-03,NIFTY Energy Total Return Index
sbi-equity-minimum-variance-fund-direct-growth,INF200KA1A71,2026-08-31,2026-10-03,NIFTY 50 Total Return Index
sbi-equity-savings-fund-direct-growth,INF200KA1DF3,2026-08-31,2026-10-03,NIFTY Equity Savings Total Return Index
sbi-flexicap-fund-direct-growth,INF200K01UG1,2026-08-31,2026-10-03,BSE 500 Total Return Index
sbi-floating-interest-rates-fund-direct-growth,INF200KA1R64,2026-08-31,2026-10-03,NIFTY Short Duration Debt Index A-II
sbi-fmcg-fund-direct-growth,INF200K01RM5,2026-08-31,2026-10-03,NIFTY India Consumption Total Return Index
sbi-gilt-fund-direct-growth,INF200K01SH3,2026-08-31,2026-10-03,NIFTY All Duration G-Sec Index
sbi-gold-fund-direct-growth,INF200K01RP8,2026-08-31,2026-10-03,Domestic Price of Gold
sbi-i-come-plus-arbitrage-active-fof-direct-growth,INF200KB1753,2026-08-31,2026-10-03,
sbi-infrastructure-fund-direct-growth,INF200K01RS2,2026-08-31,2026-10-03,NIFTY Infrastructure Total Return Index
sbi-innovative-opportunities-fund-direct-growth,INF200KB1324,2026-08-31,2026-10-03,NIFTY 500 Total Return Index
sbi-it-fund-direct-growth,INF200K01RV6,2026-08-31,2026-10-03,BSE Teck Total Return Index
sbi-long-term-fund-direct-growth,INF200KA16T4,2026-08-31,2026-10-03,CRISIL Long Duration Debt A-III Index
sbi-magnum-insta-cash-fund-liquid-floater-direct-growth,INF200K01TK5,2026-08-31,2026-10-03,CRISIL Liquid Overnight Index
sbi-magnum-monthly-i-come-plan-direct-growth,INF200K01TS8,2026-08-31,2026-10-03,NIFTY 50 Hybrid Composite Debt 15:85 Conservative Index
sbi-magnum-monthly-i-come-plan-floater-direct-growth,INF200K01TZ3,2026-08-31,2026-10-03,Groww Equity Hybrid
sbi-magnum-multiplier-fund-direct-growth,INF200K01UJ5,2026-08-31,2026-10-03,NIFTY Large Midcap 250 Total Return Index
sbi-medium-term-fund-direct-growth,INF200K01VB0,2026-08-31,2026-10-03,NIFTY Medium Duration Debt Index A-III
sbi-medium-to-long-term-fund-direct-growth,INF200K01SR2,2026-08-31,2026-10-03,CRISIL Medium to Long Duration Debt A-III Index
sbi-money-market-fund-direct-growth,INF200K01SZ5,2026-08-31,2026-10-03,CRISIL Money Market A-I Index
sbi-multicap-fund-direct-growth,INF200KA18E2,2026-08-31,2026-10-03,Nifty 500 Multicap 50:25:25 Total Return Index
sbi-nifty-500-index-fund-direct-growth,INF200KB1381,2026-08-31,2026-10-03,NIFTY 500 Total Return Index
sbi-nifty-bank-index-fund-direct-growth,INF200KB1563,2026-08-31,2026-10-03,NIFTY Bank Total Return Index
sbi-nifty-g-sec-jul-2031-index-fund-direct-growth,INF200KB1BC3,2026-08-31,2026-10-03,Nifty G-Sec July 2031 Index
sbi-nifty-index-fund-direct-growth,INF200K01TE8,2026-08-31,2026-10-03,NIFTY 50 Total Return Index
sbi-nifty-india-consumption-index-fund-direct-growth,INF200KB1449,2026-08-31,2026-10-03,NIFTY India Consumption Total Return Index
sbi-nifty-it-index-fund-direct-growth,INF200KB1621,2026-08-31,2026-10-03,NIFTY IT Total Return Index
sbi-nifty-midcap-150-index-fund-direct-growth,INF200KA10P5,2026-08-31,2026-10-03,NIFTY Midcap 150 Total Return Index
sbi-nifty-midcap-150-momentum-50-etf-fof-direct-growth,INF200KB1BU5,2026-08-31,2026-10-03,NIFTY Midcap 150 Momentum 50 Total Return Index
sbi-nifty-next-50-index-fund-direct-growth,INF200KA1W00,2026-08-31,2026-10-03,NIFTY Next 50 Total Return Index
sbi-nifty-smallcap-250-index-fund-direct-growth,INF200KA16P2,2026-08-31,2026-10-03,NIFTY Smallcap 250 Total Return Index
sbi-nifty100-low-volatility-30-index-fund-direct-growth,INF200KB1936,2026-08-31,2026-10-03,NIFTY 100 Low Volatility 30 Total Return Index
sbi-nifty200-momentum-30-index-fund-direct-growth,INF200KB1878,2026-08-31,2026-10-03,Nifty 200 Momentum 30 Total Return Index
sbi-nifty200-quality-30-index-fund-direct-growth,INF200KB1811,2026-08-31,2026-10-03,NIFTY 200 Quality 30 Total Return Index
sbi-nifty50-equal-weight-index-fund-direct-growth,INF200KB1027,2026-08-31,2026-10-03,NIFTY 50 Equal Weight Total Return Index
sbi-pharma-fund-direct-growth,INF200K01UP2,2026-08-31,2026-10-03,BSE Healthcare Total Return Index
sbi-premier-liquid-fund-direct-growth,INF200K01UT4,2026-08-31,2026-10-03,NIFTY Liquid Index A-I
sbi-psu-fund-direct-growth,INF200K01UY4,2026-08-31,2026-10-03,BSE PSU Total Return Index
sbi-quality-fund-direct-growth,INF200KB1AG6,2026-08-31,2026-10-03,NIFTY 200 Quality 30 Total Return Index
sbi-quant-fund-direct-growth,INF200KB1506,2026-08-31,2026-10-03,BSE 200 Total Return Index
sbi-retirement-benefit-fund-aggressive-hybrid-plan-direct-growth,INF200KA1S97,2026-08-31,2026-10-03,CRISIL Hybrid 35+65 Aggressive Index
sbi-retirement-benefit-fund-aggressive-plan-direct-growth,INF200KA1S55,2026-08-31,2026-10-03,BSE 500 Total Return Index
sbi-retirement-benefit-fund-conservative-hybrid-plan-direct-growth,INF200KA1T70,2026-08-31,2026-10-03,CRISIL Hybrid 65+35 Conservative Index
sbi-retirement-benefit-fund-conservative-plan-direct-growth,INF200KA1T39,2026-08-31,2026-10-03,CRISIL Hybrid 85+15 Conservative Index
sbi-short-term-fund-direct-growth,INF200K01VE4,2026-08-31,2026-10-03,CRISIL Short Duration Debt A-II Index
sbi-silver-etf-fof-direct-growth,INF200KB1233,2026-08-31,2026-10-03,Domestic Price of Silver
sbi-small-midcap-fund-direct-growth,INF200K01T51,2026-08-31,2026-10-03,BSE 250 SmallCap Total Return Index
sbi-ultra-short-term-fund-direct-growth,INF200K01TF5,2026-08-31,2026-10-03,CRISIL Ultra Short Duration Debt A-I Index
sbi-ultra-short-to-short-term-fund-direct-growth,INF200K01VM7,2026-08-31,2026-10-03,CRISIL Low Duration Debt A-I Index
shriram-aggressive-hybrid-fund-direct-growth,INF680P01042,2026-08-31,2026-10-03,CRISIL Hybrid 35+65 Aggressive Index
shriram-balanced-advantage-fund-direct-growth,INF680P01208,2026-08-31,2026-10-03,CRISIL Hybrid 50+50 Moderate Index
shriram-elss-tax-saver-fund-direct-growth,INF680P01158,2026-08-31,2026-10-03,NIFTY 500 Total Return Index
shriram-flexi-cap-fund-direct-growth,INF680P01109,2026-08-31,2026-10-03,NIFTY 500 Total Return Index
shriram-gold-etf-passive-fof-direct-growth,,,2026-10-03,
shriram-liquid-fund-direct-growth,INF680P01430,2026-08-31,2026-10-03,NIFTY Liquid Index A-I
shriram-money-market-fund-direct-growth,INF680P01471,2026-08-31,2026-10-03,NIFTY Money Market Index A-I
shriram-multi-asset-allocation-fund-direct-growth,INF680P01406,2026-08-31,2026-10-03,
shriram-multi-sector-rotation-fund-direct-growth,INF680P01455,2026-08-31,2026-10-03,NIFTY 500 Total Return Index
shriram-overnight-fund-direct-growth,INF680P01497,2026-08-31,2026-10-03,CRISIL Liquid Overnight Index
summit-equity-long-short-fund-direct-growth,,,2026-10-03,
sundaram-aggressive-hybrid-fund-direct-growth,INF173K01FE6,2026-08-31,2026-10-03,CRISIL Hybrid 35+65 Aggressive Index
sundaram-arbitrage-fund-direct-growth,INF173K01NF7,2026-08-31,2026-10-03,NIFTY 50 Arbitrage Total Return Index
sundaram-banking-and-psu-debt-fund-direct-growth,INF903J01PA5,2026-08-31,2026-10-03,Nifty Banking & PSU Debt Index A-II
sundaram-business-cycle-fund-direct-growth,INF903JA1LQ6,2026-08-31,2026-10-03,NIFTY 500 Total Return Index
sundaram-dividend-yield-fund-direct-growth,INF173K01EV3,2026-08-31,2026-10-03,NIFTY 500 Total Return Index
sundaram-dynamic-asset-allocation-fund-direct-growth,INF173K01FI7,2026-08-31,2026-10-03,NIFTY 50 Hybrid Composite Debt 50:50 Index
sundaram-equity-multiplier-fund-direct-growth,INF903J01PR9,2026-08-31,2026-10-03,NIFTY Large Midcap 250 Total Return Index
sundaram-equity-savings-fund-direct-growth,INF173K01GZ9,2026-08-31,2026-10-03,NIFTY Equity Savings Total Return Index
sundaram-financial-services-opportunities-fund-direct-growth,INF903J01NB8,2026-08-31,2026-10-03,NIFTY Financial Services Total Return Index
sundaram-flexi-cap-fund-direct-growth,INF903JA1LE2,2026-08-31,2026-10-03,NIFTY 500 Total Return Index
sundaram-flexible-fund-flexible-i-come-direct-growth,INF903J01NR4,2026-08-31,2026-10-03,Nifty Corporate Bond Index A-II
sundaram-focused-fund-direct-growth,INF173K01EK6,2026-08-31,2026-10-03,NIFTY 500 Total Return Index
sundaram-i-come-plus-arbitrage-active-fof-direct-growth,INF903JA1LZ7,2026-08-31,2026-10-03,
sundaram-infrastructure-advantage-fund-direct-growth,INF903J01F92,2026-08-31,2026-10-03,NIFTY Infrastructure Total Return Index
sundaram-large-cap-fund-direct-growth,INF903JA1JC0,2026-08-31,2026-10-03,NIFTY 100 Total Return Index
sundaram-liquid-direct-growth,INF173K01GU0,2026-08-31,2026-10-03,NIFTY Liquid Index A-I
sundaram-medium-term-fund-direct-growth,INF903J01PO6,2026-08-31,2026-10-03,NIFTY Medium Duration Debt Index A-III
sundaram-money-market-fund-direct-growth,INF903JA1FR6,2026-08-31,2026-10-03,NIFTY Money Market Index A-I
sundaram-multi-asset-allocation-fund-direct-growth,INF903JA1LK9,2026-08-31,2026-10-03,
sundaram-multi-cap-fund-direct-growth,INF173K01FQ0,2026-08-31,2026-10-03,Nifty 500 Multicap 50:25:25 Total Return Index
sundaram-multi-factor-fund-direct-growth,INF903JA1LV6,2026-08-31,2026-10-03,BSE 200 Total Return Index
sundaram-nifty-100-equal-weight-fund-direct-growth,INF173K01EZ4,2026-08-31,2026-10-03,NIFTY 100 Equal Weight Total Return Index
sundaram-overnight-fund-direct-growth,INF903JA1HG5,2026-08-31,2026-10-03,NIFTY 1D Rate Index
sundaram-rural-india-fund-direct-growth,INF903J01NH5,2026-08-31,2026-10-03,NIFTY India Consumption Total Return Index
sundaram-select-midcap-direct-growth,INF903J01MJ3,2026-08-31,2026-10-03,NIFTY Midcap 150 Total Return Index
sundaram-services-fund-direct-growth,INF903JA1FA2,2026-08-31,2026-10-03,NIFTY Services Sector Total Return Index
sundaram-short-term-fund-direct-growth,INF173K01GP0,2026-08-31,2026-10-03,NIFTY Short Duration Debt Index A-II
sundaram-smile-fund-direct-growth,INF903J01NK9,2026-08-31,2026-10-03,NIFTY Smallcap 250 Total Return Index
sundaram-ultra-short-term-fund-direct-growth,INF173K01HI3,2026-08-31,2026-10-03,NIFTY Ultra Short Duration Debt Index A-I
sundaram-ultra-short-to-short-term-fund-direct-growth,INF173K01FS6,2026-08-31,2026-10-03,NIFTY Low Duration Debt Index A-I
sundaram-value-fund-direct-growth,INF903J01NN3,2026-08-31,2026-10-03,NIFTY 500 Total Return Index
tata-aggressive-hybrid-fund-direct-growth,INF277K01MN2,2026-08-31,2026-10-03,CRISIL Hybrid 35+65 Aggressive Index
tata-arbitrage-fund-direct-growth,INF277K017Q3,2026-08-31,2026-10-03,NIFTY 50 Arbitrage Total Return Index
tata-balanced-advantage-fund-direct-growth,INF277K013S8,2026-08-31,2026-10-03,CRISIL Hybrid 50+50 Moderate Index
tata-banking-and-financial-services-fund-direct-growth,INF277K01Z10,2026-08-31,2026-10-03,NIFTY Financial Services Total Return Index
tata-bse-quality-index-fund-direct-growth,INF277KA1DK1,2026-08-31,2026-10-03,BSE Quality Total Return Index
tata-bse-select-business-groups-index-fund-direct-growth,INF277KA1DA2,2026-08-31,2026-10-03,BSE Select Business Groups Total Return Index
tata-business-cycle-fund-direct-growth,INF277KA1166,2026-08-31,2026-10-03,NIFTY 500 Total Return Index
tata-corporate-bond-fund-direct-growth,INF277KA1224,2026-08-31,2026-10-03,CRISIL Corporate Debt A-II Index
tata-crisil-ibx-financial-services-3-6-months-debt-index-fund-direct-growth,,,2026-10-03,
tata-digital-india-fund-direct-growth,INF277K01Z77,2026-08-31,2026-10-03,NIFTY IT Total Return Index
tata-dividend-yield-fund-direct-growth,INF277K015Z8,2026-08-31,2026-10-03,NIFTY 500 Total Return Index
tata-elss-tax-saver-fund-direct-growth,INF277K01I86,2026-08-31,2026-10-03,NIFTY 500 Total Return Index
tata-equity-opportunities-fund-direct-growth,INF277K01MK8,2026-08-31,2026-10-03,NIFTY Large Midcap 250 Total Return Index
tata-ethical-fund-direct-growth,INF277K01NG4,2026-08-31,2026-10-03,NIFTY 500 Shariah Total Return Index
tata-flexi-cap-fund-direct-growth,INF277K015K0,2026-08-31,2026-10-03,NIFTY 500 Total Return Index
tata-floating-interest-rates-fund-direct-growth,INF277KA1026,2026-08-31,2026-10-03,CRISIL Short Duration Debt A-II Index
tata-focused-fund-direct-growth,INF277K017X9,2026-08-31,2026-10-03,NIFTY 500 Total Return Index
tata-gilt-fund-direct-growth,INF277K01OX7,2026-08-31,2026-10-03,CRISIL Dynamic Gilt Index AIII
tata-gold-etf-fof-direct-growth,INF277KA1869,2026-08-31,2026-10-03,Domestic Price of Gold
tata-housing-opportunities-fund-direct-growth,INF277KA1497,2026-08-31,2026-10-03,Nifty Housing Total Return Index
tata-i-come-plus-arbitrage-active-fof-direct-growth,INF277KA1DT2,2026-08-31,2026-10-03,
tata-india-consumer-fund-direct-growth,INF277K013A6,2026-08-31,2026-10-03,NIFTY India Consumption Total Return Index
tata-india-innovation-fund-direct-growth,INF277KA1CU2,2026-08-31,2026-10-03,NIFTY 500 Total Return Index
tata-india-pharma-and-healthcare-fund-direct-growth,INF277K019A3,2026-08-31,2026-10-03,BSE Healthcare Total Return Index
tata-infrastructure-fund-direct-growth,INF277K01PQ8,2026-08-31,2026-10-03,BSE India Infrastructure Total Return Index
tata-large-cap-fund-direct-growth,INF277K01QZ7,2026-08-31,2026-10-03,NIFTY 100 Total Return Index
tata-money-market-fund-direct-growth,INF277K01PR6,2026-08-31,2026-10-03,CRISIL Money Market A-I Index
tata-multi-asset-allocation-fund-direct-growth,INF277K019Y3,2026-08-31,2026-10-03,
tata-multi-sector-passive-fof-direct-growth,INF277KA1EV6,2026-08-31,2026-10-03,NIFTY 500 Total Return Index
tata-multicap-fund-direct-growth,INF277KA1679,2026-08-31,2026-10-03,Nifty 500 Multicap 50:25:25 Total Return Index
tata-nifty-auto-index-fund-direct-growth,INF277KA1AU6,2026-08-31,2026-10-03,NIFTY Auto Total Return Index
tata-nifty-capital-markets-index-fund-direct-growth,INF277KA1CO5,2026-08-31,2026-10-03,Nifty Capital Markets Total Return Index
tata-nifty-financial-services-index-fund-direct-growth,INF277KA1BA6,2026-08-31,2026-10-03,NIFTY Financial Services Total Return Index
tata-nifty-g-sec-dec-2026-index-fund-direct-growth,INF277KA1794,2026-08-31,2026-10-03,Nifty G-sec Dec 2026 Index
tata-nifty-g-sec-dec-2029-index-fund-direct-growth,INF277KA1737,2026-08-31,2026-10-03,Nifty G-Sec Dec 2029 Index
tata-nifty-india-digital-etf-fof-direct-growth,INF277KA1430,2026-08-31,2026-10-03,Nifty India Digital Total Return Index
tata-nifty-india-tourism-index-fund-direct-growth,INF277KA1CC0,2026-08-31,2026-10-03,Nifty India Tourism Total Return Index
tata-nifty-midcap-150-index-fund-direct-growth,INF277KA1DZ9,2026-08-31,2026-10-03,NIFTY Midcap 150 Total Return Index
tata-nifty-midcap-150-momentum-50-index-fund-direct-growth,INF277KA1612,2026-08-31,2026-10-03,NIFTY Midcap 150 Momentum 50 Total Return Index
tata-nifty-midsmall-healthcare-index-fund-direct-growth,INF277KA1BG3,2026-08-31,2026-10-03,Nifty MidSmall Healthcare Total Return Index
tata-nifty-next-50-index-fund-direct-growth,INF277KA1EJ1,2026-08-31,2026-10-03,NIFTY Next 50 Total Return Index
tata-nifty-realty-index-fund-direct-growth,INF277KA1AO9,2026-08-31,2026-10-03,NIFTY Realty Total Return Index
tata-nifty200-alpha-30-index-fund-direct-growth,INF277KA1CI7,2026-08-31,2026-10-03,Nifty 200 Alpha 30 Total Return Index
tata-overnight-fund-direct-growth,INF277K018T5,2026-08-31,2026-10-03,CRISIL Liquid Overnight Index
tata-resources-energy-fund-direct-growth,INF277K015B9,2026-08-31,2026-10-03,NIFTY Commodities Total Return Index
tata-short-term-fund-direct-growth,INF277K01QR4,2026-08-31,2026-10-03,CRISIL Short Duration Debt A-II Index
tata-silver-etf-fof-direct-growth,INF277KA1943,2026-08-31,2026-10-03,Domestic Price of Silver
tata-small-cap-fund-direct-growth,INF277K011O1,2026-08-31,2026-10-03,NIFTY Smallcap 250 Total Return Index
tata-ultra-short-term-fund-direct-growth,INF277K011T0,2026-08-31,2026-10-03,CRISIL Ultra Short Duration Debt A-I Index
tata-ultra-short-to-short-term-fund-direct-growth,INF277K01OK4,2026-08-31,2026-10-03,CRISIL Low Duration Debt A-I Index
tata-value-fund-direct-growth,INF277K01ND1,2026-08-31,2026-10-03,NIFTY 500 Total Return Index
taurus-banking-financial-services-fund-direct-growth,INF044D01CN2,2026-08-31,2026-10-03,BSE Bankex Total Return Index
taurus-elss-tax-saver-direct-growth,INF044D01CG6,2026-08-31,2026-10-03,BSE 500 Total Return Index
taurus-ethical-fund-direct-growth,INF044D01CJ0,2026-08-31,2026-10-03,BSE 500 Shariah Total Return Index
taurus-flexi-cap-fund-direct-growth,INF044D01BU9,2026-08-31,2026-10-03,BSE 500 Total Return Index
taurus-infrastructure-fund-direct-growth,INF044D01CD3,2026-08-31,2026-10-03,NIFTY Infrastructure Total Return Index
taurus-large-cap-fund-direct-growth,INF044D01BX3,2026-08-31,2026-10-03,BSE 100 Total Return Index
taurus-mid-cap-fund-direct-growth,INF044D01CA9,2026-08-31,2026-10-03,NIFTY Midcap 150 Total Return Index
taurus-nifty-index-fund-direct-growth,INF044D01CQ5,2026-08-31,2026-10-03,NIFTY 50 Total Return Index
templeton-india-growth-fund-direct-growth,INF090I01GY2,2026-08-31,2026-10-03,NIFTY 500 Total Return Index
the-wealth-company-arbitrage-fund-direct-growth,INF2F0001271,2026-08-31,2026-10-03,NIFTY 50 Arbitrage Total Return Index
the-wealth-company-balanced-advantage-fund-direct-growth,INF2F0001479,2026-08-31,2026-10-03,CRISIL Hybrid 50+50 Moderate Index
the-wealth-company-ethical-fund-direct-growth,INF2F0001214,2026-08-31,2026-10-03,NIFTY 500 Shariah Total Return Index
the-wealth-company-flexi-cap-fund-direct-growth,INF2F0001040,2026-08-31,2026-10-03,NIFTY 500 Total Return Index
the-wealth-company-gold-etf-fof-direct-growth,INF2F0001412,2026-08-31,2026-10-03,Domestic Price of Gold
the-wealth-company-large-mid-cap-fund-direct-growth,INF2F0001594,2026-08-31,2026-10-03,NIFTY Large Midcap 250 Total Return Index
the-wealth-company-liquid-fund-direct-growth,INF2F0001081,2026-08-31,2026-10-03,NIFTY Liquid Index A-I
the-wealth-company-mid-cap-fund-direct-growth,INF2F0001651,2026-08-31,2026-10-03,NIFTY Midcap 150 Total Return Index
the-wealth-company-multi-asset-allocation-fund-direct-growth,INF2F0001347,2026-08-31,2026-10-03,
the-wealth-company-multi-cap-fund-direct-growth,,,2026-10-03,
the-wealth-company-small-cap-fund-direct-growth,INF2F0001537,2026-08-31,2026-10-03,NIFTY Smallcap 250 Total Return Index
titanium-active-asset-allocator-long-short-fund-direct-growth,,,2026-10-03,
titanium-equity-long-short-fund-direct-growth,,,2026-10-03,
titanium-hybrid-long-short-fund-direct-growth,,,2026-10-03,
trustmf-arbitrage-fund-direct-growth,INF0GCD01859,2026-08-31,2026-10-03,NIFTY 50 Arbitrage Total Return Index
trustmf-corporate-bond-fund-direct-growth,INF0GCD01560,2026-08-31,2026-10-03,CRISIL Corporate Debt A-II Index
trustmf-flexi-cap-fund-direct-growth,INF0GCD01743,2026-08-31,2026-10-03,NIFTY 500 Total Return Index
trustmf-large-mid-cap-fund-direct-growth,INF0GCD01891,2026-08-31,2026-10-03,NIFTY Large Midcap 250 Total Return Index
trustmf-liquid-fund-direct-growth,INF0GCD01255,2026-08-31,2026-10-03,CRISIL Liquid Debt A-I Index
trustmf-mid-cap-fund-direct-growth,INF0GCD01875,2026-08-31,2026-10-03,NIFTY Midcap 150 Total Return Index
trustmf-money-market-fund-direct-growth,INF0GCD01503,2026-08-31,2026-10-03,CRISIL Money Market A-I Index
trustmf-multi-cap-fund-direct-growth,INF0GCD01834,2026-08-31,2026-10-03,Nifty 500 Multicap 50:25:25 Total Return Index
trustmf-overnight-fund-direct-growth,INF0GCD01453,2026-08-31,2026-10-03,CRISIL Liquid Overnight Index
trustmf-short-term-fund-direct-growth,INF0GCD01370,2026-08-31,2026-10-03,CRISIL Short Duration Debt A-II Index
trustmf-small-cap-fund-direct-growth,INF0GCD01800,2026-08-31,2026-10-03,NIFTY Smallcap 250 Total Return Index
unifi-dynamic-asset-allocation-fund-direct-growth,INF1MIY01015,2026-08-31,2026-10-03,CRISIL Hybrid 50+50 Moderate Index
unifi-flexi-cap-fund-direct-growth,INF1MIY01031,2026-08-31,2026-10-03,NIFTY 500 Total Return Index
unifi-liquid-fund-direct-growth,INF1MIY01056,2026-08-31,2026-10-03,NIFTY Liquid Index A-I
union-active-momentum-fund-direct-growth,INF582M01KG9,2026-08-31,2026-10-03,NIFTY 500 Total Return Index
union-aggressive-hybrid-fund-direct-growth,INF582M01GY0,2026-08-31,2026-10-03,CRISIL Hybrid 35+65 Aggressive Index
union-arbitrage-fund-direct-growth,INF582M01ES7,2026-08-31,2026-10-03,NIFTY 50 Arbitrage Total Return Index
union-balanced-advantage-fund-direct-growth,INF582M01DE9,2026-08-31,2026-10-03,NIFTY 50 Hybrid Composite Debt 50:50 Index
union-business-cycle-fund-direct-growth,INF582M01JQ0,2026-08-31,2026-10-03,NIFTY 500 Total Return Index
union-consumption-fund-direct-growth,INF582M01MH3,2026-08-31,2026-10-03,NIFTY India Consumption Total Return Index
union-corporate-bond-fund-direct-growth,INF582M01DU5,2026-08-31,2026-10-03,CRISIL Corporate Debt A-II Index
union-diversified-equity-all-cap-active-fof-direct-growth,INF582M01LZ7,2026-08-31,2026-10-03,BSE 500 Total Return Index
union-dynamic-term-fund-direct-growth,INF582M01799,2026-08-31,2026-10-03,CRISIL Dynamic Bond A-III Index
union-elss-tax-saver-fund-direct-growth,INF582M01765,2026-08-31,2026-10-03,BSE 500 Total Return Index
union-equity-fund-direct-growth,INF582M01633,2026-08-31,2026-10-03,BSE 500 Total Return Index
union-equity-savings-fund-direct-growth,INF582M01EC1,2026-08-31,2026-10-03,CRISIL Equity Saving Index
union-focused-fund-direct-growth,INF582M01FS4,2026-08-31,2026-10-03,BSE 500 Total Return Index
union-gilt-fund-direct-growth,INF582M01HW2,2026-08-31,2026-10-03,CRISIL Dynamic Gilt Index
union-gold-etf-fof-direct-growth,INF582M01LA0,2026-08-31,2026-10-03,Domestic Price of Gold
union-i-come-plus-arbitrage-active-fof-direct-growth,INF582M01LF9,2026-08-31,2026-10-03,
union-innovation-opportunities-fund-direct-growth,INF582M01JE6,2026-08-31,2026-10-03,NIFTY 500 Total Return Index
union-large-midcap-fund-direct-growth,INF582M01GA0,2026-08-31,2026-10-03,NIFTY Large Midcap 250 Total Return Index
union-largecap-fund-direct-growth,INF582M01CU7,2026-08-31,2026-10-03,BSE 100 Total Return Index
union-liquid-fund-direct-growth,INF582M01674,2026-08-31,2026-10-03,CRISIL Liquid Debt A-I Index
union-midcap-fund-direct-growth,INF582M01GI3,2026-08-31,2026-10-03,BSE 150 MidCap Total Return Index
union-money-market-fund-direct-growth,INF582M01HG5,2026-08-31,2026-10-03,CRISIL Money Market A-I Index
union-multi-asset-allocation-fund-direct-growth,INF582M01JY4,2026-08-31,2026-10-03,
union-multicap-fund-direct-growth,INF582M01IO7,2026-08-31,2026-10-03,Nifty 500 Multicap 50:25:25 Total Return Index
union-overnight-fund-direct-growth,INF582M01FA2,2026-08-31,2026-10-03,CRISIL Liquid Overnight Index
union-retirement-fund-direct-growth,INF582M01IK5,2026-08-31,2026-10-03,BSE 500 Total Return Index
union-short-term-fund-direct-growth,INF582M01KO3,2026-08-31,2026-10-03,CRISIL Short Duration Debt A-II Index
union-small-and-midcap-fund-direct-growth,INF582M01BU9,2026-08-31,2026-10-03,BSE 250 SmallCap Total Return Index
union-ultra-short-to-short-term-fund-direct-growth,INF582M01LQ6,2026-08-31,2026-10-03,NIFTY Low Duration Debt Index A-I
union-value-fund-direct-growth,INF582M01EK4,2026-08-31,2026-10-03,BSE 500 Total Return Index
uti-10-year-constant-maturity-gilt-fund-direct-growth,INF789F1AVR7,2026-08-31,2026-10-03,CRISIL 10-Year Gilt
uti-balanced-advantage-fund-direct-growth,INF789F1AYV3,2026-08-31,2026-10-03,NIFTY 50 Hybrid Composite Debt 50:50 Index
uti-balanced-fund-direct-growth,INF789F01SK9,2026-08-31,2026-10-03,CRISIL Hybrid 35+65 Aggressive Index
uti-balanced-hybrid-fund-direct-growth,,,2026-10-03,
uti-banking-psu-debt-fund-direct-growth,INF789F015Z6,2026-08-31,2026-10-03,Nifty Banking & PSU Debt Index A-II
uti-banking-sector-fund-direct-growth,INF789F01SN3,2026-08-31,2026-10-03,NIFTY Financial Services Total Return Index
uti-bse-housing-index-fund-direct-growth,INF789F1AYR1,2026-08-31,2026-10-03,BSE Housing Total Return Index
uti-bse-india-sector-leaders-index-fund-direct-growth,,,2026-10-03,
uti-bse-low-volatility-index-fund-direct-growth,INF789F1AVF2,2026-08-31,2026-10-03,BSE Low Volatility Total Return Index
uti-bse-sensex-index-fund-direct-growth,INF789F1AVD7,2026-08-31,2026-10-03,BSE Sensex Total Return Index
uti-corporate-bond-fund-direct-growth,INF789F1A538,2026-08-31,2026-10-03,Nifty Corporate Bond Index A-II
uti-crisil-sdl-maturity-april-2033-index-fund-direct-growth,INF789F1AWX3,2026-08-31,2026-10-03,CRISIL IBX SDL Index - April 2033
uti-crisil-sdl-maturity-june-2027-index-fund-direct-growth,INF789F1AWZ8,2026-08-31,2026-10-03,CRISIL IBX SDL Index - June 2027
uti-dividend-yield-fund-direct-growth,INF789F01SW4,2026-08-31,2026-10-03,NIFTY 500 Total Return Index
uti-dynamic-term-fund-direct-growth,INF789F01XD4,2026-08-31,2026-10-03,CRISIL Dynamic Bond A-III Index
uti-equity-fund-direct-growth,INF789F01TC4,2026-08-31,2026-10-03,NIFTY 500 Total Return Index
uti-equity-savings-fund-direct-growth,INF789F1A777,2026-08-31,2026-10-03,CRISIL Equity Saving Index
uti-floating-interest-rates-fund-direct-growth,INF789F1ACX5,2026-08-31,2026-10-03,CRISIL Short Duration Debt A-II Index
uti-g-sec-short-term-plan-direct-growth,INF789FB1S71,2026-08-31,2026-10-03,CRISIL Liquid Overnight Index
uti-gilt-advantage-fund-long-term-plan-direct-growth,INF789F01TL5,2026-08-31,2026-10-03,CRISIL Dynamic Gilt Index
uti-gold-etf-fof-direct-growth,INF789F1AWB9,2026-08-31,2026-10-03,Domestic Price of Gold
uti-i-come-opportunities-fund-direct-growth,INF789F01YB6,2026-08-31,2026-10-03,CRISIL Credit Risk Debt B-II Index
uti-i-come-plus-arbitrage-active-fof-direct-growth,INF789F1AB55,2026-08-31,2026-10-03,
uti-india-lifestyle-fund-direct-growth,INF789F01VF3,2026-08-31,2026-10-03,NIFTY India Consumption Total Return Index
uti-infrastructure-fund-direct-growth,INF789F01TU6,2026-08-31,2026-10-03,NIFTY Infrastructure Total Return Index
uti-innovation-fund-direct-growth,INF789F1AZA4,2026-08-31,2026-10-03,NIFTY 500 Total Return Index
uti-large-mid-cap-fund-direct-growth,INF789F01UG3,2026-08-31,2026-10-03,NIFTY Large Midcap 250 Total Return Index
uti-liquid-cash-plan-direct-growth,INF789F1AD46,2026-08-31,2026-10-03,NIFTY Liquid Index A-I
uti-long-term-equity-fund-tax-saving-direct-growth,INF789F01TF7,2026-08-31,2026-10-03,NIFTY 500 Total Return Index
uti-long-term-fund-direct-growth,INF789F1AYB5,2026-08-31,2026-10-03,NIFTY Long Duration Debt Index A-III
uti-medium-term-fund-direct-growth,INF789FB1KE6,2026-08-31,2026-10-03,NIFTY Medium Duration Debt Index A-III
uti-medium-to-long-term-fund-direct-growth,INF789F01SQ6,2026-08-31,2026-10-03,CRISIL Medium to Long Duration Debt A-III Index
uti-mid-cap-fund-direct-growth,INF789F01UA6,2026-08-31,2026-10-03,NIFTY Midcap 150 Total Return Index
uti-mis-advantage-fund-direct-growth,INF789F01UJ7,2026-08-31,2026-10-03,NIFTY 50 Hybrid Composite Debt 15:85 Conservative Index
uti-mnc-fund-direct-growth,INF789F01UD0,2026-08-31,2026-10-03,NIFTY MNC Total Return Index
uti-money-market-direct-growth,INF789F01XV6,2026-08-31,2026-10-03,CRISIL Money Market A-I Index
uti-multi-cap-fund-direct-growth,INF789F1AB89,2026-08-31,2026-10-03,Nifty 500 Multicap 50:25:25 Total Return Index
uti-nifty-500-index-fund-direct-growth,INF789F1AG92,2026-08-31,2026-10-03,NIFTY 500 Total Return Index
uti-nifty-500-value-50-index-fund-direct-growth,INF789F1AYN0,2026-08-31,2026-10-03,Nifty 500 Value 50 Total Return Index
uti-nifty-alpha-low-volatility-30-index-fund-direct-growth,INF789F1AZM9,2026-08-31,2026-10-03,Nifty Alpha Low Volatility 30 Total Return Index
uti-nifty-fund-direct-growth,INF789F01XA0,2026-08-31,2026-10-03,NIFTY 50 Total Return Index
uti-nifty-india-manufacturing-index-fund-direct-growth,INF789F1AB48,2026-08-31,2026-10-03,Nifty India Manufacturing Total Return Index
uti-nifty-midcap-150-index-fund-direct-growth,INF789F1AZO5,2026-08-31,2026-10-03,NIFTY Midcap 150 Total Return Index
uti-nifty-midcap-150-quality-50-index-fund-direct-growth,INF789F1AVH8,2026-08-31,2026-10-03,NIFTY Midcap150 Quality 50 Total Return Index
uti-nifty-midsmallcap-400-momentum-quality-100-index-fund-direct-growth,INF789F1AB22,2026-08-31,2026-10-03,Nifty MidSmallcap400 Momentum Quality 100 Total Return Index
uti-nifty-next-50-index-fund-direct-growth,INF789FC12T1,2026-08-31,2026-10-03,NIFTY Next 50 Total Return Index
uti-nifty-private-bank-index-fund-direct-growth,INF789F1AZJ5,2026-08-31,2026-10-03,Nifty Private Bank TRI
uti-nifty200-momentum-30-index-fund-direct-growth,INF789F1AUT5,2026-08-31,2026-10-03,Nifty 200 Momentum 30 Total Return Index
uti-nifty200-quality-30-index-fund-direct-growth,INF789F1AZH9,2026-08-31,2026-10-03,NIFTY 200 Quality 30 Total Return Index
uti-nifty50-equal-weight-index-fund-direct-growth,INF789F1AYP5,2026-08-31,2026-10-03,NIFTY 50 Equal Weight Total Return Index
uti-nifty500-shariah-index-fund-direct-growth,INF789F1AD04,2026-08-31,2026-10-03,NIFTY 500 Shariah Total Return Index
uti-pharma-and-healthcare-fund-direct-growth,INF789F01TO9,2026-08-31,2026-10-03,BSE Healthcare Total Return Index
uti-quant-fund-direct-growth,INF789F1AA98,2026-08-31,2026-10-03,BSE 200 Total Return Index
uti-short-term-direct-growth,INF789F01XY0,2026-08-31,2026-10-03,CRISIL Short Duration Debt A-II Index
uti-silver-etf-fof-direct-growth,INF789F1AYL4,2026-08-31,2026-10-03,Domestic Price of Silver
uti-small-cap-fund-direct-growth,INF789F1AUQ1,2026-08-31,2026-10-03,NIFTY Smallcap 250 Total Return Index
uti-spread-fund-direct-growth,INF789FB1RG6,2026-08-31,2026-10-03,NIFTY 50 Arbitrage Total Return Index
uti-transportation-and-logistics-fund-direct-growth,INF789F01SH5,2026-08-31,2026-10-03,Nifty Transportation & Logistics Total Return Index
uti-ultra-short-term-fund-direct-growth,INF789F01TI1,2026-08-31,2026-10-03,NIFTY Ultra Short Duration Debt Index A-I
uti-ultra-short-to-short-term-fund-direct-growth,INF789F01XI3,2026-08-31,2026-10-03,NIFTY Low Duration Debt Index A-I
uti-unit-scheme-1986-mastershare-direct-growth,INF789F01US8,2026-08-31,2026-10-03,BSE 100 Total Return Index
uti-value-fund-direct-growth,INF789F01VB2,2026-08-31,2026-10-03,NIFTY 500 Total Return Index
uti-wealth-builder-fund-direct-growth,INF789F01VE6,2026-08-31,2026-10-03,Groww Equity Hybrid
whiteoak-capital-aggressive-hybrid-fund-direct-growth,INF03VN01AF8,2026-08-31,2026-10-03,CRISIL Hybrid 35+65 Aggressive Index
whiteoak-capital-arbitrage-fund-direct-growth,INF03VN01910,2026-08-31,2026-10-03,NIFTY 50 Arbitrage Total Return Index
whiteoak-capital-balanced-advantage-fund-direct-growth,INF03VN01738,2026-08-31,2026-10-03,CRISIL Hybrid 50+50 Moderate Index
whiteoak-capital-balanced-hybrid-fund-direct-growth,INF03VN01829,2026-08-31,2026-10-03,CRISIL Hybrid 50+50 Moderate Index
whiteoak-capital-banking-financial-services-fund-direct-growth,INF03VN01860,2026-08-31,2026-10-03,NIFTY Financial Services Total Return Index
whiteoak-capital-consumption-opportunities-fund-direct-growth,INF03VN01AD3,2026-08-31,2026-10-03,NIFTY India Consumption Total Return Index
whiteoak-capital-digital-bharat-fund-direct-growth,INF03VN01936,2026-08-31,2026-10-03,BSE Teck Total Return Index
whiteoak-capital-diversified-equity-small-cap-active-fof-direct-growth,,,2026-10-03,
whiteoak-capital-dividend-yield-fund-direct-growth,INF03VN01AH4,2026-08-31,2026-10-03,BSE 500 Total Return Index
whiteoak-capital-elss-tax-saver-fund-direct-growth,INF03VN01621,2026-08-31,2026-10-03,BSE 500 Total Return Index
whiteoak-capital-equity-savings-fund-direct-growth,INF03VN01AB7,2026-08-31,2026-10-03,NIFTY Equity Savings Total Return Index
whiteoak-capital-esg-best-in-class-strategy-fund-direct-growth,INF03VN01951,2026-08-31,2026-10-03,NIFTY 100 ESG Total Return Index
whiteoak-capital-flexi-cap-fund-direct-growth,INF03VN01530,2026-08-31,2026-10-03,BSE 500 Total Return Index
whiteoak-capital-large-cap-fund-direct-growth,INF03VN01696,2026-08-31,2026-10-03,BSE 100 Total Return Index
whiteoak-capital-large-mid-cap-fund-direct-growth,INF03VN01845,2026-08-31,2026-10-03,BSE 250 Large MidCap Total Return Index
whiteoak-capital-liquid-fund-direct-growth,INF03VN01043,2026-08-31,2026-10-03,CRISIL Liquid Debt A-I Index
whiteoak-capital-mid-cap-fund-direct-growth,INF03VN01597,2026-08-31,2026-10-03,BSE 150 MidCap Total Return Index
whiteoak-capital-multi-asset-allocation-fund-direct-growth,INF03VN01761,2026-08-31,2026-10-03,
whiteoak-capital-multi-cap-fund-direct-growth,INF03VN01803,2026-08-31,2026-10-03,Nifty 500 Multicap 50:25:25 Total Return Index
whiteoak-capital-pharma-and-healthcare-fund-direct-growth,INF03VN01886,2026-08-31,2026-10-03,BSE Healthcare Total Return Index
